order_id,order_date,customer_id,product_category,region,quantity,unit_price,discount,payment_method,delivery_days,customer_rating,revenue,Year,month,Month_name,cost_price,Expenses,Profit_Loss
10001,2022-01-01,1102,Beauty,South,7,373.65,0.28,Wallet,10,4.7,2615.5499999999997,2022,1,January,261.55499999999995,1830.8849999999998,784.665
10002,2022-01-02,1435,Clothing,South,7,47.74,0.09,Card,6,3.9,334.18,2022,1,January,33.418,233.926,100.25400000000002
10003,2022-01-03,1860,Beauty,East,3,311.28,0.31,COD,6,2.5,933.8399999999999,2022,1,January,217.89599999999996,653.6879999999999,280.15200000000004
10004,2022-01-04,1270,Electronics,West,5,524.47,0.02,Wallet,6,1.6,2622.3500000000004,2022,1,January,367.129,1835.645,786.7050000000004
10005,2022-01-05,1106,Clothing,West,5,139.87,0.33,Wallet,4,4.9,699.35,2022,1,January,97.90899999999999,489.54499999999996,209.80500000000006
10006,2022-01-06,1071,Electronics,West,2,264.44,0.2,Card,3,3.3,528.88,2022,1,January,185.10799999999998,370.21599999999995,158.66400000000004
10007,2022-01-07,1700,Clothing,South,6,564.6,0.23,Card,1,1.8,3387.6000000000004,2022,1,January,395.21999999999997,2371.3199999999997,1016.2800000000007
10008,2022-01-08,1020,Beauty,North,6,265.71,0.13,Card,2,3.7,1594.2599999999998,2022,1,January,185.99699999999999,1115.982,478.2779999999998
10009,2022-01-09,1614,Clothing,South,6,224.65,0.27,Card,2,1.4,1347.9,2022,1,January,157.255,943.53,404.3700000000001
10010,2022-01-10,1121,Clothing,West,4,272.71,0.06,Card,10,4.5,1090.84,2022,1,January,190.89699999999996,763.5879999999999,327.25200000000007
10011,2022-01-11,1466,Clothing,West,6,318.88,0.02,COD,7,1.4,1913.28,2022,1,January,223.21599999999998,1339.2959999999998,573.9840000000002
10012,2022-01-12,1214,Electronics,West,3,384.71,0.14,COD,11,1.9,1154.1299999999999,2022,1,January,269.29699999999997,807.8909999999998,346.23900000000003
10013,2022-01-13,1330,Beauty,South,7,483.41,0.3,COD,6,1.4,3383.8700000000003,2022,1,January,338.387,2368.709,1015.1610000000005
10014,2022-01-14,1458,Clothing,West,7,279.48,0.26,COD,8,1.4,1956.3600000000001,2022,1,January,195.636,1369.452,586.9080000000001
10015,2022-01-15,1087,Clothing,East,4,493.23,0.18,Card,9,3.1,1972.92,2022,1,January,345.26099999999997,1381.0439999999999,591.8760000000002
10016,2022-01-16,1372,Clothing,West,2,327.23,0.2,Wallet,5,3.7,654.46,2022,1,January,229.061,458.122,196.33800000000002
10017,2022-01-17,1099,Clothing,North,3,213.01,0.05,Wallet,11,4.2,639.03,2022,1,January,149.10699999999997,447.3209999999999,191.70900000000006
10018,2022-01-18,1871,Electronics,East,7,399.9,0.29,COD,3,3.8,2799.2999999999997,2022,1,January,279.92999999999995,1959.5099999999998,839.79
10019,2022-01-19,1663,Home,West,3,434.87,0.28,Wallet,4,2.5,1304.6100000000001,2022,1,January,304.409,913.227,391.38300000000015
10020,2022-01-20,1130,Electronics,East,7,341.46,0.23,Card,11,3.2,2390.22,2022,1,January,239.02199999999996,1673.1539999999998,717.066
10021,2022-01-21,1661,Home,West,1,48.12,0.16,COD,8,4.7,48.12,2022,1,January,33.684,33.684,14.436
10022,2022-01-22,1308,Home,North,2,114.38,0.34,Card,3,2.6,228.76,2022,1,January,80.06599999999999,160.13199999999998,68.62800000000001
10023,2022-01-23,1769,Home,West,2,181.9,0.31,Card,2,2.0,363.8,2022,1,January,127.33,254.66,109.14000000000001
10024,2022-01-24,1343,Clothing,East,1,180.34,0.23,Card,7,3.1,180.34,2022,1,January,126.238,126.238,54.102000000000004
10025,2022-01-25,1491,Clothing,North,4,408.95,0.13,COD,4,2.2,1635.8,2022,1,January,286.265,1145.06,490.74
10026,2022-01-26,1413,Electronics,South,7,25.73,0.22,Card,8,2.0,180.11,2022,1,January,18.011,126.077,54.033000000000015
10027,2022-01-27,1805,Home,North,7,457.07,0.2,COD,1,4.1,3199.49,2022,1,January,319.94899999999996,2239.6429999999996,959.8470000000002
10028,2022-01-28,1385,Electronics,North,7,170.23,0.14,Card,8,4.6,1191.61,2022,1,January,119.16099999999999,834.127,357.48299999999995
10029,2022-01-29,1191,Clothing,North,6,196.36,0.11,Wallet,5,3.0,1178.16,2022,1,January,137.452,824.712,353.4480000000001
10030,2022-01-30,1955,Electronics,East,6,323.83,0.14,COD,2,4.1,1942.98,2022,1,January,226.68099999999998,1360.0859999999998,582.8940000000002
10031,2022-01-31,1276,Electronics,North,6,141.32,0.2,Card,1,1.7,847.92,2022,1,January,98.92399999999999,593.544,254.37599999999998
10032,2022-02-01,1160,Clothing,West,6,532.42,0.15,Card,6,3.2,3194.5199999999995,2022,2,February,372.69399999999996,2236.1639999999998,958.3559999999998
10033,2022-02-02,1459,Electronics,North,6,64.94,0.09,Wallet,9,3.5,389.64,2022,2,February,45.458,272.748,116.892
10034,2022-02-03,1313,Home,North,1,274.96,0.27,Card,9,3.0,274.96,2022,2,February,192.47199999999998,192.47199999999998,82.488
10035,2022-02-04,1021,Electronics,West,2,511.91,0.19,COD,9,1.5,1023.82,2022,2,February,358.337,716.674,307.1460000000001
10036,2022-02-05,1252,Electronics,West,4,375.27,0.02,COD,11,3.9,1501.08,2022,2,February,262.68899999999996,1050.7559999999999,450.32400000000007
10037,2022-02-06,1747,Clothing,South,3,186.01,0.13,Card,4,4.4,558.03,2022,2,February,130.207,390.621,167.409
10038,2022-02-07,1856,Electronics,North,6,261.14,0.31,Card,6,3.5,1566.84,2022,2,February,182.79799999999997,1096.7879999999998,470.05200000000013
10039,2022-02-08,1560,Electronics,East,1,428.42,0.26,COD,10,1.7,428.42,2022,2,February,299.894,299.894,128.526
10040,2022-02-09,1474,Home,North,7,584.36,0.11,Card,6,1.3,4090.52,2022,2,February,409.05199999999996,2863.3639999999996,1227.1560000000004
10041,2022-02-10,1058,Electronics,North,4,537.49,0.33,Card,5,2.2,2149.96,2022,2,February,376.243,1504.972,644.988
10042,2022-02-11,1510,Home,West,4,215.32,0.03,Card,2,1.1,861.28,2022,2,February,150.724,602.896,258.384
10043,2022-02-12,1681,Electronics,South,4,598.95,0.34,Card,7,4.4,2395.8,2022,2,February,419.265,1677.06,718.7400000000002
10044,2022-02-13,1475,Electronics,North,1,17.05,0.09,Card,1,3.8,17.05,2022,2,February,11.935,11.935,5.115
10045,2022-02-14,1699,Home,East,3,31.16,0.0,Wallet,6,3.3,93.48,2022,2,February,21.811999999999998,65.43599999999999,28.04400000000001
10046,2022-02-15,1975,Electronics,North,6,496.95,0.15,COD,5,4.6,2981.7,2022,2,February,347.86499999999995,2087.1899999999996,894.5100000000002
10047,2022-02-16,1782,Electronics,East,4,131.69,0.13,COD,5,1.4,526.76,2022,2,February,92.18299999999999,368.73199999999997,158.02800000000002
10048,2022-02-17,1189,Clothing,West,1,50.55,0.19,Card,8,3.9,50.55,2022,2,February,35.385,35.385,15.165
10049,2022-02-18,1957,Electronics,South,7,153.73,0.28,Card,9,1.6,1076.11,2022,2,February,107.61099999999999,753.2769999999999,322.83299999999997
10050,2022-02-19,1686,Home,North,2,264.27,0.29,Wallet,7,1.2,528.54,2022,2,February,184.98899999999998,369.97799999999995,158.562
10051,2022-02-20,1957,Electronics,South,7,442.38,0.14,COD,10,1.5,3096.66,2022,2,February,309.666,2167.662,928.998
10052,2022-02-21,1562,Home,North,1,380.24,0.15,Card,8,4.8,380.24,2022,2,February,266.168,266.168,114.072
10053,2022-02-22,1875,Beauty,East,1,154.01,0.05,Card,2,2.8,154.01,2022,2,February,107.80699999999999,107.80699999999999,46.203
10054,2022-02-23,1566,Clothing,South,1,309.41,0.02,COD,2,1.2,309.41,2022,2,February,216.58700000000002,216.58700000000002,92.82300000000001
10055,2022-02-24,1243,Beauty,North,4,556.84,0.22,Wallet,8,3.3,2227.36,2022,2,February,389.788,1559.152,668.2080000000001
10056,2022-02-25,1831,Clothing,West,1,491.78,0.02,Card,6,1.8,491.78,2022,2,February,344.246,344.246,147.534
10057,2022-02-26,1504,Beauty,East,2,204.07,0.26,COD,8,1.0,408.14,2022,2,February,142.849,285.698,122.44200000000001
10058,2022-02-27,1130,Electronics,South,4,589.62,0.19,COD,9,4.0,2358.48,2022,2,February,412.734,1650.936,707.5440000000001
10059,2022-02-28,1484,Home,North,7,429.54,0.07,Wallet,9,1.6,3006.78,2022,2,February,300.678,2104.746,902.0340000000001
10060,2022-03-01,1818,Clothing,South,2,51.53,0.19,Wallet,11,4.8,103.06,2022,3,March,36.071,72.142,30.918000000000006
10061,2022-03-02,1646,Clothing,North,5,35.57,0.06,Card,6,3.4,177.85,2022,3,March,24.898999999999997,124.49499999999999,53.355000000000004
10062,2022-03-03,1020,Clothing,East,7,113.52,0.15,COD,8,1.3,794.64,2022,3,March,79.464,556.248,238.39199999999994
10063,2022-03-04,1840,Home,West,1,440.8,0.28,COD,2,1.9,440.8,2022,3,March,308.56,308.56,132.24
10064,2022-03-05,1166,Electronics,East,6,122.49,0.16,COD,8,3.4,734.9399999999999,2022,3,March,85.743,514.458,220.48199999999997
10065,2022-03-06,1273,Electronics,South,6,314.22,0.05,Wallet,3,2.4,1885.3200000000002,2022,3,March,219.954,1319.7240000000002,565.596
10066,2022-03-07,1387,Home,South,4,69.56,0.25,Wallet,1,3.1,278.24,2022,3,March,48.692,194.768,83.47200000000001
10067,2022-03-08,1600,Home,North,6,553.72,0.07,Card,7,4.2,3322.32,2022,3,March,387.604,2325.624,996.6960000000004
10068,2022-03-09,1315,Beauty,East,7,216.22,0.26,Card,1,4.2,1513.54,2022,3,March,151.35399999999998,1059.4779999999998,454.0620000000001
10069,2022-03-10,1013,Home,North,4,546.26,0.17,COD,11,3.8,2185.04,2022,3,March,382.38199999999995,1529.5279999999998,655.5120000000002
10070,2022-03-11,1241,Beauty,East,7,567.75,0.16,Card,1,4.5,3974.25,2022,3,March,397.42499999999995,2781.9749999999995,1192.2750000000005
10071,2022-03-12,1776,Home,South,1,18.59,0.3,Card,1,1.8,18.59,2022,3,March,13.013,13.013,5.577
10072,2022-03-13,1345,Electronics,North,3,286.52,0.25,Card,4,1.7,859.56,2022,3,March,200.56399999999996,601.6919999999999,257.86800000000005
10073,2022-03-14,1564,Electronics,North,3,29.42,0.01,Wallet,4,4.2,88.26,2022,3,March,20.594,61.782000000000004,26.478
10074,2022-03-15,1897,Home,East,2,546.59,0.1,Card,10,2.3,1093.18,2022,3,March,382.613,765.226,327.95400000000006
10075,2022-03-16,1339,Clothing,West,1,318.27,0.3,COD,11,3.0,318.27,2022,3,March,222.789,222.789,95.481
10076,2022-03-17,1091,Electronics,East,6,58.84,0.01,Card,6,4.0,353.04,2022,3,March,41.188,247.12800000000001,105.912
10077,2022-03-18,1366,Clothing,West,1,79.51,0.19,Card,10,2.6,79.51,2022,3,March,55.657000000000004,55.657000000000004,23.853
10078,2022-03-19,1955,Beauty,East,5,239.35,0.25,Card,3,1.5,1196.75,2022,3,March,167.545,837.7249999999999,359.0250000000001
10079,2022-03-20,1454,Clothing,South,3,565.04,0.22,Card,10,3.7,1695.12,2022,3,March,395.52799999999996,1186.5839999999998,508.53600000000006
10080,2022-03-21,1427,Clothing,North,6,420.35,0.27,Wallet,6,4.3,2522.1000000000004,2022,3,March,294.245,1765.47,756.6300000000003
10081,2022-03-22,1508,Clothing,East,7,522.56,0.25,Wallet,7,1.1,3657.9199999999996,2022,3,March,365.7919999999999,2560.5439999999994,1097.3760000000002
10082,2022-03-23,1775,Electronics,South,7,229.38,0.24,COD,11,3.3,1605.6599999999999,2022,3,March,160.56599999999997,1123.9619999999998,481.6980000000001
10083,2022-03-24,1942,Clothing,East,3,40.28,0.29,Card,1,2.9,120.84,2022,3,March,28.195999999999998,84.588,36.25200000000001
10084,2022-03-25,1034,Clothing,North,1,584.98,0.23,COD,6,2.0,584.98,2022,3,March,409.486,409.486,175.49400000000003
10085,2022-03-26,1205,Electronics,East,6,25.05,0.14,Card,10,1.6,150.3,2022,3,March,17.535,105.21000000000001,45.09
10086,2022-03-27,1080,Home,West,2,569.38,0.17,Card,1,1.8,1138.76,2022,3,March,398.566,797.132,341.62800000000004
10087,2022-03-28,1931,Clothing,North,7,230.68,0.25,COD,7,3.9,1614.76,2022,3,March,161.476,1130.3319999999999,484.4280000000001
10088,2022-03-29,1561,Home,West,1,20.9,0.31,COD,10,3.1,20.9,2022,3,March,14.629999999999997,14.629999999999997,6.270000000000001
10089,2022-03-30,1871,Beauty,South,2,418.16,0.1,Card,5,4.9,836.32,2022,3,March,292.712,585.424,250.89600000000007
10090,2022-03-31,1387,Electronics,South,6,588.62,0.12,Card,10,2.0,3531.7200000000003,2022,3,March,412.034,2472.2039999999997,1059.5160000000005
10091,2022-04-01,1001,Home,East,3,579.89,0.33,Wallet,4,4.8,1739.67,2022,4,April,405.92299999999994,1217.7689999999998,521.9010000000003
10092,2022-04-02,1389,Clothing,West,5,109.15,0.2,Card,1,3.1,545.75,2022,4,April,76.405,382.025,163.72500000000002
10093,2022-04-03,1565,Beauty,West,4,121.03,0.06,Wallet,9,1.6,484.12,2022,4,April,84.72099999999999,338.88399999999996,145.23600000000005
10094,2022-04-04,1105,Electronics,North,3,345.84,0.23,Wallet,7,1.6,1037.52,2022,4,April,242.08799999999997,726.2639999999999,311.2560000000001
10095,2022-04-05,1771,Home,West,2,387.82,0.35,COD,2,3.4,775.64,2022,4,April,271.474,542.948,232.692
10096,2022-04-06,1821,Clothing,West,1,447.56,0.29,Card,4,4.3,447.56,2022,4,April,313.292,313.292,134.26800000000003
10097,2022-04-07,1476,Electronics,North,7,120.91,0.26,COD,4,4.0,846.37,2022,4,April,84.63699999999999,592.459,253.91100000000006
10098,2022-04-08,1702,Electronics,North,6,576.02,0.07,Card,8,3.6,3456.12,2022,4,April,403.21399999999994,2419.2839999999997,1036.8360000000002
10099,2022-04-09,1401,Home,West,3,388.66,0.31,Card,2,1.7,1165.98,2022,4,April,272.062,816.186,349.794
10100,2022-04-10,1729,Home,East,7,510.52,0.18,COD,11,1.4,3573.64,2022,4,April,357.364,2501.548,1072.092
10101,2022-04-11,1555,Electronics,North,7,330.94,0.31,Card,5,1.0,2316.58,2022,4,April,231.658,1621.606,694.9739999999999
10102,2022-04-12,1161,Clothing,North,5,257.35,0.12,Card,10,1.4,1286.75,2022,4,April,180.145,900.725,386.025
10103,2022-04-13,1201,Clothing,West,6,586.65,0.02,COD,8,4.1,3519.8999999999996,2022,4,April,410.655,2463.93,1055.9699999999998
10104,2022-04-14,1957,Home,West,2,355.54,0.17,COD,6,4.6,711.08,2022,4,April,248.878,497.756,213.32400000000007
10105,2022-04-15,1995,Electronics,North,6,522.12,0.09,Card,4,2.0,3132.7200000000003,2022,4,April,365.484,2192.904,939.8160000000003
10106,2022-04-16,1269,Beauty,West,6,572.68,0.25,Card,5,4.2,3436.08,2022,4,April,400.8759999999999,2405.2559999999994,1030.8240000000005
10107,2022-04-17,1862,Electronics,North,1,410.08,0.33,Card,2,1.8,410.08,2022,4,April,287.056,287.056,123.024
10108,2022-04-18,1815,Clothing,East,4,336.13,0.24,Card,5,2.0,1344.52,2022,4,April,235.29099999999997,941.1639999999999,403.3560000000001
10109,2022-04-19,1270,Electronics,East,7,17.05,0.31,COD,3,1.9,119.35000000000001,2022,4,April,11.935,83.545,35.80500000000001
10110,2022-04-20,1455,Electronics,North,2,38.41,0.16,COD,3,1.2,76.82,2022,4,April,26.886999999999997,53.773999999999994,23.046
10111,2022-04-21,1461,Clothing,North,1,132.5,0.27,COD,7,1.8,132.5,2022,4,April,92.75,92.75,39.75
10112,2022-04-22,1726,Electronics,South,7,123.81,0.3,Card,3,2.5,866.6700000000001,2022,4,April,86.667,606.669,260.0010000000001
10113,2022-04-23,1251,Home,South,4,164.03,0.25,Card,4,2.6,656.12,2022,4,April,114.821,459.284,196.836
10114,2022-04-24,1701,Electronics,West,1,193.39,0.18,Card,7,2.2,193.39,2022,4,April,135.373,135.373,58.016999999999996
10115,2022-04-25,1295,Clothing,West,4,225.64,0.22,Card,3,3.1,902.56,2022,4,April,157.94799999999998,631.7919999999999,270.76800000000003
10116,2022-04-26,1724,Electronics,North,4,261.01,0.25,Card,10,2.5,1044.04,2022,4,April,182.707,730.828,313.212
10117,2022-04-27,1719,Electronics,North,4,72.84,0.09,Card,10,4.9,291.36,2022,4,April,50.988,203.952,87.40800000000002
10118,2022-04-28,1748,Electronics,South,1,39.78,0.28,Card,2,4.2,39.78,2022,4,April,27.846,27.846,11.934000000000001
10119,2022-04-29,1337,Clothing,South,6,409.26,0.33,COD,10,4.7,2455.56,2022,4,April,286.48199999999997,1718.8919999999998,736.6680000000001
10120,2022-04-30,1878,Clothing,North,4,329.34,0.16,COD,7,3.2,1317.36,2022,4,April,230.53799999999995,922.1519999999998,395.2080000000001
10121,2022-05-01,1052,Clothing,East,6,274.82,0.25,COD,5,3.7,1648.92,2022,5,May,192.374,1154.244,494.67600000000016
10122,2022-05-02,1791,Clothing,East,7,386.15,0.26,Card,1,1.7,2703.0499999999997,2022,5,May,270.30499999999995,1892.1349999999998,810.915
10123,2022-05-03,1921,Clothing,West,7,499.19,0.23,Wallet,10,4.0,3494.33,2022,5,May,349.433,2446.031,1048.299
10124,2022-05-04,1216,Electronics,North,2,265.2,0.19,Wallet,8,1.9,530.4,2022,5,May,185.64,371.28,159.12
10125,2022-05-05,1763,Clothing,North,5,390.05,0.31,Card,3,1.6,1950.25,2022,5,May,273.03499999999997,1365.1749999999997,585.0750000000003
10126,2022-05-06,1187,Beauty,West,6,572.84,0.16,COD,11,1.2,3437.04,2022,5,May,400.988,2405.928,1031.112
10127,2022-05-07,1379,Clothing,South,7,506.18,0.02,Wallet,7,2.9,3543.26,2022,5,May,354.32599999999996,2480.2819999999997,1062.9780000000005
10128,2022-05-08,1492,Home,South,5,264.21,0.3,COD,6,2.1,1321.05,2022,5,May,184.94699999999997,924.7349999999999,396.31500000000005
10129,2022-05-09,1040,Electronics,East,4,392.16,0.24,Card,10,4.9,1568.64,2022,5,May,274.512,1098.048,470.5920000000001
10130,2022-05-10,1156,Home,North,5,118.59,0.3,COD,6,2.0,592.95,2022,5,May,83.01299999999999,415.06499999999994,177.8850000000001
10131,2022-05-11,1014,Home,South,5,342.91,0.05,COD,8,4.5,1714.5500000000002,2022,5,May,240.037,1200.185,514.3650000000002
10132,2022-05-12,1812,Clothing,East,4,589.08,0.01,Card,4,2.3,2356.32,2022,5,May,412.356,1649.424,706.8960000000002
10133,2022-05-13,1064,Beauty,East,6,318.21,0.33,Wallet,4,4.0,1909.2599999999998,2022,5,May,222.74699999999999,1336.482,572.7779999999998
10134,2022-05-14,1856,Electronics,East,4,557.67,0.05,COD,3,3.6,2230.68,2022,5,May,390.36899999999997,1561.4759999999999,669.204
10135,2022-05-15,1838,Electronics,South,2,253.29,0.28,Card,1,3.2,506.58,2022,5,May,177.303,354.606,151.974
10136,2022-05-16,1520,Home,South,3,599.32,0.29,COD,10,2.7,1797.96,2022,5,May,419.524,1258.5720000000001,539.3879999999999
10137,2022-05-17,1343,Home,North,1,353.84,0.25,COD,3,3.7,353.84,2022,5,May,247.68799999999996,247.68799999999996,106.15200000000002
10138,2022-05-18,1128,Electronics,North,4,39.73,0.05,Card,1,2.6,158.92,2022,5,May,27.810999999999996,111.24399999999999,47.676
10139,2022-05-19,1647,Electronics,East,4,358.25,0.23,Card,6,3.2,1433.0,2022,5,May,250.77499999999998,1003.0999999999999,429.9000000000001
10140,2022-05-20,1471,Electronics,East,5,175.63,0.31,Wallet,8,3.4,878.15,2022,5,May,122.94099999999999,614.7049999999999,263.44500000000005
10141,2022-05-21,1062,Electronics,South,2,34.0,0.15,COD,3,2.1,68.0,2022,5,May,23.799999999999997,47.599999999999994,20.400000000000006
10142,2022-05-22,1138,Home,South,7,495.2,0.14,Card,4,2.4,3466.4,2022,5,May,346.64,2426.48,1039.92
10143,2022-05-23,1498,Clothing,North,7,176.3,0.16,Card,5,1.1,1234.1000000000001,2022,5,May,123.41,863.87,370.23000000000013
10144,2022-05-24,1592,Electronics,North,5,480.98,0.03,COD,7,4.4,2404.9,2022,5,May,336.686,1683.4299999999998,721.4700000000003
10145,2022-05-25,1391,Clothing,West,6,183.61,0.31,COD,11,4.0,1101.66,2022,5,May,128.52700000000002,771.162,330.49800000000005
10146,2022-05-26,1674,Electronics,North,4,128.68,0.3,Card,6,1.7,514.72,2022,5,May,90.076,360.304,154.41600000000005
10147,2022-05-27,1418,Electronics,South,4,584.75,0.35,COD,2,2.4,2339.0,2022,5,May,409.325,1637.3,701.7
10148,2022-05-28,1288,Clothing,East,5,226.56,0.2,Card,7,2.7,1132.8,2022,5,May,158.59199999999998,792.9599999999999,339.84000000000003
10149,2022-05-29,1378,Beauty,West,4,366.81,0.26,Card,8,2.3,1467.24,2022,5,May,256.767,1027.068,440.172
10150,2022-05-30,1772,Home,North,6,371.84,0.07,COD,1,4.2,2231.04,2022,5,May,260.28799999999995,1561.7279999999996,669.3120000000004
10151,2022-05-31,1489,Electronics,North,3,342.88,0.23,Card,6,3.9,1028.6399999999999,2022,5,May,240.016,720.048,308.59199999999987
10152,2022-06-01,1230,Beauty,South,1,550.1,0.23,Wallet,11,4.1,550.1,2022,6,June,385.07,385.07,165.03000000000003
10153,2022-06-02,1040,Home,West,1,409.55,0.32,Card,9,4.6,409.55,2022,6,June,286.685,286.685,122.86500000000001
10154,2022-06-03,1027,Home,North,1,251.18,0.29,COD,7,3.4,251.18,2022,6,June,175.826,175.826,75.35400000000001
10155,2022-06-04,1134,Clothing,East,3,519.49,0.33,Card,5,3.5,1558.47,2022,6,June,363.643,1090.9289999999999,467.54100000000017
10156,2022-06-05,1200,Clothing,South,4,120.92,0.3,Card,10,3.9,483.68,2022,6,June,84.64399999999999,338.57599999999996,145.10400000000004
10157,2022-06-06,1839,Electronics,West,5,333.38,0.3,COD,11,3.7,1666.9,2022,6,June,233.36599999999999,1166.83,500.07000000000016
10158,2022-06-07,1779,Electronics,North,7,571.07,0.02,COD,10,4.5,3997.4900000000002,2022,6,June,399.749,2798.2430000000004,1199.2469999999998
10159,2022-06-08,1929,Electronics,North,2,380.86,0.3,COD,9,4.1,761.72,2022,6,June,266.602,533.204,228.51600000000008
10160,2022-06-09,1032,Electronics,West,4,492.93,0.21,COD,2,1.5,1971.72,2022,6,June,345.051,1380.204,591.5160000000001
10161,2022-06-10,1047,Clothing,South,3,397.33,0.13,COD,7,4.7,1191.99,2022,6,June,278.131,834.3929999999999,357.5970000000001
10162,2022-06-11,1502,Home,West,6,506.03,0.02,COD,9,3.7,3036.18,2022,6,June,354.22099999999995,2125.3259999999996,910.8540000000003
10163,2022-06-12,1406,Clothing,West,3,567.53,0.24,COD,2,1.5,1702.59,2022,6,June,397.27099999999996,1191.8129999999999,510.77700000000004
10164,2022-06-13,1573,Electronics,South,7,174.66,0.11,COD,11,4.1,1222.62,2022,6,June,122.26199999999999,855.834,366.78599999999994
10165,2022-06-14,1727,Beauty,North,1,114.25,0.16,COD,10,2.4,114.25,2022,6,June,79.975,79.975,34.275000000000006
10166,2022-06-15,1804,Beauty,East,4,298.13,0.24,Wallet,6,4.2,1192.52,2022,6,June,208.69099999999997,834.7639999999999,357.7560000000001
10167,2022-06-16,1098,Home,South,7,425.59,0.32,Card,9,4.8,2979.1299999999997,2022,6,June,297.91299999999995,2085.3909999999996,893.739
10168,2022-06-17,1683,Beauty,East,1,147.91,0.29,COD,3,2.0,147.91,2022,6,June,103.53699999999999,103.53699999999999,44.373000000000005
10169,2022-06-18,1871,Clothing,North,2,17.4,0.16,Card,8,4.4,34.8,2022,6,June,12.179999999999998,24.359999999999996,10.440000000000001
10170,2022-06-19,1725,Beauty,West,6,215.62,0.14,Card,5,4.1,1293.72,2022,6,June,150.934,905.604,388.116
10171,2022-06-20,1986,Electronics,East,1,581.78,0.08,Card,7,3.7,581.78,2022,6,June,407.246,407.246,174.534
10172,2022-06-21,1546,Clothing,North,2,421.56,0.13,Wallet,3,2.5,843.12,2022,6,June,295.092,590.184,252.93600000000004
10173,2022-06-22,1960,Electronics,North,3,249.78,0.04,COD,8,1.4,749.34,2022,6,June,174.846,524.538,224.80200000000002
10174,2022-06-23,1738,Electronics,West,1,127.66,0.34,COD,2,2.9,127.66,2022,6,June,89.362,89.362,38.298
10175,2022-06-24,1612,Electronics,West,1,223.31,0.2,Card,8,1.4,223.31,2022,6,June,156.31699999999998,156.31699999999998,66.99300000000002
10176,2022-06-25,1942,Clothing,North,5,114.36,0.04,COD,2,3.0,571.8,2022,6,June,80.05199999999999,400.26,171.53999999999996
10177,2022-06-26,1461,Home,North,6,77.19,0.12,Wallet,7,4.3,463.14,2022,6,June,54.032999999999994,324.198,138.942
10178,2022-06-27,1642,Clothing,East,6,545.44,0.19,Card,2,5.0,3272.6400000000003,2022,6,June,381.808,2290.848,981.7920000000004
10179,2022-06-28,1768,Electronics,North,7,598.63,0.19,Card,7,1.8,4190.41,2022,6,June,419.041,2933.287,1257.123
10180,2022-06-29,1004,Home,North,3,111.01,0.01,Card,1,1.8,333.03000000000003,2022,6,June,77.707,233.12099999999998,99.90900000000005
10181,2022-06-30,1217,Clothing,East,5,46.9,0.33,COD,6,4.2,234.5,2022,6,June,32.83,164.14999999999998,70.35000000000002
10182,2022-07-01,1502,Clothing,South,7,207.89,0.1,COD,10,2.9,1455.23,2022,7,July,145.52299999999997,1018.6609999999998,436.5690000000002
10183,2022-07-02,1766,Home,East,2,285.07,0.01,COD,7,4.7,570.14,2022,7,July,199.54899999999998,399.09799999999996,171.04200000000003
10184,2022-07-03,1397,Electronics,East,7,134.82,0.03,COD,4,4.1,943.74,2022,7,July,94.374,660.6179999999999,283.12200000000007
10185,2022-07-04,1870,Electronics,West,2,191.33,0.2,Card,11,3.9,382.66,2022,7,July,133.931,267.862,114.798
10186,2022-07-05,1794,Beauty,East,3,132.51,0.05,COD,11,1.4,397.53,2022,7,July,92.75699999999999,278.27099999999996,119.25900000000001
10187,2022-07-06,1392,Electronics,North,6,467.94,0.01,Card,1,1.1,2807.64,2022,7,July,327.558,1965.348,842.2919999999999
10188,2022-07-07,1206,Clothing,North,2,431.86,0.13,Card,6,2.3,863.72,2022,7,July,302.30199999999996,604.6039999999999,259.1160000000001
10189,2022-07-08,1014,Beauty,North,3,386.45,0.22,COD,4,1.9,1159.35,2022,7,July,270.515,811.545,347.80499999999995
10190,2022-07-09,1857,Home,South,7,241.52,0.04,Wallet,3,3.8,1690.64,2022,7,July,169.064,1183.4479999999999,507.19200000000023
10191,2022-07-10,1553,Electronics,North,2,546.79,0.11,COD,4,2.8,1093.58,2022,7,July,382.75299999999993,765.5059999999999,328.07400000000007
10192,2022-07-11,1891,Electronics,South,4,582.18,0.15,COD,6,3.1,2328.72,2022,7,July,407.52599999999995,1630.1039999999998,698.616
10193,2022-07-12,1460,Electronics,North,1,116.58,0.06,Card,5,4.3,116.58,2022,7,July,81.606,81.606,34.974000000000004
10194,2022-07-13,1690,Clothing,East,7,145.46,0.18,Card,2,2.9,1018.22,2022,7,July,101.822,712.754,305.466
10195,2022-07-14,1574,Clothing,West,6,322.49,0.03,Card,2,3.2,1934.94,2022,7,July,225.743,1354.458,580.482
10196,2022-07-15,1863,Electronics,North,7,68.38,0.02,Wallet,3,4.4,478.65999999999997,2022,7,July,47.86599999999999,335.06199999999995,143.598
10197,2022-07-16,1742,Beauty,South,4,270.32,0.18,Wallet,11,2.7,1081.28,2022,7,July,189.224,756.896,324.384
10198,2022-07-17,1240,Clothing,South,3,355.35,0.09,Wallet,6,1.3,1066.0500000000002,2022,7,July,248.745,746.235,319.81500000000017
10199,2022-07-18,1563,Electronics,West,3,320.41,0.03,Card,1,3.1,961.23,2022,7,July,224.287,672.861,288.369
10200,2022-07-19,1095,Clothing,North,7,208.58,0.15,COD,11,3.3,1460.0600000000002,2022,7,July,146.006,1022.042,438.01800000000014
10201,2022-07-20,1899,Home,East,4,332.33,0.32,COD,7,3.0,1329.32,2022,7,July,232.63099999999997,930.5239999999999,398.79600000000005
10202,2022-07-21,1733,Electronics,North,7,575.9,0.25,COD,8,2.0,4031.2999999999997,2022,7,July,403.12999999999994,2821.9099999999994,1209.3900000000003
10203,2022-07-22,1484,Electronics,North,1,135.52,0.29,COD,7,1.9,135.52,2022,7,July,94.864,94.864,40.656000000000006
10204,2022-07-23,1406,Home,West,1,398.08,0.31,COD,11,2.5,398.08,2022,7,July,278.65599999999995,278.65599999999995,119.42400000000004
10205,2022-07-24,1230,Clothing,North,5,40.39,0.34,Card,3,1.7,201.95,2022,7,July,28.273,141.365,60.58499999999998
10206,2022-07-25,1748,Clothing,East,2,53.85,0.27,Card,6,3.7,107.7,2022,7,July,37.695,75.39,32.31
10207,2022-07-26,1654,Clothing,South,5,337.82,0.21,Card,4,3.5,1689.1,2022,7,July,236.474,1182.37,506.73
10208,2022-07-27,1170,Electronics,West,1,76.39,0.13,Card,5,3.5,76.39,2022,7,July,53.473,53.473,22.917
10209,2022-07-28,1540,Electronics,East,4,28.07,0.06,Card,3,1.9,112.28,2022,7,July,19.648999999999997,78.59599999999999,33.68400000000001
10210,2022-07-29,1035,Clothing,South,2,115.34,0.24,Card,5,2.0,230.68,2022,7,July,80.738,161.476,69.20400000000001
10211,2022-07-30,1524,Electronics,West,4,345.44,0.35,Card,6,4.1,1381.76,2022,7,July,241.808,967.232,414.528
10212,2022-07-31,1159,Electronics,West,5,426.45,0.16,COD,8,3.8,2132.25,2022,7,July,298.515,1492.5749999999998,639.6750000000002
10213,2022-08-01,1838,Home,South,3,133.45,0.25,Wallet,6,4.5,400.34999999999997,2022,8,August,93.41499999999999,280.245,120.10499999999996
10214,2022-08-02,1698,Beauty,South,4,405.93,0.17,Wallet,9,2.6,1623.72,2022,8,August,284.151,1136.604,487.116
10215,2022-08-03,1242,Home,East,5,121.75,0.15,Card,10,3.2,608.75,2022,8,August,85.225,426.125,182.625
10216,2022-08-04,1085,Beauty,North,5,373.87,0.14,Card,10,4.0,1869.35,2022,8,August,261.709,1308.545,560.8049999999998
10217,2022-08-05,1795,Electronics,North,5,256.0,0.18,Card,10,4.9,1280.0,2022,8,August,179.2,896.0,384.0
10218,2022-08-06,1577,Beauty,North,3,397.47,0.13,Wallet,10,5.0,1192.41,2022,8,August,278.229,834.6869999999999,357.7230000000002
10219,2022-08-07,1681,Electronics,North,3,597.11,0.26,COD,4,5.0,1791.33,2022,8,August,417.977,1253.931,537.3989999999999
10220,2022-08-08,1556,Beauty,North,7,563.62,0.31,Card,2,4.6,3945.34,2022,8,August,394.534,2761.738,1183.6020000000003
10221,2022-08-09,1573,Beauty,East,3,17.5,0.31,Wallet,9,3.6,52.5,2022,8,August,12.25,36.75,15.75
10222,2022-08-10,1952,Home,West,2,532.98,0.08,Card,11,1.0,1065.96,2022,8,August,373.086,746.172,319.788
10223,2022-08-11,1645,Beauty,East,3,53.9,0.31,Wallet,3,3.8,161.7,2022,8,August,37.73,113.19,48.50999999999999
10224,2022-08-12,1795,Clothing,East,3,572.53,0.12,Card,11,2.0,1717.59,2022,8,August,400.77099999999996,1202.3129999999999,515.277
10225,2022-08-13,1027,Electronics,East,3,179.87,0.11,Card,7,1.2,539.61,2022,8,August,125.90899999999999,377.727,161.88300000000004
10226,2022-08-14,1619,Clothing,West,4,238.49,0.25,COD,4,3.8,953.96,2022,8,August,166.94299999999998,667.7719999999999,286.1880000000001
10227,2022-08-15,1555,Clothing,East,3,68.61,0.11,Wallet,1,4.0,205.82999999999998,2022,8,August,48.026999999999994,144.081,61.748999999999995
10228,2022-08-16,1339,Electronics,East,2,80.68,0.02,Wallet,8,3.6,161.36,2022,8,August,56.476,112.952,48.408000000000015
10229,2022-08-17,1797,Clothing,West,5,440.14,0.13,COD,4,2.5,2200.7,2022,8,August,308.09799999999996,1540.4899999999998,660.21
10230,2022-08-18,1957,Beauty,East,4,567.43,0.25,Card,11,3.0,2269.72,2022,8,August,397.20099999999996,1588.8039999999999,680.9159999999999
10231,2022-08-19,1330,Electronics,North,1,372.29,0.11,Card,6,4.7,372.29,2022,8,August,260.603,260.603,111.68700000000001
10232,2022-08-20,1639,Home,South,3,433.77,0.22,Wallet,7,3.9,1301.31,2022,8,August,303.63899999999995,910.9169999999999,390.39300000000003
10233,2022-08-21,1505,Beauty,East,7,460.75,0.23,COD,8,3.0,3225.25,2022,8,August,322.525,2257.6749999999997,967.5750000000003
10234,2022-08-22,1347,Beauty,South,7,168.75,0.26,COD,10,3.4,1181.25,2022,8,August,118.12499999999999,826.8749999999999,354.3750000000001
10235,2022-08-23,1472,Beauty,East,5,41.46,0.31,Card,2,4.7,207.3,2022,8,August,29.022,145.10999999999999,62.190000000000026
10236,2022-08-24,1230,Clothing,East,5,16.1,0.15,COD,9,2.6,80.5,2022,8,August,11.27,56.349999999999994,24.150000000000006
10237,2022-08-25,1189,Beauty,North,4,220.13,0.06,Card,10,1.4,880.52,2022,8,August,154.09099999999998,616.3639999999999,264.15600000000006
10238,2022-08-26,1224,Home,West,7,156.26,0.11,COD,3,2.3,1093.82,2022,8,August,109.38199999999999,765.674,328.14599999999996
10239,2022-08-27,1384,Electronics,South,1,51.46,0.15,Wallet,1,2.7,51.46,2022,8,August,36.022,36.022,15.438000000000002
10240,2022-08-28,1376,Clothing,West,6,120.02,0.25,COD,2,2.1,720.12,2022,8,August,84.014,504.08399999999995,216.03600000000006
10241,2022-08-29,1282,Home,North,7,87.83,0.0,COD,8,3.1,614.81,2022,8,August,61.480999999999995,430.36699999999996,184.44299999999998
10242,2022-08-30,1957,Electronics,North,7,550.2,0.11,Card,10,2.2,3851.4000000000005,2022,8,August,385.14,2695.98,1155.4200000000005
10243,2022-08-31,1632,Clothing,South,2,97.06,0.27,Card,6,1.4,194.12,2022,8,August,67.942,135.884,58.23600000000002
10244,2022-09-01,1627,Home,West,6,329.52,0.23,Wallet,11,1.8,1977.12,2022,9,September,230.66399999999996,1383.9839999999997,593.1360000000002
10245,2022-09-02,1972,Electronics,North,5,361.97,0.26,Card,1,4.7,1809.8500000000001,2022,9,September,253.379,1266.895,542.9550000000002
10246,2022-09-03,1744,Clothing,East,6,332.94,0.28,Wallet,11,3.5,1997.6399999999999,2022,9,September,233.058,1398.348,599.2919999999999
10247,2022-09-04,1258,Home,East,7,72.95,0.27,COD,9,2.3,510.65000000000003,2022,9,September,51.065,357.455,153.19500000000005
10248,2022-09-05,1358,Clothing,East,5,201.5,0.24,COD,7,2.5,1007.5,2022,9,September,141.04999999999998,705.2499999999999,302.2500000000001
10249,2022-09-06,1709,Electronics,West,6,44.99,0.15,Wallet,10,3.0,269.94,2022,9,September,31.493,188.958,80.982
10250,2022-09-07,1455,Electronics,East,5,246.47,0.34,COD,11,3.7,1232.35,2022,9,September,172.529,862.645,369.7049999999999
10251,2022-09-08,1410,Clothing,East,5,125.33,0.2,Wallet,3,3.3,626.65,2022,9,September,87.731,438.655,187.995
10252,2022-09-09,1648,Beauty,North,4,343.56,0.07,Card,7,4.7,1374.24,2022,9,September,240.492,961.968,412.27200000000005
10253,2022-09-10,1317,Electronics,North,1,420.29,0.1,COD,6,3.5,420.29,2022,9,September,294.203,294.203,126.08700000000005
10254,2022-09-11,1676,Clothing,East,5,326.29,0.24,COD,3,4.6,1631.45,2022,9,September,228.403,1142.0149999999999,489.4350000000002
10255,2022-09-12,1224,Electronics,East,2,269.03,0.32,Card,8,1.0,538.06,2022,9,September,188.32099999999997,376.64199999999994,161.418
10256,2022-09-13,1818,Electronics,North,7,241.59,0.06,COD,1,4.6,1691.13,2022,9,September,169.113,1183.791,507.33900000000017
10257,2022-09-14,1233,Home,South,7,507.39,0.03,COD,5,3.9,3551.73,2022,9,September,355.17299999999994,2486.211,1065.5190000000002
10258,2022-09-15,1683,Home,West,2,143.33,0.31,Wallet,8,1.7,286.66,2022,9,September,100.331,200.662,85.99800000000002
10259,2022-09-16,1663,Electronics,West,3,444.52,0.32,Card,3,2.1,1333.56,2022,9,September,311.164,933.492,400.068
10260,2022-09-17,1974,Clothing,North,5,458.13,0.1,COD,11,3.2,2290.65,2022,9,September,320.691,1603.455,687.1950000000002
10261,2022-09-18,1826,Electronics,West,5,260.23,0.13,Card,10,1.5,1301.15,2022,9,September,182.161,910.8050000000001,390.345
10262,2022-09-19,1373,Clothing,North,5,188.92,0.23,COD,11,4.1,944.5999999999999,2022,9,September,132.24399999999997,661.2199999999998,283.3800000000001
10263,2022-09-20,1671,Home,North,6,290.27,0.12,COD,6,4.2,1741.62,2022,9,September,203.18899999999996,1219.1339999999998,522.4860000000001
10264,2022-09-21,1607,Electronics,North,5,69.53,0.31,COD,10,2.2,347.65,2022,9,September,48.671,243.355,104.29499999999999
10265,2022-09-22,1471,Electronics,North,5,41.87,0.04,Card,11,1.3,209.35,2022,9,September,29.308999999999997,146.545,62.80500000000001
10266,2022-09-23,1232,Clothing,South,2,80.29,0.01,Card,2,5.0,160.58,2022,9,September,56.203,112.406,48.17400000000001
10267,2022-09-24,1691,Beauty,East,1,124.48,0.07,Card,9,2.0,124.48,2022,9,September,87.136,87.136,37.34400000000001
10268,2022-09-25,1112,Beauty,East,1,309.94,0.1,Card,2,1.3,309.94,2022,9,September,216.958,216.958,92.982
10269,2022-09-26,1829,Electronics,South,3,511.74,0.04,COD,5,2.3,1535.22,2022,9,September,358.21799999999996,1074.654,460.56600000000003
10270,2022-09-27,1496,Home,West,2,152.85,0.02,Wallet,3,4.9,305.7,2022,9,September,106.99499999999999,213.98999999999998,91.71000000000001
10271,2022-09-28,1441,Clothing,West,5,562.07,0.26,Card,10,4.2,2810.3500000000004,2022,9,September,393.449,1967.2450000000001,843.1050000000002
10272,2022-09-29,1563,Clothing,East,1,573.62,0.06,Card,9,2.9,573.62,2022,9,September,401.534,401.534,172.086
10273,2022-09-30,1267,Home,West,4,575.96,0.32,COD,9,2.2,2303.84,2022,9,September,403.172,1612.688,691.152
10274,2022-10-01,1509,Beauty,East,4,504.97,0.13,COD,7,2.7,2019.88,2022,10,October,353.479,1413.916,605.9640000000002
10275,2022-10-02,1806,Beauty,East,4,227.84,0.23,Card,10,1.1,911.36,2022,10,October,159.488,637.952,273.408
10276,2022-10-03,1385,Clothing,South,5,57.52,0.08,Card,5,3.9,287.6,2022,10,October,40.264,201.32000000000002,86.28
10277,2022-10-04,1386,Clothing,West,5,347.76,0.08,Card,9,1.4,1738.8,2022,10,October,243.432,1217.1599999999999,521.6400000000001
10278,2022-10-05,1112,Home,South,3,341.83,0.2,Card,7,3.1,1025.49,2022,10,October,239.28099999999998,717.843,307.64700000000005
10279,2022-10-06,1612,Electronics,East,7,512.24,0.2,Card,2,3.3,3585.6800000000003,2022,10,October,358.568,2509.9759999999997,1075.7040000000006
10280,2022-10-07,1624,Clothing,East,3,597.65,0.27,Card,10,1.0,1792.9499999999998,2022,10,October,418.35499999999996,1255.0649999999998,537.885
10281,2022-10-08,1951,Clothing,East,3,312.27,0.27,COD,1,4.9,936.81,2022,10,October,218.58899999999997,655.7669999999999,281.043
10282,2022-10-09,1080,Home,North,6,216.94,0.23,COD,10,2.2,1301.6399999999999,2022,10,October,151.85799999999998,911.1479999999999,390.49199999999996
10283,2022-10-10,1698,Electronics,North,4,123.75,0.16,Card,10,1.3,495.0,2022,10,October,86.625,346.5,148.5
10284,2022-10-11,1112,Electronics,North,5,17.81,0.31,COD,4,4.4,89.05,2022,10,October,12.466999999999999,62.334999999999994,26.715000000000003
10285,2022-10-12,1001,Beauty,South,4,312.83,0.22,COD,10,1.6,1251.32,2022,10,October,218.98099999999997,875.9239999999999,375.3960000000001
10286,2022-10-13,1641,Electronics,East,3,339.98,0.35,Wallet,8,1.1,1019.94,2022,10,October,237.986,713.958,305.9820000000001
10287,2022-10-14,1219,Clothing,West,5,497.59,0.29,Card,6,3.0,2487.95,2022,10,October,348.313,1741.565,746.3849999999998
10288,2022-10-15,1565,Electronics,South,2,310.18,0.02,COD,2,1.5,620.36,2022,10,October,217.126,434.252,186.108
10289,2022-10-16,1854,Electronics,South,1,551.13,0.11,COD,5,4.9,551.13,2022,10,October,385.791,385.791,165.339
10290,2022-10-17,1996,Electronics,South,1,382.43,0.2,Card,9,1.0,382.43,2022,10,October,267.70099999999996,267.70099999999996,114.72900000000004
10291,2022-10-18,1735,Electronics,West,3,506.6,0.25,Wallet,6,1.2,1519.8000000000002,2022,10,October,354.62,1063.8600000000001,455.94000000000005
10292,2022-10-19,1224,Beauty,East,7,101.76,0.19,COD,6,4.3,712.32,2022,10,October,71.232,498.624,213.69600000000003
10293,2022-10-20,1384,Electronics,North,4,515.37,0.28,COD,7,2.0,2061.48,2022,10,October,360.75899999999996,1443.0359999999998,618.4440000000002
10294,2022-10-21,1402,Beauty,East,2,409.96,0.1,Card,11,4.6,819.92,2022,10,October,286.972,573.944,245.976
10295,2022-10-22,1637,Clothing,East,5,114.59,0.06,Card,5,2.2,572.95,2022,10,October,80.213,401.06499999999994,171.8850000000001
10296,2022-10-23,1129,Clothing,South,7,126.01,0.02,COD,3,1.3,882.07,2022,10,October,88.207,617.449,264.6210000000001
10297,2022-10-24,1052,Clothing,South,4,557.0,0.2,Card,3,1.0,2228.0,2022,10,October,389.9,1559.6,668.4000000000001
10298,2022-10-25,1683,Clothing,South,3,33.85,0.24,COD,5,2.1,101.55000000000001,2022,10,October,23.695,71.08500000000001,30.465000000000003
10299,2022-10-26,1729,Home,North,4,285.58,0.11,Card,4,2.9,1142.32,2022,10,October,199.90599999999998,799.6239999999999,342.696
10300,2022-10-27,1671,Electronics,North,3,198.38,0.21,COD,5,1.0,595.14,2022,10,October,138.86599999999999,416.59799999999996,178.54200000000003
10301,2022-10-28,1709,Clothing,North,6,404.07,0.02,COD,9,3.3,2424.42,2022,10,October,282.849,1697.094,727.326
10302,2022-10-29,1415,Beauty,East,1,506.18,0.03,Card,5,2.3,506.18,2022,10,October,354.32599999999996,354.32599999999996,151.85400000000004
10303,2022-10-30,1246,Beauty,South,7,225.82,0.25,COD,4,2.6,1580.74,2022,10,October,158.07399999999998,1106.5179999999998,474.2220000000002
10304,2022-10-31,1835,Beauty,West,1,264.74,0.13,Card,4,2.0,264.74,2022,10,October,185.31799999999998,185.31799999999998,79.42200000000003
10305,2022-11-01,1438,Clothing,East,4,589.42,0.23,Card,1,3.1,2357.68,2022,11,November,412.59399999999994,1650.3759999999997,707.3040000000001
10306,2022-11-02,1202,Home,North,2,473.59,0.29,Card,10,1.9,947.18,2022,11,November,331.513,663.026,284.154
10307,2022-11-03,1183,Clothing,West,5,539.86,0.3,Card,4,1.5,2699.3,2022,11,November,377.902,1889.51,809.7900000000002
10308,2022-11-04,1122,Clothing,West,3,271.68,0.06,Card,4,4.6,815.04,2022,11,November,190.176,570.528,244.51199999999994
10309,2022-11-05,1400,Electronics,South,5,151.93,0.17,Wallet,9,2.6,759.6500000000001,2022,11,November,106.351,531.755,227.8950000000001
10310,2022-11-06,1766,Clothing,West,1,255.94,0.26,Card,11,1.3,255.94,2022,11,November,179.158,179.158,76.78200000000001
10311,2022-11-07,1293,Electronics,North,2,433.91,0.27,Card,4,1.9,867.82,2022,11,November,303.737,607.474,260.346
10312,2022-11-08,1279,Electronics,South,2,79.02,0.27,Card,7,2.2,158.04,2022,11,November,55.31399999999999,110.62799999999999,47.412000000000006
10313,2022-11-09,1836,Beauty,West,5,173.22,0.08,Card,1,4.1,866.1,2022,11,November,121.25399999999999,606.27,259.83000000000004
10314,2022-11-10,1883,Electronics,South,1,42.28,0.07,COD,7,1.1,42.28,2022,11,November,29.596,29.596,12.684000000000001
10315,2022-11-11,1609,Electronics,West,5,267.92,0.21,Card,2,2.9,1339.6000000000001,2022,11,November,187.544,937.72,401.8800000000001
10316,2022-11-12,1197,Electronics,East,4,499.06,0.26,COD,11,2.6,1996.24,2022,11,November,349.342,1397.368,598.8720000000001
10317,2022-11-13,1981,Beauty,East,2,29.43,0.11,Card,8,4.9,58.86,2022,11,November,20.601,41.202,17.658
10318,2022-11-14,1906,Clothing,North,2,410.06,0.04,Wallet,1,1.7,820.12,2022,11,November,287.042,574.084,246.03600000000006
10319,2022-11-15,1510,Clothing,East,4,560.51,0.25,Card,10,3.5,2242.04,2022,11,November,392.35699999999997,1569.4279999999999,672.6120000000001
10320,2022-11-16,1751,Home,East,1,153.6,0.1,COD,3,1.8,153.6,2022,11,November,107.52,107.52,46.08
10321,2022-11-17,1143,Home,East,2,420.78,0.06,COD,8,3.2,841.56,2022,11,November,294.54599999999994,589.0919999999999,252.46800000000007
10322,2022-11-18,1608,Electronics,West,7,585.43,0.05,Card,10,3.2,4098.009999999999,2022,11,November,409.80099999999993,2868.6069999999995,1229.4029999999998
10323,2022-11-19,1200,Home,West,6,577.93,0.11,COD,8,1.3,3467.58,2022,11,November,404.55099999999993,2427.3059999999996,1040.2740000000003
10324,2022-11-20,1123,Home,South,6,152.43,0.21,COD,11,2.8,914.58,2022,11,November,106.701,640.2059999999999,274.37400000000014
10325,2022-11-21,1186,Home,West,6,73.69,0.13,Card,5,2.8,442.14,2022,11,November,51.583,309.498,132.642
10326,2022-11-22,1325,Electronics,East,3,101.75,0.01,COD,5,2.3,305.25,2022,11,November,71.225,213.67499999999998,91.57500000000002
10327,2022-11-23,1463,Beauty,West,7,425.69,0.03,Wallet,8,2.1,2979.83,2022,11,November,297.983,2085.881,893.9490000000001
10328,2022-11-24,1348,Clothing,North,3,439.57,0.1,COD,10,1.9,1318.71,2022,11,November,307.69899999999996,923.0969999999999,395.61300000000017
10329,2022-11-25,1770,Electronics,South,1,409.43,0.23,Wallet,5,1.0,409.43,2022,11,November,286.601,286.601,122.82900000000001
10330,2022-11-26,1659,Clothing,South,4,211.61,0.03,Card,9,1.0,846.44,2022,11,November,148.127,592.508,253.93200000000002
10331,2022-11-27,1763,Electronics,West,5,114.32,0.2,COD,1,3.4,571.5999999999999,2022,11,November,80.02399999999999,400.11999999999995,171.47999999999996
10332,2022-11-28,1954,Electronics,East,7,354.75,0.04,Wallet,5,2.2,2483.25,2022,11,November,248.325,1738.2749999999999,744.9750000000001
10333,2022-11-29,1931,Home,South,1,297.95,0.07,Card,3,1.7,297.95,2022,11,November,208.56499999999997,208.56499999999997,89.38500000000002
10334,2022-11-30,1402,Electronics,North,5,441.37,0.06,Wallet,3,3.7,2206.85,2022,11,November,308.959,1544.795,662.0549999999998
10335,2022-12-01,1345,Clothing,North,1,273.2,0.02,Card,2,3.1,273.2,2022,12,December,191.23999999999998,191.23999999999998,81.96000000000001
10336,2022-12-02,1962,Clothing,South,3,213.1,0.23,Wallet,3,4.7,639.3,2022,12,December,149.17,447.51,191.78999999999996
10337,2022-12-03,1510,Electronics,East,6,186.68,0.16,Card,7,4.3,1120.08,2022,12,December,130.676,784.0559999999999,336.024
10338,2022-12-04,1146,Beauty,East,4,138.71,0.29,Card,8,3.9,554.84,2022,12,December,97.097,388.388,166.45200000000006
10339,2022-12-05,1147,Electronics,West,3,170.46,0.03,Wallet,8,1.5,511.38,2022,12,December,119.322,357.966,153.414
10340,2022-12-06,1863,Electronics,West,4,70.48,0.05,Card,11,3.7,281.92,2022,12,December,49.336,197.344,84.57600000000002
10341,2022-12-07,1710,Electronics,South,7,217.91,0.11,Card,8,3.8,1525.37,2022,12,December,152.53699999999998,1067.7589999999998,457.6110000000001
10342,2022-12-08,1819,Electronics,West,5,36.39,0.27,Card,1,4.1,181.95,2022,12,December,25.473,127.365,54.584999999999994
10343,2022-12-09,1488,Electronics,West,1,124.05,0.11,COD,11,2.1,124.05,2022,12,December,86.835,86.835,37.215
10344,2022-12-10,1928,Home,West,2,451.86,0.14,Wallet,7,3.6,903.72,2022,12,December,316.30199999999996,632.6039999999999,271.1160000000001
10345,2022-12-11,1935,Beauty,North,2,205.4,0.11,Card,2,3.5,410.8,2022,12,December,143.78,287.56,123.24000000000001
10346,2022-12-12,1639,Electronics,West,4,405.92,0.03,COD,11,2.5,1623.68,2022,12,December,284.144,1136.576,487.10400000000004
10347,2022-12-13,1550,Home,South,6,434.38,0.33,Card,10,3.7,2606.2799999999997,2022,12,December,304.066,1824.3959999999997,781.884
10348,2022-12-14,1337,Home,East,6,354.99,0.19,COD,4,1.3,2129.94,2022,12,December,248.493,1490.958,638.982
10349,2022-12-15,1871,Home,West,4,575.84,0.28,Card,5,3.6,2303.36,2022,12,December,403.088,1612.352,691.008
10350,2022-12-16,1640,Clothing,East,3,27.54,0.23,Card,1,3.4,82.62,2022,12,December,19.278,57.833999999999996,24.78600000000001
10351,2022-12-17,1778,Electronics,West,2,447.11,0.18,Card,4,1.8,894.22,2022,12,December,312.977,625.954,268.2660000000001
10352,2022-12-18,1987,Electronics,South,3,575.89,0.03,COD,4,4.3,1727.67,2022,12,December,403.123,1209.369,518.3010000000002
10353,2022-12-19,1952,Home,North,5,519.43,0.22,Wallet,9,4.5,2597.1499999999996,2022,12,December,363.60099999999994,1818.0049999999997,779.145
10354,2022-12-20,1472,Home,South,2,113.22,0.05,COD,9,1.8,226.44,2022,12,December,79.25399999999999,158.50799999999998,67.93200000000002
10355,2022-12-21,1945,Electronics,North,5,206.19,0.15,Card,11,1.3,1030.95,2022,12,December,144.333,721.665,309.2850000000001
10356,2022-12-22,1150,Clothing,West,1,115.88,0.22,COD,10,3.4,115.88,2022,12,December,81.11599999999999,81.11599999999999,34.76400000000001
10357,2022-12-23,1414,Beauty,West,3,366.77,0.27,COD,1,2.9,1100.31,2022,12,December,256.739,770.2169999999999,330.0930000000001
10358,2022-12-24,1989,Home,North,4,431.63,0.24,Card,8,2.7,1726.52,2022,12,December,302.14099999999996,1208.5639999999999,517.9560000000001
10359,2022-12-25,1297,Beauty,South,2,200.49,0.24,Card,4,4.0,400.98,2022,12,December,140.343,280.686,120.29400000000004
10360,2022-12-26,1610,Home,South,3,330.61,0.05,Card,4,4.9,991.83,2022,12,December,231.427,694.281,297.5490000000001
10361,2022-12-27,1262,Clothing,North,4,419.19,0.12,COD,5,2.9,1676.76,2022,12,December,293.433,1173.732,503.028
10362,2022-12-28,1763,Clothing,West,1,261.48,0.02,COD,2,1.0,261.48,2022,12,December,183.036,183.036,78.44400000000002
10363,2022-12-29,1143,Home,North,2,514.6,0.25,COD,1,3.4,1029.2,2022,12,December,360.21999999999997,720.4399999999999,308.7600000000001
10364,2022-12-30,1345,Electronics,West,5,466.36,0.33,Card,5,3.6,2331.8,2022,12,December,326.452,1632.26,699.5400000000002
10365,2022-12-31,1623,Clothing,North,1,52.83,0.09,Card,7,4.3,52.83,2022,12,December,36.980999999999995,36.980999999999995,15.849000000000004
10366,2023-01-01,1571,Home,West,6,378.36,0.03,Wallet,10,1.8,2270.16,2023,1,January,264.852,1589.1119999999999,681.048
10367,2023-01-02,1880,Electronics,North,4,152.67,0.17,Card,9,3.1,610.68,2023,1,January,106.86899999999999,427.47599999999994,183.204
10368,2023-01-03,1001,Home,East,2,341.15,0.3,Wallet,2,2.8,682.3,2023,1,January,238.80499999999998,477.60999999999996,204.69
10369,2023-01-04,1896,Clothing,West,2,574.78,0.19,COD,8,3.7,1149.56,2023,1,January,402.34599999999995,804.6919999999999,344.86800000000005
10370,2023-01-05,1303,Beauty,South,7,529.25,0.02,Card,7,1.3,3704.75,2023,1,January,370.47499999999997,2593.325,1111.4250000000002
10371,2023-01-06,1253,Electronics,North,7,251.64,0.34,COD,2,4.5,1761.48,2023,1,January,176.14799999999997,1233.0359999999998,528.4440000000002
10372,2023-01-07,1651,Electronics,South,1,185.54,0.29,Wallet,5,3.0,185.54,2023,1,January,129.878,129.878,55.662000000000006
10373,2023-01-08,1452,Clothing,North,2,152.13,0.05,Card,7,4.5,304.26,2023,1,January,106.49099999999999,212.98199999999997,91.27800000000002
10374,2023-01-09,1036,Electronics,South,4,326.52,0.32,Wallet,3,2.4,1306.08,2023,1,January,228.56399999999996,914.2559999999999,391.82400000000007
10375,2023-01-10,1159,Home,South,1,81.84,0.16,Card,2,3.6,81.84,2023,1,January,57.288,57.288,24.552000000000007
10376,2023-01-11,1008,Home,North,5,336.33,0.13,COD,6,4.8,1681.6499999999999,2023,1,January,235.43099999999998,1177.155,504.4949999999999
10377,2023-01-12,1232,Electronics,North,1,15.78,0.16,Wallet,10,4.8,15.78,2023,1,January,11.046,11.046,4.734
10378,2023-01-13,1098,Clothing,South,1,204.45,0.29,Wallet,6,4.8,204.45,2023,1,January,143.11499999999998,143.11499999999998,61.33500000000001
10379,2023-01-14,1658,Clothing,South,5,143.66,0.23,COD,11,1.2,718.3,2023,1,January,100.562,502.81,215.48999999999995
10380,2023-01-15,1815,Clothing,South,6,583.16,0.02,COD,4,2.6,3498.96,2023,1,January,408.21199999999993,2449.2719999999995,1049.6880000000006
10381,2023-01-16,1207,Beauty,West,7,440.44,0.34,Card,1,1.2,3083.08,2023,1,January,308.308,2158.156,924.924
10382,2023-01-17,1130,Home,West,4,219.55,0.05,Card,5,2.2,878.2,2023,1,January,153.685,614.74,263.46000000000004
10383,2023-01-18,1403,Home,East,6,69.31,0.26,Card,1,1.7,415.86,2023,1,January,48.516999999999996,291.102,124.75800000000004
10384,2023-01-19,1151,Home,West,6,317.33,0.22,Card,11,3.5,1903.98,2023,1,January,222.13099999999997,1332.7859999999998,571.1940000000002
10385,2023-01-20,1053,Clothing,West,6,139.87,0.07,Card,11,4.1,839.22,2023,1,January,97.90899999999999,587.454,251.76600000000008
10386,2023-01-21,1119,Beauty,North,7,328.81,0.06,Card,8,3.1,2301.67,2023,1,January,230.16699999999997,1611.1689999999999,690.5010000000002
10387,2023-01-22,1672,Home,East,3,503.69,0.3,Wallet,2,4.2,1511.07,2023,1,January,352.58299999999997,1057.7489999999998,453.32100000000014
10388,2023-01-23,1919,Home,East,7,375.24,0.15,COD,9,1.1,2626.6800000000003,2023,1,January,262.668,1838.676,788.0040000000004
10389,2023-01-24,1627,Beauty,West,6,385.77,0.23,Card,9,4.3,2314.62,2023,1,January,270.039,1620.234,694.386
10390,2023-01-25,1586,Electronics,North,3,331.5,0.18,Wallet,3,1.7,994.5,2023,1,January,232.04999999999998,696.15,298.35
10391,2023-01-26,1624,Home,North,5,557.45,0.25,Card,6,2.8,2787.25,2023,1,January,390.21500000000003,1951.0750000000003,836.1749999999997
10392,2023-01-27,1967,Electronics,East,7,560.16,0.17,COD,9,2.8,3921.12,2023,1,January,392.11199999999997,2744.7839999999997,1176.3360000000002
10393,2023-01-28,1419,Electronics,North,4,314.94,0.1,COD,7,4.5,1259.76,2023,1,January,220.458,881.832,377.928
10394,2023-01-29,1421,Electronics,South,6,193.87,0.13,Card,4,4.9,1163.22,2023,1,January,135.709,814.254,348.966
10395,2023-01-30,1103,Beauty,West,2,283.86,0.3,COD,3,2.0,567.72,2023,1,January,198.702,397.404,170.31600000000003
10396,2023-01-31,1851,Beauty,South,5,124.14,0.16,Card,2,1.3,620.7,2023,1,January,86.898,434.49,186.21000000000004
10397,2023-02-01,1253,Home,East,3,387.26,0.07,Card,10,3.6,1161.78,2023,2,February,271.082,813.246,348.534
10398,2023-02-02,1226,Home,East,7,307.55,0.33,Card,10,3.0,2152.85,2023,2,February,215.285,1506.995,645.855
10399,2023-02-03,1111,Clothing,North,4,75.43,0.28,Wallet,1,3.3,301.72,2023,2,February,52.801,211.204,90.51600000000002
10400,2023-02-04,1509,Beauty,North,1,130.62,0.02,COD,11,1.2,130.62,2023,2,February,91.434,91.434,39.18600000000001
10401,2023-02-05,1472,Clothing,East,4,295.58,0.35,COD,10,4.1,1182.32,2023,2,February,206.90599999999998,827.6239999999999,354.696
10402,2023-02-06,1098,Clothing,East,4,534.24,0.24,COD,11,1.9,2136.96,2023,2,February,373.96799999999996,1495.8719999999998,641.0880000000002
10403,2023-02-07,1152,Electronics,South,6,346.34,0.06,Card,1,2.3,2078.04,2023,2,February,242.43799999999996,1454.6279999999997,623.4120000000003
10404,2023-02-08,1860,Home,South,6,413.7,0.08,COD,4,1.9,2482.2,2023,2,February,289.59,1737.54,744.6599999999999
10405,2023-02-09,1913,Home,North,7,213.33,0.24,Card,4,4.8,1493.3100000000002,2023,2,February,149.331,1045.317,447.99300000000017
10406,2023-02-10,1895,Clothing,South,7,349.28,0.27,Card,9,1.7,2444.96,2023,2,February,244.49599999999995,1711.4719999999998,733.4880000000003
10407,2023-02-11,1877,Electronics,North,3,276.72,0.08,COD,10,3.9,830.1600000000001,2023,2,February,193.704,581.1120000000001,249.048
10408,2023-02-12,1337,Home,North,7,400.59,0.09,Card,1,2.0,2804.1299999999997,2023,2,February,280.41299999999995,1962.8909999999996,841.239
10409,2023-02-13,1705,Electronics,West,3,44.59,0.11,Card,11,2.7,133.77,2023,2,February,31.213,93.63900000000001,40.131
10410,2023-02-14,1821,Home,North,6,303.58,0.21,Wallet,4,5.0,1821.48,2023,2,February,212.50599999999997,1275.0359999999998,546.4440000000002
10411,2023-02-15,1162,Beauty,South,6,188.16,0.06,COD,3,1.4,1128.96,2023,2,February,131.712,790.2719999999999,338.6880000000001
10412,2023-02-16,1719,Clothing,East,2,205.82,0.04,COD,9,4.5,411.64,2023,2,February,144.07399999999998,288.14799999999997,123.49200000000002
10413,2023-02-17,1956,Electronics,East,2,577.14,0.24,Card,5,4.8,1154.28,2023,2,February,403.998,807.996,346.284
10414,2023-02-18,1680,Home,South,5,121.88,0.27,Card,9,3.8,609.4,2023,2,February,85.31599999999999,426.5799999999999,182.82000000000005
10415,2023-02-19,1995,Home,East,6,197.08,0.18,COD,10,1.0,1182.48,2023,2,February,137.956,827.7359999999999,354.74400000000014
10416,2023-02-20,1160,Clothing,North,1,313.29,0.13,COD,6,4.3,313.29,2023,2,February,219.303,219.303,93.98700000000002
10417,2023-02-21,1579,Beauty,East,2,519.87,0.15,COD,11,4.5,1039.74,2023,2,February,363.909,727.818,311.922
10418,2023-02-22,1800,Electronics,South,3,258.75,0.14,Wallet,9,4.9,776.25,2023,2,February,181.125,543.375,232.875
10419,2023-02-23,1397,Clothing,East,4,450.16,0.34,Wallet,1,4.4,1800.64,2023,2,February,315.112,1260.448,540.192
10420,2023-02-24,1276,Home,North,7,515.98,0.27,Card,4,2.8,3611.86,2023,2,February,361.186,2528.3019999999997,1083.5580000000004
10421,2023-02-25,1815,Beauty,North,7,196.36,0.07,Wallet,4,3.8,1374.52,2023,2,February,137.452,962.164,412.356
10422,2023-02-26,1915,Electronics,South,5,244.76,0.13,COD,10,2.9,1223.8,2023,2,February,171.332,856.66,367.14
10423,2023-02-27,1503,Home,South,2,223.59,0.19,COD,10,2.4,447.18,2023,2,February,156.513,313.026,134.154
10424,2023-02-28,1895,Clothing,South,4,502.22,0.21,Card,6,3.5,2008.88,2023,2,February,351.554,1406.216,602.6640000000002
10425,2023-03-01,1391,Clothing,West,4,40.94,0.16,COD,10,4.1,163.76,2023,3,March,28.657999999999998,114.63199999999999,49.128
10426,2023-03-02,1134,Electronics,West,2,195.43,0.28,Wallet,1,3.5,390.86,2023,3,March,136.801,273.602,117.25800000000004
10427,2023-03-03,1194,Beauty,North,1,412.45,0.27,COD,10,4.3,412.45,2023,3,March,288.715,288.715,123.73500000000001
10428,2023-03-04,1400,Electronics,West,1,345.78,0.18,COD,5,1.7,345.78,2023,3,March,242.04599999999996,242.04599999999996,103.73400000000001
10429,2023-03-05,1639,Electronics,West,5,270.23,0.3,Card,3,2.5,1351.15,2023,3,March,189.161,945.8050000000001,405.345
10430,2023-03-06,1032,Electronics,East,1,330.87,0.26,Card,1,2.3,330.87,2023,3,March,231.60899999999998,231.60899999999998,99.26100000000002
10431,2023-03-07,1687,Beauty,West,5,130.59,0.27,Card,6,1.8,652.95,2023,3,March,91.413,457.065,195.88500000000005
10432,2023-03-08,1459,Home,East,3,266.97,0.33,Card,3,2.8,800.9100000000001,2023,3,March,186.87900000000002,560.6370000000001,240.27300000000002
10433,2023-03-09,1954,Home,South,2,308.5,0.09,COD,4,4.8,617.0,2023,3,March,215.95,431.9,185.10000000000002
10434,2023-03-10,1882,Electronics,East,4,542.2,0.09,Card,9,3.2,2168.8,2023,3,March,379.54,1518.16,650.6400000000001
10435,2023-03-11,1469,Clothing,East,5,167.59,0.31,COD,2,2.1,837.95,2023,3,March,117.31299999999999,586.5649999999999,251.3850000000001
10436,2023-03-12,1374,Clothing,South,7,522.68,0.27,Card,1,2.4,3658.7599999999998,2023,3,March,365.8759999999999,2561.1319999999996,1097.6280000000002
10437,2023-03-13,1021,Home,South,1,391.88,0.32,Card,10,3.5,391.88,2023,3,March,274.316,274.316,117.56400000000002
10438,2023-03-14,1749,Beauty,North,7,26.9,0.02,Card,6,2.4,188.29999999999998,2023,3,March,18.83,131.81,56.48999999999998
10439,2023-03-15,1669,Electronics,North,5,438.91,0.22,Wallet,1,3.2,2194.55,2023,3,March,307.237,1536.1850000000002,658.365
10440,2023-03-16,1037,Home,North,6,35.8,0.05,Card,1,2.1,214.79999999999998,2023,3,March,25.059999999999995,150.35999999999996,64.44000000000003
10441,2023-03-17,1229,Electronics,North,5,598.47,0.18,Card,7,2.4,2992.3500000000004,2023,3,March,418.929,2094.645,897.7050000000004
10442,2023-03-18,1364,Clothing,East,1,525.49,0.05,Wallet,2,3.8,525.49,2023,3,March,367.84299999999996,367.84299999999996,157.64700000000005
10443,2023-03-19,1562,Electronics,East,6,188.95,0.04,Wallet,4,3.3,1133.6999999999998,2023,3,March,132.265,793.5899999999999,340.1099999999999
10444,2023-03-20,1437,Electronics,North,6,165.59,0.0,COD,4,1.4,993.54,2023,3,March,115.913,695.478,298.062
10445,2023-03-21,1775,Clothing,West,1,238.14,0.22,Card,2,4.9,238.14,2023,3,March,166.69799999999998,166.69799999999998,71.44200000000001
10446,2023-03-22,1282,Clothing,North,6,223.36,0.13,Card,6,1.2,1340.16,2023,3,March,156.352,938.1120000000001,402.048
10447,2023-03-23,1026,Electronics,West,2,232.82,0.04,Wallet,10,1.3,465.64,2023,3,March,162.974,325.948,139.692
10448,2023-03-24,1225,Home,South,4,201.19,0.11,Wallet,2,3.8,804.76,2023,3,March,140.833,563.332,241.428
10449,2023-03-25,1276,Clothing,East,7,378.36,0.06,COD,8,3.8,2648.52,2023,3,March,264.852,1853.964,794.556
10450,2023-03-26,1797,Electronics,East,2,111.09,0.33,Card,4,1.1,222.18,2023,3,March,77.76299999999999,155.52599999999998,66.65400000000002
10451,2023-03-27,1608,Home,West,2,509.9,0.11,Card,1,3.6,1019.8,2023,3,March,356.92999999999995,713.8599999999999,305.94000000000005
10452,2023-03-28,1283,Electronics,North,1,490.26,0.12,Card,7,1.1,490.26,2023,3,March,343.18199999999996,343.18199999999996,147.07800000000003
10453,2023-03-29,1878,Clothing,East,1,293.74,0.29,COD,6,4.8,293.74,2023,3,March,205.618,205.618,88.12200000000001
10454,2023-03-30,1959,Home,West,7,513.85,0.23,Card,6,3.8,3596.9500000000003,2023,3,March,359.695,2517.865,1079.0850000000005
10455,2023-03-31,1480,Electronics,South,4,159.58,0.25,Wallet,11,1.7,638.32,2023,3,March,111.706,446.824,191.49600000000004
10456,2023-04-01,1452,Electronics,South,5,25.28,0.22,Card,3,1.6,126.4,2023,4,April,17.695999999999998,88.47999999999999,37.920000000000016
10457,2023-04-02,1828,Clothing,East,2,377.24,0.33,COD,10,3.3,754.48,2023,4,April,264.068,528.136,226.34400000000005
10458,2023-04-03,1815,Beauty,North,6,282.88,0.07,Card,7,3.5,1697.28,2023,4,April,198.016,1188.096,509.18399999999997
10459,2023-04-04,1658,Clothing,West,4,346.79,0.35,COD,6,4.3,1387.16,2023,4,April,242.753,971.012,416.14800000000014
10460,2023-04-05,1515,Home,East,2,541.11,0.29,Card,10,4.6,1082.22,2023,4,April,378.777,757.554,324.66600000000005
10461,2023-04-06,1546,Clothing,South,5,582.41,0.21,COD,10,2.6,2912.0499999999997,2023,4,April,407.68699999999995,2038.4349999999997,873.615
10462,2023-04-07,1191,Electronics,North,6,386.16,0.23,COD,9,4.4,2316.96,2023,4,April,270.312,1621.872,695.088
10463,2023-04-08,1048,Clothing,West,2,461.97,0.23,Card,3,3.2,923.94,2023,4,April,323.379,646.758,277.182
10464,2023-04-09,1511,Home,East,3,64.03,0.02,Wallet,3,2.9,192.09,2023,4,April,44.821,134.463,57.62700000000001
10465,2023-04-10,1016,Electronics,West,7,109.02,0.08,COD,4,3.8,763.14,2023,4,April,76.314,534.198,228.942
10466,2023-04-11,1171,Electronics,North,4,443.92,0.34,Wallet,3,1.4,1775.68,2023,4,April,310.74399999999997,1242.9759999999999,532.7040000000002
10467,2023-04-12,1219,Electronics,North,7,267.35,0.19,Wallet,4,2.1,1871.4500000000003,2023,4,April,187.145,1310.015,561.4350000000002
10468,2023-04-13,1157,Clothing,South,1,275.89,0.13,Wallet,6,4.3,275.89,2023,4,April,193.123,193.123,82.767
10469,2023-04-14,1476,Beauty,North,2,195.54,0.27,Card,1,3.0,391.08,2023,4,April,136.878,273.756,117.32400000000001
10470,2023-04-15,1045,Electronics,East,6,370.3,0.18,Card,2,4.6,2221.8,2023,4,April,259.21,1555.2599999999998,666.5400000000004
10471,2023-04-16,1372,Clothing,West,6,123.32,0.0,Wallet,10,1.4,739.92,2023,4,April,86.32399999999998,517.944,221.976
10472,2023-04-17,1517,Electronics,North,4,381.75,0.26,COD,6,2.3,1527.0,2023,4,April,267.22499999999997,1068.8999999999999,458.10000000000014
10473,2023-04-18,1098,Beauty,North,4,116.67,0.26,Card,6,2.4,466.68,2023,4,April,81.669,326.676,140.00400000000002
10474,2023-04-19,1891,Electronics,East,7,52.34,0.06,COD,1,2.7,366.38,2023,4,April,36.638,256.466,109.91399999999999
10475,2023-04-20,1744,Clothing,West,6,208.26,0.33,Card,6,4.9,1249.56,2023,4,April,145.78199999999998,874.6919999999999,374.86800000000005
10476,2023-04-21,1036,Home,West,6,150.22,0.08,COD,11,2.2,901.3199999999999,2023,4,April,105.154,630.924,270.39599999999996
10477,2023-04-22,1279,Home,South,6,535.06,0.16,Wallet,9,3.1,3210.3599999999997,2023,4,April,374.5419999999999,2247.2519999999995,963.1080000000002
10478,2023-04-23,1348,Clothing,South,2,47.15,0.04,COD,8,3.1,94.3,2023,4,April,33.004999999999995,66.00999999999999,28.290000000000006
10479,2023-04-24,1496,Electronics,West,6,118.32,0.21,Card,10,4.1,709.92,2023,4,April,82.82399999999998,496.9439999999999,212.97600000000006
10480,2023-04-25,1301,Clothing,East,1,336.0,0.13,Card,5,3.1,336.0,2023,4,April,235.2,235.2,100.80000000000001
10481,2023-04-26,1180,Electronics,East,6,296.42,0.12,Card,4,3.4,1778.52,2023,4,April,207.494,1244.964,533.556
10482,2023-04-27,1606,Electronics,South,1,41.82,0.29,COD,6,4.0,41.82,2023,4,April,29.273999999999997,29.273999999999997,12.546000000000003
10483,2023-04-28,1098,Clothing,North,2,19.24,0.0,Card,11,1.4,38.48,2023,4,April,13.467999999999998,26.935999999999996,11.544
10484,2023-04-29,1699,Electronics,East,4,593.02,0.28,COD,5,4.9,2372.08,2023,4,April,415.114,1660.456,711.624
10485,2023-04-30,1992,Electronics,North,1,400.42,0.2,COD,6,4.4,400.42,2023,4,April,280.294,280.294,120.12600000000003
10486,2023-05-01,1115,Home,East,2,228.76,0.35,COD,10,2.6,457.52,2023,5,May,160.13199999999998,320.26399999999995,137.25600000000003
10487,2023-05-02,1190,Beauty,West,6,290.2,0.21,Wallet,11,3.9,1741.1999999999998,2023,5,May,203.14,1218.84,522.3599999999999
10488,2023-05-03,1252,Clothing,South,2,170.93,0.02,COD,3,4.0,341.86,2023,5,May,119.651,239.302,102.55800000000002
10489,2023-05-04,1980,Electronics,North,6,216.75,0.02,Card,7,4.4,1300.5,2023,5,May,151.725,910.3499999999999,390.1500000000001
10490,2023-05-05,1927,Electronics,North,7,394.69,0.31,COD,8,1.8,2762.83,2023,5,May,276.28299999999996,1933.9809999999998,828.8490000000002
10491,2023-05-06,1982,Beauty,West,2,531.44,0.29,COD,5,3.8,1062.88,2023,5,May,372.00800000000004,744.0160000000001,318.86400000000003
10492,2023-05-07,1160,Electronics,East,4,122.72,0.12,Card,5,1.1,490.88,2023,5,May,85.904,343.616,147.264
10493,2023-05-08,1255,Electronics,North,1,506.61,0.22,COD,4,1.5,506.61,2023,5,May,354.627,354.627,151.983
10494,2023-05-09,1322,Clothing,East,7,86.11,0.17,Card,10,4.1,602.77,2023,5,May,60.276999999999994,421.93899999999996,180.83100000000002
10495,2023-05-10,1127,Clothing,West,4,140.77,0.34,Card,5,4.3,563.08,2023,5,May,98.539,394.156,168.92400000000004
10496,2023-05-11,1017,Clothing,South,3,36.75,0.33,Wallet,10,3.4,110.25,2023,5,May,25.724999999999998,77.175,33.075
10497,2023-05-12,1792,Electronics,North,6,97.37,0.34,Wallet,11,3.3,584.22,2023,5,May,68.15899999999999,408.95399999999995,175.26600000000008
10498,2023-05-13,1734,Electronics,East,1,551.62,0.3,COD,8,4.0,551.62,2023,5,May,386.13399999999996,386.13399999999996,165.48600000000005
10499,2023-05-14,1565,Beauty,North,4,283.77,0.32,COD,5,4.6,1135.08,2023,5,May,198.63899999999998,794.5559999999999,340.524
10500,2023-05-15,1569,Electronics,East,1,60.43,0.08,Wallet,9,2.7,60.43,2023,5,May,42.300999999999995,42.300999999999995,18.129000000000005
10501,2023-05-16,1322,Home,East,3,576.44,0.29,Wallet,1,1.5,1729.3200000000002,2023,5,May,403.50800000000004,1210.5240000000001,518.796
10502,2023-05-17,1871,Home,East,5,529.21,0.25,COD,7,4.4,2646.05,2023,5,May,370.447,1852.2350000000001,793.815
10503,2023-05-18,1685,Clothing,West,6,456.49,0.34,COD,5,2.4,2738.94,2023,5,May,319.543,1917.258,821.682
10504,2023-05-19,1791,Electronics,South,6,561.08,0.2,Card,4,1.5,3366.4800000000005,2023,5,May,392.75600000000003,2356.536,1009.9440000000004
10505,2023-05-20,1625,Electronics,North,2,143.78,0.03,Card,3,3.5,287.56,2023,5,May,100.646,201.292,86.268
10506,2023-05-21,1287,Clothing,South,6,504.28,0.21,Card,10,3.3,3025.68,2023,5,May,352.996,2117.9759999999997,907.7040000000002
10507,2023-05-22,1942,Beauty,East,6,418.64,0.24,COD,7,2.9,2511.84,2023,5,May,293.04799999999994,1758.2879999999996,753.5520000000006
10508,2023-05-23,1853,Beauty,East,4,523.81,0.08,Wallet,2,4.4,2095.24,2023,5,May,366.6669999999999,1466.6679999999997,628.5720000000001
10509,2023-05-24,1662,Electronics,South,7,481.19,0.14,Wallet,5,2.1,3368.33,2023,5,May,336.83299999999997,2357.8309999999997,1010.4990000000003
10510,2023-05-25,1961,Electronics,South,6,217.7,0.21,Card,2,1.1,1306.1999999999998,2023,5,May,152.39,914.3399999999999,391.8599999999999
10511,2023-05-26,1638,Beauty,North,6,468.02,0.13,COD,7,2.3,2808.12,2023,5,May,327.614,1965.6839999999997,842.4360000000001
10512,2023-05-27,1154,Home,East,3,168.54,0.13,Card,6,1.0,505.62,2023,5,May,117.97799999999998,353.93399999999997,151.68600000000004
10513,2023-05-28,1489,Beauty,South,7,207.23,0.05,Card,10,3.2,1450.61,2023,5,May,145.06099999999998,1015.4269999999999,435.183
10514,2023-05-29,1385,Electronics,West,3,78.12,0.33,Wallet,7,2.5,234.36,2023,5,May,54.684,164.052,70.30800000000002
10515,2023-05-30,1985,Clothing,East,1,562.02,0.26,COD,9,4.3,562.02,2023,5,May,393.414,393.414,168.606
10516,2023-05-31,1784,Home,East,1,185.24,0.0,COD,2,4.2,185.24,2023,5,May,129.668,129.668,55.572
10517,2023-06-01,1103,Home,North,6,319.56,0.27,Card,9,2.7,1917.3600000000001,2023,6,June,223.69199999999998,1342.1519999999998,575.2080000000003
10518,2023-06-02,1928,Clothing,West,6,243.93,0.26,Card,7,1.9,1463.58,2023,6,June,170.751,1024.506,439.07399999999984
10519,2023-06-03,1392,Electronics,North,2,576.56,0.0,COD,2,2.7,1153.12,2023,6,June,403.5919999999999,807.1839999999999,345.93600000000004
10520,2023-06-04,1810,Clothing,West,1,211.0,0.13,Card,10,3.6,211.0,2023,6,June,147.7,147.7,63.30000000000001
10521,2023-06-05,1245,Electronics,North,4,470.45,0.21,Card,2,1.8,1881.8,2023,6,June,329.315,1317.26,564.54
10522,2023-06-06,1175,Clothing,West,6,515.42,0.16,Card,4,4.1,3092.5199999999995,2023,6,June,360.7939999999999,2164.7639999999997,927.7559999999999
10523,2023-06-07,1038,Beauty,West,4,269.83,0.27,COD,2,2.3,1079.32,2023,6,June,188.88099999999997,755.5239999999999,323.79600000000005
10524,2023-06-08,1476,Clothing,West,6,236.23,0.15,Wallet,1,4.7,1417.3799999999999,2023,6,June,165.361,992.1659999999999,425.21399999999994
10525,2023-06-09,1681,Home,South,4,452.43,0.05,Wallet,6,3.0,1809.72,2023,6,June,316.70099999999996,1266.8039999999999,542.9160000000002
10526,2023-06-10,1758,Electronics,East,5,549.04,0.34,Wallet,10,4.4,2745.2,2023,6,June,384.328,1921.6399999999999,823.56
10527,2023-06-11,1537,Home,West,4,456.64,0.08,Wallet,11,3.5,1826.56,2023,6,June,319.64799999999997,1278.5919999999999,547.9680000000001
10528,2023-06-12,1866,Beauty,South,7,147.87,0.25,Wallet,5,3.2,1035.0900000000001,2023,6,June,103.509,724.563,310.52700000000016
10529,2023-06-13,1817,Electronics,South,1,534.66,0.05,COD,3,3.7,534.66,2023,6,June,374.26199999999994,374.26199999999994,160.39800000000002
10530,2023-06-14,1920,Electronics,North,6,241.74,0.12,COD,11,4.2,1450.44,2023,6,June,169.218,1015.308,435.13200000000006
10531,2023-06-15,1407,Clothing,East,1,352.09,0.15,Card,1,3.6,352.09,2023,6,June,246.46299999999997,246.46299999999997,105.62700000000001
10532,2023-06-16,1524,Electronics,East,7,501.39,0.07,Wallet,9,4.2,3509.73,2023,6,June,350.97299999999996,2456.8109999999997,1052.9190000000003
10533,2023-06-17,1827,Home,North,7,125.21,0.16,Card,8,1.8,876.4699999999999,2023,6,June,87.64699999999999,613.529,262.9409999999999
10534,2023-06-18,1505,Beauty,East,4,473.94,0.06,Card,6,2.1,1895.76,2023,6,June,331.758,1327.032,568.7280000000001
10535,2023-06-19,1902,Clothing,North,3,363.76,0.2,Wallet,6,1.9,1091.28,2023,6,June,254.63199999999998,763.896,327.384
10536,2023-06-20,1824,Electronics,South,3,537.6,0.23,Card,4,4.2,1612.8000000000002,2023,6,June,376.32,1128.96,483.84000000000015
10537,2023-06-21,1035,Clothing,South,7,115.6,0.02,Wallet,2,1.3,809.1999999999999,2023,6,June,80.91999999999999,566.4399999999999,242.76
10538,2023-06-22,1684,Home,West,3,261.1,0.3,COD,4,4.2,783.3000000000001,2023,6,June,182.77,548.3100000000001,234.99
10539,2023-06-23,1019,Electronics,North,6,502.21,0.06,Card,2,2.6,3013.2599999999998,2023,6,June,351.54699999999997,2109.2819999999997,903.9780000000001
10540,2023-06-24,1320,Clothing,South,2,26.25,0.08,COD,7,1.3,52.5,2023,6,June,18.375,36.75,15.75
10541,2023-06-25,1775,Clothing,South,5,80.64,0.23,Wallet,9,2.7,403.2,2023,6,June,56.44799999999999,282.23999999999995,120.96000000000004
10542,2023-06-26,1511,Clothing,North,4,594.48,0.16,Card,2,2.2,2377.92,2023,6,June,416.13599999999997,1664.5439999999999,713.3760000000002
10543,2023-06-27,1399,Electronics,South,2,179.03,0.17,COD,9,3.4,358.06,2023,6,June,125.321,250.642,107.418
10544,2023-06-28,1653,Home,East,3,585.69,0.04,Wallet,9,2.9,1757.0700000000002,2023,6,June,409.983,1229.949,527.1210000000001
10545,2023-06-29,1971,Electronics,South,4,121.78,0.28,Card,8,2.2,487.12,2023,6,June,85.246,340.984,146.13600000000002
10546,2023-06-30,1882,Electronics,North,2,226.24,0.22,Card,1,4.4,452.48,2023,6,June,158.368,316.736,135.74400000000003
10547,2023-07-01,1470,Beauty,East,1,455.43,0.05,Card,5,2.6,455.43,2023,7,July,318.801,318.801,136.62900000000002
10548,2023-07-02,1142,Home,East,3,399.8,0.13,Card,10,2.9,1199.4,2023,7,July,279.86,839.58,359.82000000000005
10549,2023-07-03,1091,Electronics,South,2,354.96,0.28,Card,11,4.4,709.92,2023,7,July,248.47199999999998,496.94399999999996,212.976
10550,2023-07-04,1353,Electronics,West,6,324.99,0.2,COD,4,1.4,1949.94,2023,7,July,227.493,1364.958,584.982
10551,2023-07-05,1833,Electronics,East,1,508.41,0.04,Card,7,2.6,508.41,2023,7,July,355.887,355.887,152.52300000000002
10552,2023-07-06,1799,Electronics,North,3,152.44,0.13,Wallet,11,2.6,457.32,2023,7,July,106.708,320.124,137.19599999999997
10553,2023-07-07,1726,Electronics,West,5,273.85,0.08,Card,8,3.0,1369.25,2023,7,July,191.695,958.4749999999999,410.7750000000001
10554,2023-07-08,1958,Electronics,West,7,105.94,0.18,COD,10,1.4,741.5799999999999,2023,7,July,74.15799999999999,519.1059999999999,222.47400000000005
10555,2023-07-09,1853,Clothing,East,3,363.63,0.3,COD,11,1.4,1090.8899999999999,2023,7,July,254.54099999999997,763.6229999999999,327.26699999999994
10556,2023-07-10,1050,Home,South,6,161.57,0.15,Wallet,8,2.7,969.42,2023,7,July,113.09899999999999,678.5939999999999,290.826
10557,2023-07-11,1664,Clothing,West,5,210.3,0.15,COD,2,1.1,1051.5,2023,7,July,147.21,736.0500000000001,315.44999999999993
10558,2023-07-12,1697,Home,South,5,290.68,0.32,Card,3,2.0,1453.4,2023,7,July,203.476,1017.38,436.0200000000001
10559,2023-07-13,1574,Electronics,East,5,30.66,0.2,Wallet,10,1.8,153.3,2023,7,July,21.462,107.31,45.99000000000001
10560,2023-07-14,1189,Beauty,North,4,68.78,0.2,Card,10,3.0,275.12,2023,7,July,48.146,192.584,82.536
10561,2023-07-15,1124,Home,West,4,416.27,0.09,Card,7,1.0,1665.08,2023,7,July,291.38899999999995,1165.5559999999998,499.5240000000001
10562,2023-07-16,1149,Home,North,7,265.95,0.21,Card,4,3.7,1861.6499999999999,2023,7,July,186.165,1303.155,558.4949999999999
10563,2023-07-17,1313,Home,South,5,520.9,0.2,COD,6,4.4,2604.5,2023,7,July,364.62999999999994,1823.1499999999996,781.3500000000004
10564,2023-07-18,1569,Beauty,South,7,421.38,0.14,Card,8,3.8,2949.66,2023,7,July,294.96599999999995,2064.7619999999997,884.8980000000001
10565,2023-07-19,1341,Clothing,North,1,19.74,0.35,COD,8,4.3,19.74,2023,7,July,13.817999999999998,13.817999999999998,5.922000000000001
10566,2023-07-20,1304,Electronics,East,5,375.78,0.31,COD,7,3.6,1878.8999999999999,2023,7,July,263.046,1315.23,563.6699999999998
10567,2023-07-21,1691,Clothing,East,2,69.83,0.26,Wallet,2,3.0,139.66,2023,7,July,48.88099999999999,97.76199999999999,41.89800000000001
10568,2023-07-22,1681,Home,West,5,471.85,0.19,Card,2,1.9,2359.25,2023,7,July,330.295,1651.4750000000001,707.7749999999999
10569,2023-07-23,1837,Home,West,4,595.03,0.16,Card,3,2.1,2380.12,2023,7,July,416.52099999999996,1666.0839999999998,714.0360000000001
10570,2023-07-24,1782,Clothing,East,4,325.75,0.06,Card,4,2.3,1303.0,2023,7,July,228.02499999999998,912.0999999999999,390.9000000000001
10571,2023-07-25,1053,Electronics,East,2,414.43,0.11,Card,1,1.2,828.86,2023,7,July,290.101,580.202,248.65800000000002
10572,2023-07-26,1443,Clothing,North,2,153.83,0.27,COD,5,4.7,307.66,2023,7,July,107.681,215.362,92.29800000000003
10573,2023-07-27,1612,Beauty,South,3,270.99,0.16,COD,7,4.6,812.97,2023,7,July,189.69299999999998,569.079,243.89100000000008
10574,2023-07-28,1992,Clothing,South,1,515.82,0.31,COD,10,1.4,515.82,2023,7,July,361.074,361.074,154.74600000000004
10575,2023-07-29,1263,Clothing,West,1,112.94,0.05,Wallet,11,3.2,112.94,2023,7,July,79.05799999999999,79.05799999999999,33.882000000000005
10576,2023-07-30,1052,Electronics,East,1,170.34,0.18,Wallet,5,2.9,170.34,2023,7,July,119.238,119.238,51.102000000000004
10577,2023-07-31,1571,Clothing,North,6,275.58,0.23,Card,7,3.7,1653.48,2023,7,July,192.90599999999998,1157.436,496.0440000000001
10578,2023-08-01,1619,Beauty,West,4,431.67,0.18,Wallet,5,3.4,1726.68,2023,8,August,302.169,1208.676,518.0040000000001
10579,2023-08-02,1004,Home,North,1,234.89,0.31,Card,11,1.5,234.89,2023,8,August,164.42299999999997,164.42299999999997,70.46700000000001
10580,2023-08-03,1102,Home,East,3,557.72,0.35,COD,10,3.6,1673.16,2023,8,August,390.404,1171.212,501.9480000000001
10581,2023-08-04,1195,Clothing,East,3,70.26,0.04,COD,8,3.4,210.78000000000003,2023,8,August,49.182,147.546,63.23400000000004
10582,2023-08-05,1773,Clothing,East,1,231.92,0.05,Wallet,7,3.1,231.92,2023,8,August,162.344,162.344,69.576
10583,2023-08-06,1876,Electronics,South,2,429.74,0.05,COD,1,2.6,859.48,2023,8,August,300.818,601.636,257.84400000000005
10584,2023-08-07,1991,Home,East,3,147.2,0.24,COD,11,4.8,441.59999999999997,2023,8,August,103.03999999999999,309.12,132.47999999999996
10585,2023-08-08,1883,Clothing,West,7,399.0,0.13,Wallet,1,4.4,2793.0,2023,8,August,279.29999999999995,1955.0999999999997,837.9000000000003
10586,2023-08-09,1349,Clothing,South,2,111.07,0.26,COD,5,3.3,222.14,2023,8,August,77.749,155.498,66.642
10587,2023-08-10,1046,Clothing,North,7,47.75,0.14,COD,2,1.0,334.25,2023,8,August,33.425,233.97499999999997,100.27500000000003
10588,2023-08-11,1866,Beauty,West,4,85.79,0.22,Card,9,2.7,343.16,2023,8,August,60.053,240.212,102.94800000000004
10589,2023-08-12,1822,Electronics,West,6,559.04,0.27,Card,2,3.8,3354.24,2023,8,August,391.328,2347.968,1006.2719999999999
10590,2023-08-13,1935,Home,North,3,337.77,0.19,Wallet,9,1.5,1013.31,2023,8,August,236.43899999999996,709.3169999999999,303.99300000000005
10591,2023-08-14,1819,Electronics,South,2,480.86,0.19,COD,10,2.6,961.72,2023,8,August,336.602,673.204,288.5160000000001
10592,2023-08-15,1655,Clothing,West,7,209.6,0.03,COD,2,1.8,1467.2,2023,8,August,146.72,1027.04,440.1600000000001
10593,2023-08-16,1268,Electronics,West,1,361.71,0.14,Card,4,2.4,361.71,2023,8,August,253.19699999999997,253.19699999999997,108.513
10594,2023-08-17,1369,Electronics,West,7,304.55,0.19,Card,3,1.1,2131.85,2023,8,August,213.185,1492.295,639.5549999999998
10595,2023-08-18,1635,Clothing,South,7,568.26,0.16,Card,6,1.5,3977.8199999999997,2023,8,August,397.782,2784.4739999999997,1193.346
10596,2023-08-19,1105,Electronics,South,4,452.33,0.32,COD,4,2.8,1809.32,2023,8,August,316.631,1266.524,542.796
10597,2023-08-20,1669,Clothing,South,5,442.37,0.32,Card,9,4.6,2211.85,2023,8,August,309.659,1548.295,663.5549999999998
10598,2023-08-21,1658,Beauty,West,5,42.12,0.29,Card,9,3.0,210.6,2023,8,August,29.483999999999995,147.41999999999996,63.180000000000035
10599,2023-08-22,1656,Electronics,East,1,336.56,0.13,COD,10,2.8,336.56,2023,8,August,235.59199999999998,235.59199999999998,100.96800000000002
10600,2023-08-23,1119,Home,North,4,288.19,0.25,COD,9,4.2,1152.76,2023,8,August,201.73299999999998,806.9319999999999,345.8280000000001
10601,2023-08-24,1830,Clothing,East,4,557.79,0.14,Card,3,2.1,2231.16,2023,8,August,390.453,1561.812,669.348
10602,2023-08-25,1786,Home,South,4,165.55,0.08,COD,3,1.4,662.2,2023,8,August,115.885,463.54,198.66000000000003
10603,2023-08-26,1603,Electronics,West,4,172.85,0.12,Wallet,4,1.8,691.4,2023,8,August,120.99499999999999,483.97999999999996,207.42000000000002
10604,2023-08-27,1057,Electronics,West,5,255.64,0.02,COD,9,4.2,1278.1999999999998,2023,8,August,178.94799999999998,894.7399999999999,383.4599999999999
10605,2023-08-28,1950,Electronics,East,2,157.37,0.12,Wallet,6,3.7,314.74,2023,8,August,110.15899999999999,220.31799999999998,94.42200000000003
10606,2023-08-29,1345,Electronics,East,4,90.57,0.16,Wallet,9,1.4,362.28,2023,8,August,63.398999999999994,253.59599999999998,108.684
10607,2023-08-30,1740,Electronics,North,2,516.59,0.33,Card,8,3.7,1033.18,2023,8,August,361.613,723.226,309.95400000000006
10608,2023-08-31,1473,Home,West,7,341.59,0.11,Card,7,4.7,2391.1299999999997,2023,8,August,239.11299999999997,1673.7909999999997,717.3389999999999
10609,2023-09-01,1116,Beauty,East,7,518.9,0.32,COD,5,1.2,3632.2999999999997,2023,9,September,363.22999999999996,2542.6099999999997,1089.69
10610,2023-09-02,1829,Home,North,4,501.21,0.08,COD,9,3.5,2004.84,2023,9,September,350.847,1403.388,601.452
10611,2023-09-03,1790,Home,South,3,179.99,0.07,Card,4,2.5,539.97,2023,9,September,125.993,377.979,161.99100000000004
10612,2023-09-04,1126,Electronics,East,6,335.43,0.18,Card,4,3.0,2012.58,2023,9,September,234.801,1408.806,603.7739999999999
10613,2023-09-05,1392,Electronics,South,3,63.68,0.24,COD,8,3.1,191.04,2023,9,September,44.576,133.728,57.31199999999998
10614,2023-09-06,1907,Electronics,North,7,550.42,0.02,Card,4,4.1,3852.9399999999996,2023,9,September,385.2939999999999,2697.0579999999995,1155.882
10615,2023-09-07,1640,Electronics,South,6,251.49,0.08,Wallet,7,3.2,1508.94,2023,9,September,176.043,1056.258,452.682
10616,2023-09-08,1057,Clothing,West,3,245.3,0.16,Card,4,3.4,735.9000000000001,2023,9,September,171.71,515.13,220.7700000000001
10617,2023-09-09,1633,Clothing,West,4,192.11,0.12,Wallet,11,2.3,768.44,2023,9,September,134.477,537.908,230.53200000000004
10618,2023-09-10,1512,Clothing,South,2,284.49,0.25,Card,1,1.5,568.98,2023,9,September,199.143,398.286,170.69400000000002
10619,2023-09-11,1750,Clothing,West,6,162.28,0.18,Card,10,3.7,973.6800000000001,2023,9,September,113.59599999999999,681.5759999999999,292.10400000000016
10620,2023-09-12,1801,Home,North,5,234.29,0.06,Card,9,1.0,1171.45,2023,9,September,164.003,820.0149999999999,351.4350000000002
10621,2023-09-13,1095,Home,West,1,482.97,0.31,Wallet,4,2.3,482.97,2023,9,September,338.079,338.079,144.89100000000002
10622,2023-09-14,1637,Electronics,South,6,503.04,0.1,Card,3,1.9,3018.2400000000002,2023,9,September,352.128,2112.768,905.4720000000002
10623,2023-09-15,1117,Beauty,South,6,192.95,0.26,COD,3,2.6,1157.6999999999998,2023,9,September,135.06499999999997,810.3899999999999,347.30999999999995
10624,2023-09-16,1559,Beauty,South,5,289.37,0.27,Wallet,9,2.2,1446.85,2023,9,September,202.559,1012.795,434.05499999999995
10625,2023-09-17,1600,Electronics,East,4,526.18,0.34,COD,8,3.8,2104.72,2023,9,September,368.32599999999996,1473.3039999999999,631.4159999999999
10626,2023-09-18,1487,Clothing,South,3,45.81,0.17,Card,10,2.0,137.43,2023,9,September,32.067,96.201,41.22900000000001
10627,2023-09-19,1236,Clothing,North,3,535.15,0.22,Wallet,7,3.2,1605.4499999999998,2023,9,September,374.60499999999996,1123.8149999999998,481.635
10628,2023-09-20,1884,Beauty,West,7,143.22,0.12,Wallet,7,2.8,1002.54,2023,9,September,100.25399999999999,701.7779999999999,300.76200000000006
10629,2023-09-21,1896,Beauty,West,2,411.95,0.24,Card,4,4.2,823.9,2023,9,September,288.36499999999995,576.7299999999999,247.17000000000007
10630,2023-09-22,1271,Electronics,East,4,355.79,0.16,COD,3,2.7,1423.16,2023,9,September,249.053,996.212,426.9480000000001
10631,2023-09-23,1188,Clothing,East,5,338.47,0.15,Wallet,4,4.5,1692.3500000000001,2023,9,September,236.929,1184.645,507.70500000000015
10632,2023-09-24,1998,Clothing,North,4,517.73,0.3,Wallet,6,1.0,2070.92,2023,9,September,362.411,1449.644,621.2760000000001
10633,2023-09-25,1703,Clothing,South,4,74.42,0.02,Card,4,3.4,297.68,2023,9,September,52.094,208.376,89.304
10634,2023-09-26,1446,Electronics,East,3,218.01,0.31,Wallet,4,1.0,654.03,2023,9,September,152.60699999999997,457.8209999999999,196.20900000000006
10635,2023-09-27,1580,Beauty,West,5,329.88,0.3,Card,2,3.9,1649.4,2023,9,September,230.91599999999997,1154.58,494.82000000000016
10636,2023-09-28,1789,Home,East,1,489.6,0.18,Card,7,1.9,489.6,2023,9,September,342.71999999999997,342.71999999999997,146.88000000000005
10637,2023-09-29,1860,Home,East,6,141.62,0.17,Card,6,2.5,849.72,2023,9,September,99.134,594.804,254.91600000000005
10638,2023-09-30,1246,Beauty,South,3,484.71,0.13,Card,2,2.5,1454.1299999999999,2023,9,September,339.29699999999997,1017.8909999999998,436.23900000000003
10639,2023-10-01,1962,Home,East,5,248.79,0.35,COD,5,4.4,1243.95,2023,10,October,174.153,870.765,373.18500000000006
10640,2023-10-02,1075,Clothing,North,2,125.51,0.04,COD,6,1.4,251.02,2023,10,October,87.857,175.714,75.30600000000001
10641,2023-10-03,1153,Clothing,West,6,459.01,0.21,Card,5,3.7,2754.06,2023,10,October,321.30699999999996,1927.8419999999996,826.2180000000003
10642,2023-10-04,1655,Electronics,South,6,68.18,0.24,Card,4,4.9,409.08000000000004,2023,10,October,47.726,286.356,122.72400000000005
10643,2023-10-05,1434,Home,West,3,316.14,0.33,Card,11,1.1,948.42,2023,10,October,221.29799999999997,663.8939999999999,284.52600000000007
10644,2023-10-06,1996,Electronics,North,7,52.37,0.27,Wallet,11,4.9,366.59,2023,10,October,36.659,256.613,109.97699999999998
10645,2023-10-07,1085,Home,North,2,223.5,0.23,Wallet,9,1.1,447.0,2023,10,October,156.45,312.9,134.10000000000002
10646,2023-10-08,1696,Electronics,East,3,366.63,0.04,Card,3,4.4,1099.8899999999999,2023,10,October,256.64099999999996,769.9229999999999,329.967
10647,2023-10-09,1284,Electronics,East,4,340.33,0.13,Wallet,11,4.8,1361.32,2023,10,October,238.23099999999997,952.9239999999999,408.3960000000001
10648,2023-10-10,1973,Electronics,East,7,251.72,0.05,Card,2,5.0,1762.04,2023,10,October,176.20399999999998,1233.4279999999999,528.6120000000001
10649,2023-10-11,1219,Electronics,West,5,265.99,0.31,COD,9,2.8,1329.95,2023,10,October,186.19299999999998,930.9649999999999,398.9850000000001
10650,2023-10-12,1068,Home,North,2,147.66,0.26,Wallet,8,4.5,295.32,2023,10,October,103.362,206.724,88.596
10651,2023-10-13,1046,Home,South,6,281.69,0.27,Card,9,1.5,1690.1399999999999,2023,10,October,197.183,1183.098,507.0419999999999
10652,2023-10-14,1093,Clothing,East,3,572.65,0.23,COD,10,2.7,1717.9499999999998,2023,10,October,400.85499999999996,1202.5649999999998,515.385
10653,2023-10-15,1749,Electronics,West,6,512.51,0.18,Card,11,2.2,3075.06,2023,10,October,358.75699999999995,2152.5419999999995,922.5180000000005
10654,2023-10-16,1957,Electronics,East,2,99.96,0.05,Card,3,2.6,199.92,2023,10,October,69.972,139.944,59.976
10655,2023-10-17,1452,Electronics,North,6,32.42,0.12,COD,1,3.8,194.52,2023,10,October,22.694,136.164,58.35600000000002
10656,2023-10-18,1203,Electronics,South,3,561.11,0.05,Wallet,11,1.3,1683.33,2023,10,October,392.777,1178.331,504.999
10657,2023-10-19,1911,Beauty,North,7,323.15,0.25,COD,1,5.0,2262.0499999999997,2023,10,October,226.20499999999996,1583.4349999999997,678.615
10658,2023-10-20,1217,Electronics,West,3,329.64,0.06,Wallet,3,3.5,988.92,2023,10,October,230.74799999999996,692.2439999999999,296.67600000000004
10659,2023-10-21,1473,Clothing,East,1,471.72,0.25,Wallet,4,4.5,471.72,2023,10,October,330.204,330.204,141.51600000000002
10660,2023-10-22,1431,Electronics,North,6,199.09,0.24,Card,2,4.3,1194.54,2023,10,October,139.363,836.178,358.36199999999997
10661,2023-10-23,1340,Electronics,West,1,296.92,0.16,Card,8,4.1,296.92,2023,10,October,207.844,207.844,89.07600000000002
10662,2023-10-24,1550,Clothing,East,7,581.67,0.05,COD,3,1.2,4071.6899999999996,2023,10,October,407.1689999999999,2850.1829999999995,1221.507
10663,2023-10-25,1611,Clothing,South,1,408.21,0.11,COD,4,3.1,408.21,2023,10,October,285.74699999999996,285.74699999999996,122.46300000000002
10664,2023-10-26,1288,Electronics,North,6,104.94,0.11,Card,6,2.3,629.64,2023,10,October,73.458,440.748,188.892
10665,2023-10-27,1253,Electronics,East,2,92.94,0.25,Wallet,10,1.5,185.88,2023,10,October,65.05799999999999,130.11599999999999,55.76400000000001
10666,2023-10-28,1733,Clothing,East,4,134.49,0.04,COD,6,2.4,537.96,2023,10,October,94.143,376.572,161.38800000000003
10667,2023-10-29,1356,Electronics,East,7,463.53,0.29,Card,2,3.6,3244.71,2023,10,October,324.47099999999995,2271.2969999999996,973.4130000000005
10668,2023-10-30,1022,Electronics,East,3,187.8,0.27,COD,6,1.9,563.4000000000001,2023,10,October,131.46,394.38,169.0200000000001
10669,2023-10-31,1761,Beauty,North,5,27.51,0.07,Card,4,2.8,137.55,2023,10,October,19.257,96.28500000000001,41.265
10670,2023-11-01,1521,Clothing,East,7,567.34,0.25,COD,5,2.6,3971.38,2023,11,November,397.138,2779.966,1191.4140000000002
10671,2023-11-02,1757,Clothing,West,1,114.28,0.23,Wallet,7,1.2,114.28,2023,11,November,79.996,79.996,34.284000000000006
10672,2023-11-03,1836,Clothing,North,2,20.59,0.26,Wallet,7,3.5,41.18,2023,11,November,14.412999999999998,28.825999999999997,12.354000000000003
10673,2023-11-04,1099,Clothing,East,6,153.72,0.07,Card,6,3.5,922.3199999999999,2023,11,November,107.604,645.624,276.6959999999999
10674,2023-11-05,1801,Clothing,North,2,152.49,0.06,COD,10,4.9,304.98,2023,11,November,106.743,213.486,91.49400000000003
10675,2023-11-06,1179,Home,West,2,261.87,0.08,COD,6,2.2,523.74,2023,11,November,183.309,366.618,157.122
10676,2023-11-07,1222,Home,West,6,553.43,0.13,Card,6,2.7,3320.58,2023,11,November,387.40099999999995,2324.406,996.174
10677,2023-11-08,1905,Electronics,North,5,529.32,0.28,Card,4,2.6,2646.6000000000004,2023,11,November,370.524,1852.62,793.9800000000005
10678,2023-11-09,1761,Clothing,East,6,282.28,0.26,COD,3,4.7,1693.6799999999998,2023,11,November,197.59599999999998,1185.5759999999998,508.10400000000004
10679,2023-11-10,1658,Clothing,East,5,255.38,0.32,COD,1,2.6,1276.9,2023,11,November,178.766,893.8299999999999,383.07000000000016
10680,2023-11-11,1441,Beauty,West,6,339.68,0.02,Card,3,2.8,2038.08,2023,11,November,237.77599999999998,1426.656,611.424
10681,2023-11-12,1607,Clothing,East,1,157.42,0.0,Card,3,2.0,157.42,2023,11,November,110.19399999999999,110.19399999999999,47.226
10682,2023-11-13,1768,Clothing,West,5,45.53,0.24,Card,9,1.0,227.65,2023,11,November,31.871,159.355,68.29500000000002
10683,2023-11-14,1324,Electronics,East,1,564.45,0.1,Card,3,1.4,564.45,2023,11,November,395.115,395.115,169.33500000000004
10684,2023-11-15,1515,Clothing,West,7,124.22,0.12,COD,8,3.8,869.54,2023,11,November,86.954,608.678,260.86199999999997
10685,2023-11-16,1015,Electronics,South,5,131.06,0.19,Card,8,3.7,655.3,2023,11,November,91.74199999999999,458.7099999999999,196.59000000000003
10686,2023-11-17,1791,Electronics,East,5,291.39,0.04,Card,3,2.3,1456.9499999999998,2023,11,November,203.97299999999998,1019.8649999999999,437.0849999999999
10687,2023-11-18,1335,Electronics,East,6,302.59,0.22,Wallet,10,2.9,1815.54,2023,11,November,211.81299999999996,1270.8779999999997,544.6620000000003
10688,2023-11-19,1758,Home,East,5,25.78,0.11,Card,10,2.2,128.9,2023,11,November,18.046,90.22999999999999,38.670000000000016
10689,2023-11-20,1257,Electronics,North,1,101.55,0.22,COD,6,3.9,101.55,2023,11,November,71.085,71.085,30.465000000000003
10690,2023-11-21,1496,Clothing,East,7,236.22,0.29,Wallet,8,4.4,1653.54,2023,11,November,165.35399999999998,1157.4779999999998,496.0620000000001
10691,2023-11-22,1987,Beauty,North,6,414.98,0.06,COD,8,4.6,2489.88,2023,11,November,290.486,1742.916,746.9640000000002
10692,2023-11-23,1895,Electronics,North,3,148.62,0.33,COD,10,1.7,445.86,2023,11,November,104.03399999999999,312.102,133.75800000000004
10693,2023-11-24,1159,Clothing,West,7,262.46,0.19,Card,10,3.8,1837.2199999999998,2023,11,November,183.72199999999998,1286.0539999999999,551.1659999999999
10694,2023-11-25,1474,Clothing,North,7,341.05,0.32,Card,9,4.9,2387.35,2023,11,November,238.73499999999999,1671.145,716.2049999999999
10695,2023-11-26,1851,Electronics,North,1,534.83,0.07,COD,9,3.6,534.83,2023,11,November,374.38100000000003,374.38100000000003,160.449
10696,2023-11-27,1663,Home,South,7,205.75,0.21,COD,8,2.4,1440.25,2023,11,November,144.02499999999998,1008.1749999999998,432.07500000000016
10697,2023-11-28,1907,Electronics,East,3,93.13,0.14,Card,7,3.5,279.39,2023,11,November,65.19099999999999,195.57299999999998,83.81700000000001
10698,2023-11-29,1689,Clothing,North,2,301.22,0.27,COD,10,3.8,602.44,2023,11,November,210.854,421.708,180.73200000000003
10699,2023-11-30,1674,Clothing,East,6,451.83,0.21,Wallet,3,2.6,2710.98,2023,11,November,316.28099999999995,1897.6859999999997,813.2940000000003
10700,2023-12-01,1379,Clothing,North,2,79.27,0.17,Card,7,1.4,158.54,2023,12,December,55.489,110.978,47.562
10701,2023-12-02,1544,Home,West,6,263.44,0.32,COD,4,3.4,1580.6399999999999,2023,12,December,184.408,1106.4479999999999,474.192
10702,2023-12-03,1928,Electronics,South,7,25.4,0.13,COD,2,4.2,177.79999999999998,2023,12,December,17.779999999999998,124.45999999999998,53.34
10703,2023-12-04,1956,Electronics,North,6,34.63,0.08,Wallet,8,5.0,207.78000000000003,2023,12,December,24.241,145.446,62.33400000000003
10704,2023-12-05,1690,Home,East,1,297.53,0.21,Wallet,2,1.9,297.53,2023,12,December,208.27099999999996,208.27099999999996,89.25900000000001
10705,2023-12-06,1426,Clothing,West,3,189.45,0.22,COD,1,3.8,568.3499999999999,2023,12,December,132.61499999999998,397.8449999999999,170.505
10706,2023-12-07,1612,Home,East,6,509.39,0.15,Card,5,1.1,3056.34,2023,12,December,356.573,2139.438,916.902
10707,2023-12-08,1267,Home,West,3,367.26,0.17,Card,10,4.9,1101.78,2023,12,December,257.082,771.246,330.534
10708,2023-12-09,1834,Home,South,6,280.55,0.34,Card,9,1.1,1683.3000000000002,2023,12,December,196.385,1178.31,504.99000000000024
10709,2023-12-10,1576,Clothing,West,3,253.64,0.26,COD,5,2.4,760.92,2023,12,December,177.54799999999997,532.6439999999999,228.27600000000007
10710,2023-12-11,1416,Electronics,East,2,305.89,0.04,COD,11,1.3,611.78,2023,12,December,214.123,428.246,183.534
10711,2023-12-12,1167,Home,East,1,38.66,0.07,Wallet,2,3.5,38.66,2023,12,December,27.061999999999998,27.061999999999998,11.597999999999999
10712,2023-12-13,1841,Clothing,North,6,537.28,0.34,COD,10,2.4,3223.68,2023,12,December,376.09599999999995,2256.5759999999996,967.1040000000003
10713,2023-12-14,1042,Electronics,West,4,599.01,0.25,COD,4,3.9,2396.04,2023,12,December,419.30699999999996,1677.2279999999998,718.8120000000001
10714,2023-12-15,1555,Beauty,East,3,121.17,0.32,COD,8,2.9,363.51,2023,12,December,84.819,254.457,109.053
10715,2023-12-16,1284,Beauty,North,3,85.42,0.11,Card,7,2.7,256.26,2023,12,December,59.794,179.382,76.87799999999999
10716,2023-12-17,1396,Clothing,South,4,98.99,0.26,COD,5,2.4,395.96,2023,12,December,69.29299999999999,277.17199999999997,118.78800000000001
10717,2023-12-18,1011,Electronics,East,1,401.7,0.25,COD,4,1.3,401.7,2023,12,December,281.19,281.19,120.50999999999999
10718,2023-12-19,1606,Clothing,North,3,401.94,0.1,Wallet,5,1.8,1205.82,2023,12,December,281.358,844.0740000000001,361.74599999999987
10719,2023-12-20,1301,Home,East,1,511.04,0.19,Card,7,3.6,511.04,2023,12,December,357.728,357.728,153.312
10720,2023-12-21,1897,Beauty,West,3,454.82,0.22,Wallet,5,3.0,1364.46,2023,12,December,318.37399999999997,955.1219999999998,409.3380000000002
10721,2023-12-22,1252,Electronics,North,7,278.07,0.17,COD,8,1.3,1946.49,2023,12,December,194.64899999999997,1362.543,583.9470000000001
10722,2023-12-23,1498,Electronics,West,5,373.52,0.29,Card,7,3.2,1867.6,2023,12,December,261.464,1307.32,560.28
10723,2023-12-24,1753,Beauty,South,7,417.65,0.29,Card,7,1.2,2923.5499999999997,2023,12,December,292.35499999999996,2046.4849999999997,877.065
10724,2023-12-25,1034,Clothing,West,3,314.95,0.3,Card,9,3.0,944.8499999999999,2023,12,December,220.46499999999997,661.395,283.4549999999999
10725,2023-12-26,1726,Clothing,North,5,293.26,0.28,COD,8,4.9,1466.3,2023,12,December,205.28199999999998,1026.4099999999999,439.8900000000001
10726,2023-12-27,1848,Beauty,East,6,392.38,0.17,Card,8,2.2,2354.2799999999997,2023,12,December,274.666,1647.996,706.2839999999997
10727,2023-12-28,1089,Electronics,North,1,341.12,0.13,Card,6,3.9,341.12,2023,12,December,238.784,238.784,102.33600000000001
10728,2023-12-29,1775,Clothing,West,3,391.71,0.29,Wallet,7,4.0,1175.1299999999999,2023,12,December,274.19699999999995,822.5909999999999,352.539
10729,2023-12-30,1604,Electronics,West,2,373.52,0.17,COD,8,2.6,747.04,2023,12,December,261.464,522.928,224.11199999999997
10730,2023-12-31,1921,Clothing,East,2,435.73,0.09,COD,5,3.4,871.46,2023,12,December,305.01099999999997,610.0219999999999,261.4380000000001
10731,2024-01-01,1969,Home,South,4,391.04,0.18,Card,10,2.9,1564.16,2024,1,January,273.728,1094.912,469.24800000000005
10732,2024-01-02,1601,Clothing,North,2,319.05,0.05,COD,2,2.1,638.1,2024,1,January,223.335,446.67,191.43
10733,2024-01-03,1417,Beauty,East,5,413.85,0.24,Card,7,4.0,2069.25,2024,1,January,289.695,1448.475,620.7750000000001
10734,2024-01-04,1114,Clothing,East,2,277.95,0.12,Wallet,10,3.8,555.9,2024,1,January,194.56499999999997,389.12999999999994,166.77000000000004
10735,2024-01-05,1616,Electronics,East,2,156.38,0.09,Card,3,4.6,312.76,2024,1,January,109.466,218.932,93.828
10736,2024-01-06,1902,Electronics,North,2,15.83,0.33,COD,10,3.5,31.66,2024,1,January,11.081,22.162,9.498000000000001
10737,2024-01-07,1195,Clothing,North,3,342.58,0.27,COD,11,2.6,1027.74,2024,1,January,239.80599999999998,719.4179999999999,308.3220000000001
10738,2024-01-08,1825,Clothing,North,4,360.53,0.28,COD,8,3.9,1442.12,2024,1,January,252.37099999999995,1009.4839999999998,432.6360000000001
10739,2024-01-09,1500,Electronics,South,1,583.65,0.22,Wallet,6,3.5,583.65,2024,1,January,408.55499999999995,408.55499999999995,175.09500000000003
10740,2024-01-10,1625,Clothing,East,4,226.46,0.29,Card,11,3.5,905.84,2024,1,January,158.522,634.088,271.75200000000007
10741,2024-01-11,1492,Clothing,West,5,245.57,0.27,Card,4,4.4,1227.85,2024,1,January,171.89899999999997,859.4949999999999,368.355
10742,2024-01-12,1074,Home,West,3,133.05,0.21,COD,2,4.6,399.15000000000003,2024,1,January,93.135,279.40500000000003,119.745
10743,2024-01-13,1412,Home,East,6,56.26,0.34,COD,7,1.7,337.56,2024,1,January,39.382,236.29199999999997,101.26800000000003
10744,2024-01-14,1375,Home,West,3,467.09,0.07,Card,1,2.3,1401.27,2024,1,January,326.96299999999997,980.8889999999999,420.3810000000001
10745,2024-01-15,1419,Electronics,South,7,161.06,0.33,Card,7,3.6,1127.42,2024,1,January,112.74199999999999,789.194,338.2260000000001
10746,2024-01-16,1728,Electronics,South,2,371.21,0.14,COD,10,3.2,742.42,2024,1,January,259.847,519.694,222.726
10747,2024-01-17,1276,Home,North,2,417.35,0.18,Wallet,10,3.6,834.7,2024,1,January,292.145,584.29,250.41000000000008
10748,2024-01-18,1760,Clothing,North,5,290.67,0.04,COD,7,2.7,1453.3500000000001,2024,1,January,203.469,1017.345,436.0050000000001
10749,2024-01-19,1675,Electronics,North,6,527.67,0.19,Wallet,10,2.6,3166.0199999999995,2024,1,January,369.36899999999997,2216.214,949.8059999999996
10750,2024-01-20,1393,Home,North,7,274.62,0.21,COD,3,1.5,1922.3400000000001,2024,1,January,192.23399999999998,1345.638,576.7020000000002
10751,2024-01-21,1868,Home,North,3,181.67,0.35,Card,4,3.5,545.01,2024,1,January,127.16899999999998,381.50699999999995,163.50300000000004
10752,2024-01-22,1456,Clothing,West,6,539.17,0.34,Card,4,1.7,3235.0199999999995,2024,1,January,377.4189999999999,2264.5139999999997,970.5059999999999
10753,2024-01-23,1919,Electronics,West,1,519.02,0.34,COD,4,3.7,519.02,2024,1,January,363.31399999999996,363.31399999999996,155.70600000000002
10754,2024-01-24,1191,Home,North,4,110.96,0.12,COD,9,4.9,443.84,2024,1,January,77.672,310.688,133.152
10755,2024-01-25,1738,Clothing,South,3,30.19,0.35,COD,6,2.0,90.57000000000001,2024,1,January,21.133,63.399,27.171000000000006
10756,2024-01-26,1688,Home,West,6,67.64,0.16,COD,10,1.6,405.84000000000003,2024,1,January,47.348,284.08799999999997,121.75200000000007
10757,2024-01-27,1098,Home,South,1,182.63,0.3,Wallet,9,1.1,182.63,2024,1,January,127.841,127.841,54.789
10758,2024-01-28,1547,Home,South,1,583.77,0.08,COD,4,2.5,583.77,2024,1,January,408.63899999999995,408.63899999999995,175.13100000000003
10759,2024-01-29,1977,Clothing,East,7,341.73,0.18,Card,7,1.9,2392.11,2024,1,January,239.21099999999998,1674.4769999999999,717.6330000000003
10760,2024-01-30,1998,Electronics,East,7,233.36,0.34,Card,10,3.0,1633.52,2024,1,January,163.352,1143.464,490.05600000000004
10761,2024-01-31,1095,Home,North,4,534.9,0.33,COD,9,3.1,2139.6,2024,1,January,374.42999999999995,1497.7199999999998,641.8800000000001
10762,2024-02-01,1663,Clothing,South,1,280.08,0.24,Wallet,10,2.4,280.08,2024,2,February,196.05599999999998,196.05599999999998,84.024
10763,2024-02-02,1662,Home,West,5,199.41,0.28,Card,3,4.0,997.05,2024,2,February,139.587,697.935,299.115
10764,2024-02-03,1189,Electronics,East,1,565.61,0.06,Wallet,3,4.6,565.61,2024,2,February,395.92699999999996,395.92699999999996,169.68300000000005
10765,2024-02-04,1735,Electronics,East,6,511.97,0.25,Wallet,6,1.8,3071.82,2024,2,February,358.379,2150.2740000000003,921.5459999999998
10766,2024-02-05,1036,Beauty,South,7,508.55,0.22,COD,8,4.3,3559.85,2024,2,February,355.985,2491.895,1067.955
10767,2024-02-06,1779,Home,East,5,314.69,0.03,Card,1,1.5,1573.45,2024,2,February,220.283,1101.415,472.0350000000001
10768,2024-02-07,1368,Beauty,East,7,476.82,0.04,Card,4,1.9,3337.74,2024,2,February,333.774,2336.418,1001.3219999999997
10769,2024-02-08,1694,Home,West,7,119.92,0.04,Card,8,3.2,839.44,2024,2,February,83.944,587.6080000000001,251.832
10770,2024-02-09,1524,Clothing,South,7,350.34,0.25,Card,6,2.2,2452.3799999999997,2024,2,February,245.23799999999997,1716.6659999999997,735.7139999999999
10771,2024-02-10,1278,Home,East,1,590.55,0.05,COD,2,1.2,590.55,2024,2,February,413.38499999999993,413.38499999999993,177.16500000000002
10772,2024-02-11,1216,Beauty,South,2,185.21,0.16,Card,8,2.2,370.42,2024,2,February,129.647,259.294,111.12600000000003
10773,2024-02-12,1866,Clothing,East,1,479.7,0.12,COD,1,4.6,479.7,2024,2,February,335.78999999999996,335.78999999999996,143.91000000000003
10774,2024-02-13,1872,Clothing,West,7,301.93,0.19,Card,1,1.7,2113.51,2024,2,February,211.351,1479.4569999999999,634.0530000000003
10775,2024-02-14,1797,Electronics,South,5,38.29,0.25,Card,7,4.1,191.45,2024,2,February,26.802999999999997,134.015,57.435
10776,2024-02-15,1272,Clothing,East,1,461.37,0.24,COD,10,3.9,461.37,2024,2,February,322.959,322.959,138.411
10777,2024-02-16,1880,Home,West,7,113.61,0.18,Wallet,3,1.4,795.27,2024,2,February,79.527,556.689,238.58100000000002
10778,2024-02-17,1061,Electronics,East,7,384.41,0.16,COD,8,2.3,2690.8700000000003,2024,2,February,269.087,1883.609,807.2610000000004
10779,2024-02-18,1595,Electronics,South,1,65.11,0.14,COD,9,1.8,65.11,2024,2,February,45.577,45.577,19.533
10780,2024-02-19,1879,Electronics,East,1,568.92,0.3,COD,8,1.1,568.92,2024,2,February,398.24399999999997,398.24399999999997,170.676
10781,2024-02-20,1728,Electronics,South,5,185.66,0.12,COD,1,1.7,928.3,2024,2,February,129.962,649.81,278.49
10782,2024-02-21,1341,Electronics,South,1,147.48,0.09,Wallet,1,1.8,147.48,2024,2,February,103.23599999999999,103.23599999999999,44.244
10783,2024-02-22,1396,Clothing,East,4,90.54,0.26,Card,6,1.7,362.16,2024,2,February,63.378,253.512,108.64800000000002
10784,2024-02-23,1698,Beauty,West,6,568.41,0.13,Wallet,1,1.4,3410.46,2024,2,February,397.88699999999994,2387.3219999999997,1023.1380000000004
10785,2024-02-24,1018,Clothing,North,4,431.46,0.3,Card,8,3.1,1725.84,2024,2,February,302.022,1208.088,517.752
10786,2024-02-25,1176,Electronics,West,5,448.87,0.11,Wallet,6,2.3,2244.35,2024,2,February,314.209,1571.045,673.3049999999998
10787,2024-02-26,1611,Electronics,West,2,307.15,0.25,Card,5,4.6,614.3,2024,2,February,215.00499999999997,430.00999999999993,184.29000000000002
10788,2024-02-27,1395,Home,East,4,292.72,0.02,Wallet,6,1.7,1170.88,2024,2,February,204.904,819.616,351.2640000000001
10789,2024-02-28,1444,Clothing,West,7,79.36,0.13,Wallet,4,3.4,555.52,2024,2,February,55.552,388.864,166.656
10790,2024-02-29,1232,Home,West,6,342.51,0.12,Card,1,4.6,2055.06,2024,2,February,239.75699999999998,1438.542,616.518
10791,2024-03-01,1914,Home,North,3,159.45,0.29,Wallet,7,1.2,478.34999999999997,2024,3,March,111.61499999999998,334.8449999999999,143.50500000000005
10792,2024-03-02,1075,Home,West,6,586.63,0.34,Card,10,3.1,3519.7799999999997,2024,3,March,410.64099999999996,2463.8459999999995,1055.9340000000002
10793,2024-03-03,1264,Electronics,North,4,481.0,0.16,Card,9,2.8,1924.0,2024,3,March,336.7,1346.8,577.2
10794,2024-03-04,1454,Home,East,3,256.6,0.29,Card,4,4.7,769.8000000000001,2024,3,March,179.62,538.86,230.94000000000005
10795,2024-03-05,1795,Electronics,North,5,103.53,0.24,Wallet,4,3.7,517.65,2024,3,March,72.47099999999999,362.35499999999996,155.29500000000002
10796,2024-03-06,1717,Beauty,South,6,474.42,0.34,COD,9,2.4,2846.52,2024,3,March,332.094,1992.5639999999999,853.9560000000001
10797,2024-03-07,1734,Clothing,South,2,86.4,0.28,COD,4,3.8,172.8,2024,3,March,60.48,120.96,51.84000000000002
10798,2024-03-08,1383,Electronics,North,3,125.76,0.03,COD,10,3.3,377.28000000000003,2024,3,March,88.032,264.096,113.18400000000003
10799,2024-03-09,1563,Electronics,South,3,138.74,0.25,Wallet,4,2.4,416.22,2024,3,March,97.118,291.354,124.86600000000004
10800,2024-03-10,1850,Electronics,East,6,340.78,0.19,COD,8,4.1,2044.6799999999998,2024,3,March,238.54599999999996,1431.2759999999998,613.404
10801,2024-03-11,1505,Home,South,4,475.43,0.01,Card,11,3.7,1901.72,2024,3,March,332.801,1331.204,570.5160000000001
10802,2024-03-12,1366,Electronics,North,3,198.87,0.09,Card,4,1.0,596.61,2024,3,March,139.209,417.627,178.983
10803,2024-03-13,1143,Clothing,East,5,64.53,0.32,Card,9,4.5,322.65,2024,3,March,45.171,225.855,96.79499999999999
10804,2024-03-14,1884,Electronics,South,6,286.76,0.32,COD,11,2.6,1720.56,2024,3,March,200.73199999999997,1204.3919999999998,516.1680000000001
10805,2024-03-15,1068,Home,East,5,452.64,0.28,Card,8,3.6,2263.2,2024,3,March,316.84799999999996,1584.2399999999998,678.96
10806,2024-03-16,1098,Home,North,6,144.67,0.34,Card,5,2.6,868.02,2024,3,March,101.26899999999999,607.6139999999999,260.40600000000006
10807,2024-03-17,1395,Home,South,5,143.66,0.28,Wallet,9,4.5,718.3,2024,3,March,100.562,502.81,215.48999999999995
10808,2024-03-18,1024,Home,East,4,569.13,0.0,Card,8,3.6,2276.52,2024,3,March,398.39099999999996,1593.5639999999999,682.9560000000001
10809,2024-03-19,1947,Electronics,East,6,573.18,0.1,COD,10,3.3,3439.08,2024,3,March,401.22599999999994,2407.3559999999998,1031.7240000000002
10810,2024-03-20,1890,Electronics,South,7,594.42,0.01,Card,4,4.9,4160.94,2024,3,March,416.09399999999994,2912.6579999999994,1248.2820000000002
10811,2024-03-21,1468,Home,East,2,487.48,0.03,Card,4,2.1,974.96,2024,3,March,341.236,682.472,292.48800000000006
10812,2024-03-22,1483,Clothing,East,4,125.09,0.08,Card,1,1.3,500.36,2024,3,March,87.563,350.252,150.108
10813,2024-03-23,1564,Clothing,North,5,139.01,0.18,Card,4,3.1,695.05,2024,3,March,97.30699999999999,486.53499999999997,208.515
10814,2024-03-24,1150,Electronics,North,6,214.03,0.3,Wallet,8,2.7,1284.18,2024,3,March,149.821,898.9259999999999,385.25400000000013
10815,2024-03-25,1143,Electronics,North,4,201.11,0.3,Card,5,2.8,804.44,2024,3,March,140.777,563.108,241.3320000000001
10816,2024-03-26,1568,Electronics,North,5,574.57,0.22,Card,6,3.5,2872.8500000000004,2024,3,March,402.199,2010.9950000000001,861.8550000000002
10817,2024-03-27,1038,Beauty,North,1,476.61,0.32,COD,4,3.5,476.61,2024,3,March,333.627,333.627,142.983
10818,2024-03-28,1108,Electronics,North,1,438.55,0.18,COD,5,2.6,438.55,2024,3,March,306.985,306.985,131.565
10819,2024-03-29,1692,Clothing,South,3,123.79,0.31,COD,10,4.5,371.37,2024,3,March,86.653,259.959,111.411
10820,2024-03-30,1041,Electronics,North,2,547.07,0.16,Wallet,8,3.6,1094.14,2024,3,March,382.949,765.898,328.2420000000001
10821,2024-03-31,1185,Home,East,1,499.3,0.1,COD,9,4.6,499.3,2024,3,March,349.51,349.51,149.79000000000002
10822,2024-04-01,1934,Electronics,South,7,110.73,0.32,Card,3,4.7,775.11,2024,4,April,77.511,542.577,232.53300000000002
10823,2024-04-02,1397,Beauty,East,5,524.63,0.14,Wallet,10,1.7,2623.15,2024,4,April,367.241,1836.205,786.9450000000002
10824,2024-04-03,1222,Beauty,North,4,174.26,0.18,COD,4,3.7,697.04,2024,4,April,121.98199999999999,487.92799999999994,209.11200000000002
10825,2024-04-04,1633,Electronics,North,6,62.31,0.12,Card,1,2.3,373.86,2024,4,April,43.617,261.702,112.15800000000002
10826,2024-04-05,1132,Beauty,East,4,399.24,0.23,Card,11,4.3,1596.96,2024,4,April,279.46799999999996,1117.8719999999998,479.0880000000002
10827,2024-04-06,1162,Beauty,East,3,397.48,0.35,Card,5,3.9,1192.44,2024,4,April,278.236,834.708,357.7320000000001
10828,2024-04-07,1214,Home,East,4,70.54,0.01,Card,4,1.8,282.16,2024,4,April,49.378,197.512,84.64800000000002
10829,2024-04-08,1732,Home,West,1,201.53,0.31,Card,6,4.8,201.53,2024,4,April,141.071,141.071,60.459
10830,2024-04-09,1234,Electronics,West,4,595.8,0.0,Card,6,3.7,2383.2,2024,4,April,417.05999999999995,1668.2399999999998,714.96
10831,2024-04-10,1842,Clothing,West,1,411.88,0.13,Wallet,10,4.8,411.88,2024,4,April,288.316,288.316,123.56400000000002
10832,2024-04-11,1657,Electronics,West,1,442.09,0.06,Wallet,6,1.8,442.09,2024,4,April,309.46299999999997,309.46299999999997,132.627
10833,2024-04-12,1750,Electronics,South,2,139.56,0.27,COD,3,4.5,279.12,2024,4,April,97.692,195.384,83.73600000000002
10834,2024-04-13,1587,Beauty,North,3,61.09,0.02,Wallet,7,3.7,183.27,2024,4,April,42.763,128.289,54.98100000000002
10835,2024-04-14,1008,Electronics,East,7,176.99,0.19,Card,3,3.2,1238.93,2024,4,April,123.893,867.251,371.6790000000001
10836,2024-04-15,1073,Home,North,7,160.61,0.1,Wallet,6,4.3,1124.27,2024,4,April,112.427,786.989,337.28099999999995
10837,2024-04-16,1953,Home,East,5,152.21,0.05,COD,10,3.5,761.0500000000001,2024,4,April,106.547,532.735,228.31500000000005
10838,2024-04-17,1491,Beauty,North,7,127.76,0.27,Card,1,3.7,894.32,2024,4,April,89.432,626.024,268.29600000000005
10839,2024-04-18,1912,Beauty,South,1,351.23,0.08,Card,8,2.0,351.23,2024,4,April,245.861,245.861,105.36900000000003
10840,2024-04-19,1252,Electronics,West,6,206.94,0.08,Card,7,4.3,1241.6399999999999,2024,4,April,144.85799999999998,869.1479999999999,372.49199999999996
10841,2024-04-20,1229,Electronics,North,3,494.9,0.1,Card,9,3.6,1484.6999999999998,2024,4,April,346.42999999999995,1039.29,445.40999999999985
10842,2024-04-21,1518,Clothing,East,5,122.61,0.21,Card,3,4.4,613.05,2024,4,April,85.827,429.135,183.91499999999996
10843,2024-04-22,1173,Electronics,North,7,286.81,0.23,Card,8,2.4,2007.67,2024,4,April,200.767,1405.369,602.3010000000002
10844,2024-04-23,1652,Electronics,South,7,22.99,0.01,Card,2,2.3,160.92999999999998,2024,4,April,16.092999999999996,112.65099999999998,48.278999999999996
10845,2024-04-24,1167,Clothing,South,6,296.78,0.08,Card,9,1.1,1780.6799999999998,2024,4,April,207.74599999999998,1246.4759999999999,534.204
10846,2024-04-25,1169,Home,North,4,47.67,0.15,Wallet,1,4.1,190.68,2024,4,April,33.369,133.476,57.20400000000001
10847,2024-04-26,1392,Clothing,West,3,586.97,0.12,Card,10,2.3,1760.91,2024,4,April,410.879,1232.6370000000002,528.2729999999999
10848,2024-04-27,1945,Electronics,East,6,477.5,0.31,Card,7,2.3,2865.0,2024,4,April,334.25,2005.5,859.5
10849,2024-04-28,1794,Home,South,7,301.72,0.28,COD,10,3.8,2112.04,2024,4,April,211.204,1478.428,633.6119999999999
10850,2024-04-29,1633,Electronics,South,3,65.65,0.22,Wallet,1,2.0,196.95000000000002,2024,4,April,45.955,137.865,59.08500000000001
10851,2024-04-30,1193,Electronics,North,3,361.58,0.12,Card,6,4.6,1084.74,2024,4,April,253.10599999999997,759.3179999999999,325.42200000000014
10852,2024-05-01,1516,Home,South,7,458.88,0.25,Wallet,1,3.2,3212.16,2024,5,May,321.21599999999995,2248.5119999999997,963.6480000000001
10853,2024-05-02,1028,Clothing,South,4,126.57,0.3,Card,4,4.9,506.28,2024,5,May,88.59899999999999,354.39599999999996,151.88400000000001
10854,2024-05-03,1164,Home,East,4,347.4,0.21,Card,7,1.3,1389.6,2024,5,May,243.17999999999998,972.7199999999999,416.88
10855,2024-05-04,1421,Electronics,West,7,491.31,0.27,Card,2,2.3,3439.17,2024,5,May,343.917,2407.419,1031.7510000000002
10856,2024-05-05,1338,Home,East,3,464.42,0.26,COD,3,2.5,1393.26,2024,5,May,325.094,975.2819999999999,417.97800000000007
10857,2024-05-06,1647,Clothing,West,6,484.75,0.2,Card,4,3.9,2908.5,2024,5,May,339.325,2035.9499999999998,872.5500000000002
10858,2024-05-07,1495,Clothing,East,2,529.4,0.11,COD,6,1.9,1058.8,2024,5,May,370.58,741.16,317.64
10859,2024-05-08,1364,Clothing,North,1,563.54,0.26,Card,9,2.5,563.54,2024,5,May,394.47799999999995,394.47799999999995,169.062
10860,2024-05-09,1832,Beauty,South,4,252.23,0.07,COD,4,4.6,1008.92,2024,5,May,176.56099999999998,706.2439999999999,302.67600000000004
10861,2024-05-10,1341,Clothing,West,7,347.73,0.27,Card,6,1.5,2434.11,2024,5,May,243.411,1703.877,730.2330000000002
10862,2024-05-11,1499,Clothing,North,2,477.54,0.28,COD,7,4.0,955.08,2024,5,May,334.278,668.556,286.524
10863,2024-05-12,1656,Beauty,South,4,422.83,0.29,COD,4,3.8,1691.32,2024,5,May,295.981,1183.924,507.39599999999996
10864,2024-05-13,1510,Home,South,3,597.38,0.17,COD,6,1.5,1792.1399999999999,2024,5,May,418.166,1254.498,537.6419999999998
10865,2024-05-14,1326,Clothing,South,7,23.0,0.07,Card,3,3.8,161.0,2024,5,May,16.099999999999998,112.69999999999999,48.30000000000001
10866,2024-05-15,1216,Home,East,2,222.75,0.03,Wallet,5,3.3,445.5,2024,5,May,155.92499999999998,311.84999999999997,133.65000000000003
10867,2024-05-16,1300,Clothing,North,7,179.4,0.26,COD,11,2.2,1255.8,2024,5,May,125.58,879.06,376.74
10868,2024-05-17,1131,Electronics,North,6,168.45,0.31,Card,10,2.2,1010.6999999999999,2024,5,May,117.91499999999998,707.4899999999999,303.21000000000004
10869,2024-05-18,1803,Clothing,South,6,145.18,0.23,Wallet,4,4.3,871.08,2024,5,May,101.626,609.7560000000001,261.32399999999996
10870,2024-05-19,1069,Beauty,West,5,429.84,0.05,COD,7,1.9,2149.2,2024,5,May,300.888,1504.4399999999998,644.76
10871,2024-05-20,1251,Beauty,North,1,64.58,0.33,COD,6,3.1,64.58,2024,5,May,45.205999999999996,45.205999999999996,19.374000000000002
10872,2024-05-21,1414,Electronics,East,1,448.84,0.35,Card,7,3.7,448.84,2024,5,May,314.188,314.188,134.652
10873,2024-05-22,1786,Clothing,West,4,420.65,0.15,COD,6,1.5,1682.6,2024,5,May,294.455,1177.82,504.78
10874,2024-05-23,1444,Electronics,West,1,161.72,0.21,Card,2,4.7,161.72,2024,5,May,113.204,113.204,48.516000000000005
10875,2024-05-24,1875,Beauty,West,7,162.91,0.27,Card,7,2.0,1140.37,2024,5,May,114.03699999999999,798.2589999999999,342.111
10876,2024-05-25,1181,Beauty,West,7,382.88,0.26,Card,8,2.3,2680.16,2024,5,May,268.01599999999996,1876.1119999999996,804.0480000000002
10877,2024-05-26,1166,Clothing,North,5,460.87,0.34,COD,7,3.7,2304.35,2024,5,May,322.609,1613.0449999999998,691.3050000000001
10878,2024-05-27,1090,Home,South,6,527.74,0.04,Card,4,1.3,3166.44,2024,5,May,369.418,2216.508,949.9320000000002
10879,2024-05-28,1713,Home,West,2,513.5,0.2,Wallet,4,3.5,1027.0,2024,5,May,359.45,718.9,308.1
10880,2024-05-29,1857,Clothing,East,2,579.46,0.24,Card,5,4.7,1158.92,2024,5,May,405.622,811.244,347.67600000000004
10881,2024-05-30,1530,Electronics,East,6,355.11,0.31,Card,9,2.0,2130.66,2024,5,May,248.577,1491.462,639.1979999999999
10882,2024-05-31,1038,Clothing,South,3,546.56,0.31,COD,5,2.4,1639.6799999999998,2024,5,May,382.5919999999999,1147.7759999999998,491.904
10883,2024-06-01,1125,Home,North,6,487.98,0.34,COD,2,1.9,2927.88,2024,6,June,341.586,2049.516,878.364
10884,2024-06-02,1450,Home,South,2,538.38,0.18,Card,5,4.3,1076.76,2024,6,June,376.866,753.732,323.028
10885,2024-06-03,1172,Clothing,West,4,21.8,0.29,Card,3,1.7,87.2,2024,6,June,15.26,61.04,26.160000000000004
10886,2024-06-04,1652,Beauty,North,5,580.05,0.15,Card,10,2.4,2900.25,2024,6,June,406.03499999999997,2030.1749999999997,870.0750000000003
10887,2024-06-05,1753,Electronics,North,6,292.02,0.15,COD,8,3.4,1752.12,2024,6,June,204.414,1226.484,525.636
10888,2024-06-06,1219,Clothing,West,3,481.94,0.09,Card,10,2.6,1445.82,2024,6,June,337.358,1012.0740000000001,433.74599999999987
10889,2024-06-07,1637,Home,East,4,89.41,0.29,COD,10,1.3,357.64,2024,6,June,62.586999999999996,250.34799999999998,107.292
10890,2024-06-08,1057,Home,West,6,246.63,0.35,COD,2,4.8,1479.78,2024,6,June,172.641,1035.846,443.93399999999997
10891,2024-06-09,1659,Clothing,South,4,173.8,0.09,Card,11,2.4,695.2,2024,6,June,121.66,486.64,208.56000000000006
10892,2024-06-10,1475,Electronics,West,6,185.62,0.02,Card,4,2.8,1113.72,2024,6,June,129.934,779.604,334.116
10893,2024-06-11,1455,Electronics,East,4,87.1,0.29,Card,5,1.7,348.4,2024,6,June,60.96999999999999,243.87999999999997,104.52000000000001
10894,2024-06-12,1828,Clothing,West,7,486.37,0.22,Card,4,4.5,3404.59,2024,6,June,340.459,2383.213,1021.377
10895,2024-06-13,1894,Clothing,South,1,20.41,0.34,COD,5,2.2,20.41,2024,6,June,14.286999999999999,14.286999999999999,6.123000000000001
10896,2024-06-14,1360,Electronics,South,4,197.82,0.09,COD,10,1.1,791.28,2024,6,June,138.474,553.896,237.38400000000001
10897,2024-06-15,1934,Home,East,7,117.03,0.02,COD,11,2.3,819.21,2024,6,June,81.92099999999999,573.4469999999999,245.76300000000015
10898,2024-06-16,1000,Clothing,South,1,359.59,0.17,Card,4,4.9,359.59,2024,6,June,251.71299999999997,251.71299999999997,107.87700000000001
10899,2024-06-17,1386,Home,South,2,163.74,0.03,Wallet,3,1.6,327.48,2024,6,June,114.618,229.236,98.24400000000003
10900,2024-06-18,1972,Home,West,1,166.51,0.09,Card,1,1.1,166.51,2024,6,June,116.55699999999999,116.55699999999999,49.953
10901,2024-06-19,1347,Electronics,North,4,300.68,0.04,Card,4,3.3,1202.72,2024,6,June,210.476,841.904,360.81600000000003
10902,2024-06-20,1189,Electronics,South,5,396.82,0.08,COD,9,2.5,1984.1,2024,6,June,277.774,1388.87,595.23
10903,2024-06-21,1504,Home,South,5,85.96,0.04,Wallet,1,4.2,429.79999999999995,2024,6,June,60.17199999999999,300.85999999999996,128.94
10904,2024-06-22,1190,Clothing,East,2,117.67,0.33,Card,7,3.9,235.34,2024,6,June,82.369,164.738,70.602
10905,2024-06-23,1507,Home,East,4,159.6,0.1,COD,3,1.7,638.4,2024,6,June,111.71999999999998,446.87999999999994,191.52000000000004
10906,2024-06-24,1368,Home,West,1,584.64,0.16,Wallet,8,3.3,584.64,2024,6,June,409.248,409.248,175.392
10907,2024-06-25,1408,Home,West,5,247.33,0.31,COD,6,1.1,1236.65,2024,6,June,173.131,865.655,370.9950000000001
10908,2024-06-26,1823,Beauty,South,6,365.41,0.24,Card,1,2.8,2192.46,2024,6,June,255.787,1534.722,657.738
10909,2024-06-27,1928,Clothing,North,3,156.3,0.22,Wallet,10,3.9,468.90000000000003,2024,6,June,109.41,328.23,140.67000000000002
10910,2024-06-28,1933,Clothing,North,4,301.92,0.25,COD,5,2.7,1207.68,2024,6,June,211.344,845.376,362.3040000000001
10911,2024-06-29,1116,Clothing,West,7,58.36,0.29,COD,8,1.5,408.52,2024,6,June,40.852,285.964,122.55599999999998
10912,2024-06-30,1133,Electronics,East,7,35.32,0.31,COD,11,1.2,247.24,2024,6,June,24.724,173.068,74.172
10913,2024-07-01,1057,Clothing,South,6,289.21,0.22,Wallet,3,4.4,1735.2599999999998,2024,7,July,202.44699999999997,1214.6819999999998,520.578
10914,2024-07-02,1555,Electronics,South,6,248.22,0.31,Card,4,4.6,1489.32,2024,7,July,173.754,1042.524,446.79600000000005
10915,2024-07-03,1684,Beauty,North,4,95.07,0.19,Card,7,2.4,380.28,2024,7,July,66.54899999999999,266.19599999999997,114.084
10916,2024-07-04,1671,Clothing,West,3,417.25,0.1,COD,11,1.7,1251.75,2024,7,July,292.075,876.2249999999999,375.5250000000001
10917,2024-07-05,1172,Clothing,North,5,595.85,0.31,Card,6,4.9,2979.25,2024,7,July,417.09499999999997,2085.475,893.7750000000001
10918,2024-07-06,1828,Clothing,North,3,246.45,0.19,Card,7,3.2,739.3499999999999,2024,7,July,172.515,517.545,221.80499999999995
10919,2024-07-07,1814,Electronics,West,2,380.37,0.32,COD,9,2.9,760.74,2024,7,July,266.259,532.518,228.22199999999998
10920,2024-07-08,1148,Electronics,East,1,578.34,0.01,Card,9,4.0,578.34,2024,7,July,404.838,404.838,173.502
10921,2024-07-09,1079,Clothing,South,1,501.45,0.14,COD,2,1.7,501.45,2024,7,July,351.015,351.015,150.435
10922,2024-07-10,1885,Electronics,East,6,286.18,0.33,Wallet,3,3.3,1717.08,2024,7,July,200.326,1201.956,515.124
10923,2024-07-11,1212,Clothing,West,5,446.43,0.09,Card,4,4.6,2232.15,2024,7,July,312.501,1562.5049999999999,669.6450000000002
10924,2024-07-12,1202,Beauty,West,3,89.96,0.33,Wallet,6,1.1,269.88,2024,7,July,62.971999999999994,188.916,80.964
10925,2024-07-13,1763,Beauty,South,6,314.58,0.33,Card,5,3.7,1887.48,2024,7,July,220.206,1321.2359999999999,566.2440000000001
10926,2024-07-14,1228,Home,East,4,178.25,0.31,Wallet,6,3.2,713.0,2024,7,July,124.77499999999999,499.09999999999997,213.90000000000003
10927,2024-07-15,1675,Electronics,South,6,109.28,0.2,Wallet,11,4.8,655.6800000000001,2024,7,July,76.496,458.976,196.70400000000006
10928,2024-07-16,1226,Beauty,North,4,264.37,0.23,Card,8,2.0,1057.48,2024,7,July,185.059,740.236,317.244
10929,2024-07-17,1658,Beauty,North,4,91.64,0.3,Card,2,4.4,366.56,2024,7,July,64.148,256.592,109.96800000000002
10930,2024-07-18,1531,Electronics,North,2,423.91,0.27,Card,6,2.2,847.82,2024,7,July,296.737,593.474,254.346
10931,2024-07-19,1440,Home,East,2,281.9,0.22,Wallet,9,2.7,563.8,2024,7,July,197.32999999999998,394.65999999999997,169.14
10932,2024-07-20,1401,Electronics,North,4,325.72,0.34,Wallet,5,1.9,1302.88,2024,7,July,228.004,912.016,390.86400000000015
10933,2024-07-21,1046,Home,South,5,100.63,0.24,Card,1,4.5,503.15,2024,7,July,70.44099999999999,352.2049999999999,150.94500000000005
10934,2024-07-22,1232,Beauty,East,2,96.77,0.34,COD,8,1.8,193.54,2024,7,July,67.73899999999999,135.47799999999998,58.06200000000001
10935,2024-07-23,1304,Electronics,South,2,356.3,0.02,Card,4,4.4,712.6,2024,7,July,249.41,498.82,213.78000000000003
10936,2024-07-24,1525,Beauty,West,1,591.23,0.05,COD,8,2.8,591.23,2024,7,July,413.861,413.861,177.36900000000003
10937,2024-07-25,1142,Clothing,East,6,71.31,0.16,Wallet,4,4.3,427.86,2024,7,July,49.917,299.502,128.358
10938,2024-07-26,1414,Beauty,South,1,182.15,0.13,Card,11,2.1,182.15,2024,7,July,127.505,127.505,54.64500000000001
10939,2024-07-27,1512,Clothing,South,5,523.63,0.27,Wallet,8,1.5,2618.15,2024,7,July,366.541,1832.705,785.4450000000002
10940,2024-07-28,1372,Home,East,2,57.28,0.06,Wallet,9,3.2,114.56,2024,7,July,40.096,80.192,34.36800000000001
10941,2024-07-29,1565,Electronics,West,7,527.39,0.34,Wallet,5,3.0,3691.73,2024,7,July,369.17299999999994,2584.211,1107.5190000000002
10942,2024-07-30,1885,Electronics,East,2,321.71,0.11,Card,5,2.4,643.42,2024,7,July,225.19699999999997,450.39399999999995,193.026
10943,2024-07-31,1258,Electronics,North,3,253.84,0.15,Card,2,3.7,761.52,2024,7,July,177.688,533.064,228.45600000000002
10944,2024-08-01,1655,Beauty,North,5,196.16,0.1,Card,9,1.4,980.8,2024,8,August,137.31199999999998,686.56,294.24
10945,2024-08-02,1470,Home,West,7,188.81,0.2,COD,11,3.5,1321.67,2024,8,August,132.167,925.169,396.5010000000001
10946,2024-08-03,1952,Beauty,South,6,193.89,0.02,COD,4,1.8,1163.34,2024,8,August,135.72299999999998,814.338,349.00199999999995
10947,2024-08-04,1970,Beauty,South,6,532.61,0.05,Card,3,1.5,3195.66,2024,8,August,372.827,2236.962,958.6979999999999
10948,2024-08-05,1011,Electronics,South,7,438.42,0.26,COD,2,4.6,3068.94,2024,8,August,306.894,2148.258,920.6820000000002
10949,2024-08-06,1329,Clothing,East,6,406.79,0.07,Card,3,2.8,2440.7400000000002,2024,8,August,284.753,1708.518,732.2220000000002
10950,2024-08-07,1735,Electronics,East,7,482.27,0.08,Card,4,4.1,3375.89,2024,8,August,337.58899999999994,2363.1229999999996,1012.7670000000003
10951,2024-08-08,1783,Electronics,West,5,165.41,0.28,Card,9,1.4,827.05,2024,8,August,115.78699999999999,578.935,248.115
10952,2024-08-09,1967,Electronics,North,7,376.56,0.03,Card,6,1.2,2635.92,2024,8,August,263.592,1845.1439999999998,790.7760000000003
10953,2024-08-10,1357,Clothing,South,7,284.14,0.15,Card,10,3.0,1988.98,2024,8,August,198.89799999999997,1392.2859999999998,596.6940000000002
10954,2024-08-11,1971,Electronics,North,3,472.73,0.01,Card,5,2.3,1418.19,2024,8,August,330.911,992.733,425.4570000000001
10955,2024-08-12,1407,Electronics,East,3,195.91,0.12,Wallet,9,1.0,587.73,2024,8,August,137.137,411.411,176.31900000000002
10956,2024-08-13,1667,Electronics,East,1,391.26,0.24,COD,8,1.7,391.26,2024,8,August,273.88199999999995,273.88199999999995,117.37800000000004
10957,2024-08-14,1372,Electronics,East,5,531.09,0.03,Card,6,1.9,2655.4500000000003,2024,8,August,371.763,1858.8149999999998,796.6350000000004
10958,2024-08-15,1007,Beauty,North,5,250.26,0.31,COD,3,2.2,1251.3,2024,8,August,175.182,875.91,375.39
10959,2024-08-16,1121,Home,West,3,53.97,0.32,COD,7,4.5,161.91,2024,8,August,37.778999999999996,113.33699999999999,48.57300000000001
10960,2024-08-17,1347,Beauty,West,4,316.89,0.04,Card,10,2.7,1267.56,2024,8,August,221.82299999999998,887.2919999999999,380.26800000000003
10961,2024-08-18,1675,Clothing,East,4,217.39,0.35,COD,6,3.7,869.56,2024,8,August,152.17299999999997,608.6919999999999,260.86800000000005
10962,2024-08-19,1089,Electronics,South,1,408.25,0.1,COD,11,1.1,408.25,2024,8,August,285.775,285.775,122.47500000000002
10963,2024-08-20,1647,Home,North,4,571.35,0.03,COD,8,4.3,2285.4,2024,8,August,399.945,1599.78,685.6200000000001
10964,2024-08-21,1697,Electronics,East,4,299.08,0.0,COD,6,2.0,1196.32,2024,8,August,209.35599999999997,837.4239999999999,358.8960000000001
10965,2024-08-22,1315,Electronics,North,4,287.72,0.14,COD,11,2.2,1150.88,2024,8,August,201.404,805.616,345.2640000000001
10966,2024-08-23,1177,Electronics,North,2,397.93,0.22,Card,10,1.2,795.86,2024,8,August,278.551,557.102,238.75800000000004
10967,2024-08-24,1539,Electronics,West,1,75.55,0.12,Wallet,4,2.6,75.55,2024,8,August,52.885,52.885,22.665
10968,2024-08-25,1731,Electronics,East,3,163.3,0.29,Card,10,4.4,489.90000000000003,2024,8,August,114.31,342.93,146.97000000000003
10969,2024-08-26,1868,Clothing,West,4,552.6,0.25,Wallet,7,2.5,2210.4,2024,8,August,386.82,1547.28,663.1200000000001
10970,2024-08-27,1040,Home,East,6,406.92,0.12,Card,7,4.6,2441.52,2024,8,August,284.844,1709.0639999999999,732.4560000000001
10971,2024-08-28,1739,Electronics,North,7,22.86,0.26,Card,11,4.5,160.01999999999998,2024,8,August,16.002,112.014,48.005999999999986
10972,2024-08-29,1703,Electronics,West,2,134.71,0.33,COD,8,1.2,269.42,2024,8,August,94.297,188.594,80.82600000000002
10973,2024-08-30,1922,Home,North,4,414.46,0.03,Card,2,2.2,1657.84,2024,8,August,290.12199999999996,1160.4879999999998,497.3520000000001
10974,2024-08-31,1501,Electronics,East,7,462.17,0.11,Wallet,11,4.6,3235.19,2024,8,August,323.519,2264.633,970.5570000000002
10975,2024-09-01,1958,Electronics,South,7,506.32,0.16,Card,6,1.1,3544.24,2024,9,September,354.424,2480.968,1063.272
10976,2024-09-02,1144,Beauty,West,2,185.92,0.17,COD,3,4.1,371.84,2024,9,September,130.14399999999998,260.28799999999995,111.55200000000002
10977,2024-09-03,1200,Electronics,West,1,559.65,0.19,Card,8,4.6,559.65,2024,9,September,391.75499999999994,391.75499999999994,167.89500000000004
10978,2024-09-04,1928,Electronics,North,6,338.47,0.11,Card,4,4.1,2030.8200000000002,2024,9,September,236.929,1421.574,609.2460000000001
10979,2024-09-05,1723,Clothing,North,6,422.48,0.23,Card,4,4.0,2534.88,2024,9,September,295.736,1774.416,760.4640000000002
10980,2024-09-06,1460,Electronics,South,6,364.09,0.23,COD,2,4.4,2184.54,2024,9,September,254.86299999999997,1529.1779999999999,655.3620000000001
10981,2024-09-07,1731,Clothing,West,4,86.8,0.2,COD,6,3.7,347.2,2024,9,September,60.75999999999999,243.03999999999996,104.16000000000003
10982,2024-09-08,1751,Home,East,2,578.42,0.04,COD,6,2.7,1156.84,2024,9,September,404.89399999999995,809.7879999999999,347.052
10983,2024-09-09,1924,Electronics,East,6,86.88,0.17,Wallet,1,1.3,521.28,2024,9,September,60.815999999999995,364.89599999999996,156.38400000000001
10984,2024-09-10,1908,Clothing,West,7,164.11,0.12,COD,8,4.2,1148.77,2024,9,September,114.877,804.139,344.631
10985,2024-09-11,1557,Clothing,West,7,490.97,0.17,Wallet,3,4.6,3436.79,2024,9,September,343.679,2405.7529999999997,1031.0370000000003
10986,2024-09-12,1546,Electronics,West,5,376.88,0.32,Card,1,3.0,1884.4,2024,9,September,263.816,1319.08,565.3200000000002
10987,2024-09-13,1252,Clothing,South,5,505.32,0.17,Card,10,3.1,2526.6,2024,9,September,353.724,1768.62,757.98
10988,2024-09-14,1389,Electronics,East,2,316.71,0.0,Card,1,2.6,633.42,2024,9,September,221.69699999999997,443.39399999999995,190.026
10989,2024-09-15,1593,Clothing,East,4,235.54,0.15,Card,1,4.4,942.16,2024,9,September,164.878,659.512,282.648
10990,2024-09-16,1882,Electronics,North,4,554.28,0.29,COD,5,1.1,2217.12,2024,9,September,387.996,1551.984,665.136
10991,2024-09-17,1255,Clothing,North,1,36.21,0.27,COD,5,3.5,36.21,2024,9,September,25.346999999999998,25.346999999999998,10.863000000000003
10992,2024-09-18,1708,Electronics,West,1,515.84,0.18,COD,1,4.6,515.84,2024,9,September,361.088,361.088,154.752
10993,2024-09-19,1814,Home,North,6,150.03,0.09,COD,5,1.4,900.1800000000001,2024,9,September,105.021,630.126,270.0540000000001
10994,2024-09-20,1920,Electronics,South,3,511.51,0.16,Wallet,7,4.8,1534.53,2024,9,September,358.05699999999996,1074.1709999999998,460.35900000000015
10995,2024-09-21,1449,Clothing,East,7,96.43,0.2,Wallet,5,4.9,675.01,2024,9,September,67.501,472.50700000000006,202.50299999999993
10996,2024-09-22,1009,Clothing,East,1,354.43,0.35,Card,9,4.7,354.43,2024,9,September,248.101,248.101,106.32900000000001
10997,2024-09-23,1823,Home,North,4,534.54,0.23,Card,4,2.9,2138.16,2024,9,September,374.17799999999994,1496.7119999999998,641.4480000000001
10998,2024-09-24,1797,Clothing,West,7,292.02,0.24,Card,9,2.5,2044.1399999999999,2024,9,September,204.414,1430.898,613.242
10999,2024-09-25,1241,Home,North,3,451.74,0.17,Card,8,3.8,1355.22,2024,9,September,316.21799999999996,948.6539999999999,406.56600000000014
11000,2024-09-26,1250,Home,West,1,485.73,0.12,COD,1,2.3,485.73,2024,9,September,340.01099999999997,340.01099999999997,145.71900000000005
11001,2024-09-27,1876,Beauty,South,2,445.85,0.28,COD,4,1.3,891.7,2024,9,September,312.09499999999997,624.1899999999999,267.5100000000001
11002,2024-09-28,1004,Electronics,East,5,556.32,0.17,Card,7,4.6,2781.6000000000004,2024,9,September,389.42400000000004,1947.1200000000001,834.4800000000002
11003,2024-09-29,1118,Clothing,South,1,276.4,0.35,COD,1,3.5,276.4,2024,9,September,193.47999999999996,193.47999999999996,82.92000000000002
11004,2024-09-30,1800,Home,East,1,116.28,0.16,COD,8,1.8,116.28,2024,9,September,81.396,81.396,34.884
11005,2024-10-01,1373,Beauty,South,2,42.97,0.02,Card,11,1.1,85.94,2024,10,October,30.078999999999997,60.157999999999994,25.782000000000004
11006,2024-10-02,1064,Beauty,North,4,159.18,0.24,Card,2,3.9,636.72,2024,10,October,111.426,445.704,191.01600000000002
11007,2024-10-03,1145,Clothing,South,6,98.77,0.02,Wallet,8,4.4,592.62,2024,10,October,69.139,414.83399999999995,177.78600000000006
11008,2024-10-04,1223,Electronics,South,2,341.4,0.09,COD,11,2.6,682.8,2024,10,October,238.97999999999996,477.9599999999999,204.84000000000003
11009,2024-10-05,1238,Clothing,North,6,123.19,0.12,Card,4,1.3,739.14,2024,10,October,86.23299999999999,517.3979999999999,221.74200000000008
11010,2024-10-06,1176,Home,East,1,37.78,0.26,Card,8,3.6,37.78,2024,10,October,26.445999999999998,26.445999999999998,11.334000000000003
11011,2024-10-07,1778,Clothing,East,4,36.05,0.17,Card,1,2.2,144.2,2024,10,October,25.234999999999996,100.93999999999998,43.260000000000005
11012,2024-10-08,1852,Clothing,North,3,501.47,0.01,Card,5,1.6,1504.41,2024,10,October,351.029,1053.087,451.3230000000001
11013,2024-10-09,1281,Home,South,1,361.0,0.22,Wallet,9,3.0,361.0,2024,10,October,252.7,252.7,108.30000000000001
11014,2024-10-10,1062,Clothing,South,2,224.48,0.14,Card,7,2.9,448.96,2024,10,October,157.136,314.272,134.688
11015,2024-10-11,1216,Beauty,South,3,538.12,0.32,Card,3,3.1,1614.3600000000001,2024,10,October,376.68399999999997,1130.052,484.3080000000002
11016,2024-10-12,1853,Clothing,West,5,56.07,0.17,Card,4,4.3,280.35,2024,10,October,39.248999999999995,196.24499999999998,84.10500000000005
11017,2024-10-13,1826,Electronics,East,3,588.49,0.25,COD,10,2.9,1765.47,2024,10,October,411.943,1235.829,529.6410000000001
11018,2024-10-14,1794,Clothing,South,2,375.53,0.08,Card,7,4.6,751.06,2024,10,October,262.871,525.742,225.31799999999998
11019,2024-10-15,1688,Home,East,7,122.33,0.27,Card,6,4.4,856.31,2024,10,October,85.631,599.417,256.8929999999999
11020,2024-10-16,1460,Electronics,South,3,412.26,0.25,COD,4,3.6,1236.78,2024,10,October,288.582,865.746,371.034
11021,2024-10-17,1928,Electronics,North,2,461.58,0.32,Card,3,1.2,923.16,2024,10,October,323.106,646.212,276.948
11022,2024-10-18,1609,Beauty,North,7,266.17,0.01,Card,11,4.5,1863.19,2024,10,October,186.319,1304.233,558.9570000000001
11023,2024-10-19,1104,Electronics,East,1,519.06,0.16,Card,2,4.6,519.06,2024,10,October,363.3419999999999,363.3419999999999,155.71800000000002
11024,2024-10-20,1098,Clothing,East,7,103.18,0.24,COD,10,2.5,722.26,2024,10,October,72.226,505.582,216.678
11025,2024-10-21,1510,Clothing,North,4,178.12,0.03,Wallet,9,3.1,712.48,2024,10,October,124.684,498.736,213.74400000000003
11026,2024-10-22,1384,Clothing,West,5,69.69,0.14,Card,3,2.1,348.45,2024,10,October,48.782999999999994,243.91499999999996,104.53500000000003
11027,2024-10-23,1404,Clothing,North,7,138.36,0.33,Card,7,1.1,968.5200000000001,2024,10,October,96.852,677.964,290.55600000000004
11028,2024-10-24,1822,Electronics,South,4,154.66,0.15,Card,1,2.9,618.64,2024,10,October,108.26199999999999,433.04799999999994,185.59200000000004
11029,2024-10-25,1517,Clothing,West,4,551.82,0.34,COD,8,1.5,2207.28,2024,10,October,386.274,1545.096,662.1840000000002
11030,2024-10-26,1475,Clothing,North,4,60.69,0.02,COD,1,1.7,242.76,2024,10,October,42.483,169.932,72.828
11031,2024-10-27,1976,Home,West,7,265.04,0.25,COD,2,2.9,1855.2800000000002,2024,10,October,185.528,1298.696,556.5840000000003
11032,2024-10-28,1708,Electronics,West,2,326.45,0.2,COD,1,4.5,652.9,2024,10,October,228.515,457.03,195.87
11033,2024-10-29,1862,Clothing,West,2,540.74,0.18,Wallet,4,4.4,1081.48,2024,10,October,378.518,757.036,324.4440000000001
11034,2024-10-30,1644,Electronics,East,5,598.65,0.34,Wallet,2,4.9,2993.25,2024,10,October,419.05499999999995,2095.2749999999996,897.9750000000004
11035,2024-10-31,1869,Electronics,North,2,455.73,0.05,COD,1,2.9,911.46,2024,10,October,319.01099999999997,638.0219999999999,273.4380000000001
11036,2024-11-01,1770,Electronics,East,6,582.91,0.31,COD,1,3.2,3497.46,2024,11,November,408.037,2448.2219999999998,1049.2380000000003
11037,2024-11-02,1436,Electronics,East,2,475.45,0.24,Card,2,4.3,950.9,2024,11,November,332.815,665.63,285.27
11038,2024-11-03,1022,Home,South,2,578.47,0.09,COD,6,3.8,1156.94,2024,11,November,404.929,809.858,347.0820000000001
11039,2024-11-04,1996,Electronics,South,2,428.75,0.32,COD,2,1.7,857.5,2024,11,November,300.125,600.25,257.25
11040,2024-11-05,1564,Beauty,West,1,61.66,0.15,COD,11,2.6,61.66,2024,11,November,43.16199999999999,43.16199999999999,18.498000000000005
11041,2024-11-06,1676,Beauty,West,5,250.12,0.28,Card,2,4.7,1250.6,2024,11,November,175.084,875.4200000000001,375.17999999999984
11042,2024-11-07,1713,Clothing,South,6,393.26,0.14,COD,8,1.6,2359.56,2024,11,November,275.282,1651.692,707.8679999999999
11043,2024-11-08,1457,Electronics,South,2,220.17,0.3,COD,5,1.8,440.34,2024,11,November,154.11899999999997,308.23799999999994,132.10200000000003
11044,2024-11-09,1082,Clothing,North,5,174.93,0.22,COD,8,2.6,874.6500000000001,2024,11,November,122.451,612.255,262.3950000000001
11045,2024-11-10,1144,Home,West,3,352.78,0.05,Card,8,4.8,1058.34,2024,11,November,246.94599999999997,740.838,317.50199999999995
11046,2024-11-11,1084,Clothing,West,1,561.1,0.23,Card,2,1.5,561.1,2024,11,November,392.77,392.77,168.33000000000004
11047,2024-11-12,1077,Electronics,South,7,35.46,0.07,Card,7,3.7,248.22,2024,11,November,24.822,173.754,74.46600000000001
11048,2024-11-13,1456,Clothing,North,2,465.0,0.14,Wallet,9,1.5,930.0,2024,11,November,325.5,651.0,279.0
11049,2024-11-14,1877,Home,South,6,437.8,0.06,COD,8,3.1,2626.8,2024,11,November,306.46,1838.7599999999998,788.0400000000004
11050,2024-11-15,1000,Home,South,1,578.91,0.01,Card,9,3.1,578.91,2024,11,November,405.23699999999997,405.23699999999997,173.673
11051,2024-11-16,1050,Electronics,East,6,559.47,0.07,Card,8,1.2,3356.82,2024,11,November,391.629,2349.7740000000003,1007.0459999999998
11052,2024-11-17,1684,Home,West,7,460.91,0.19,COD,4,4.8,3226.3700000000003,2024,11,November,322.637,2258.459,967.9110000000005
11053,2024-11-18,1716,Electronics,North,7,319.44,0.17,Card,10,4.2,2236.08,2024,11,November,223.60799999999998,1565.2559999999999,670.8240000000001
11054,2024-11-19,1771,Electronics,East,1,134.5,0.18,Wallet,7,2.2,134.5,2024,11,November,94.14999999999999,94.14999999999999,40.35000000000001
11055,2024-11-20,1445,Beauty,West,3,333.96,0.09,COD,9,1.5,1001.8799999999999,2024,11,November,233.77199999999996,701.3159999999999,300.56399999999996
11056,2024-11-21,1448,Electronics,South,5,462.73,0.24,Card,9,2.4,2313.65,2024,11,November,323.911,1619.555,694.095
11057,2024-11-22,1880,Electronics,North,1,538.97,0.25,COD,4,4.6,538.97,2024,11,November,377.279,377.279,161.69100000000003
11058,2024-11-23,1487,Electronics,West,4,476.98,0.13,Card,7,1.5,1907.92,2024,11,November,333.88599999999997,1335.5439999999999,572.3760000000002
11059,2024-11-24,1799,Beauty,South,7,129.23,0.31,Wallet,6,2.4,904.6099999999999,2024,11,November,90.46099999999998,633.2269999999999,271.38300000000004
11060,2024-11-25,1033,Home,East,3,365.82,0.23,Card,3,3.0,1097.46,2024,11,November,256.07399999999996,768.2219999999999,329.23800000000017
11061,2024-11-26,1347,Clothing,North,7,209.32,0.25,Wallet,10,1.1,1465.24,2024,11,November,146.52399999999997,1025.668,439.5720000000001
11062,2024-11-27,1094,Home,West,4,20.39,0.1,COD,6,2.1,81.56,2024,11,November,14.273,57.092,24.468000000000004
11063,2024-11-28,1071,Electronics,East,3,132.13,0.0,Wallet,8,3.4,396.39,2024,11,November,92.49099999999999,277.47299999999996,118.91700000000003
11064,2024-11-29,1550,Clothing,South,7,81.23,0.3,Card,2,2.3,568.61,2024,11,November,56.861,398.027,170.58300000000003
11065,2024-11-30,1153,Clothing,South,4,507.99,0.29,Card,3,4.5,2031.96,2024,11,November,355.59299999999996,1422.3719999999998,609.5880000000002
11066,2024-12-01,1249,Electronics,West,4,166.23,0.04,COD,8,4.7,664.92,2024,12,December,116.36099999999999,465.44399999999996,199.476
11067,2024-12-02,1673,Clothing,South,7,181.55,0.13,COD,4,2.8,1270.8500000000001,2024,12,December,127.085,889.5949999999999,381.2550000000002
11068,2024-12-03,1437,Beauty,North,7,576.56,0.23,Card,4,3.1,4035.9199999999996,2024,12,December,403.5919999999999,2825.1439999999993,1210.7760000000003
11069,2024-12-04,1117,Electronics,West,6,236.77,0.23,Card,2,3.5,1420.6200000000001,2024,12,December,165.739,994.434,426.18600000000015
11070,2024-12-05,1770,Electronics,East,1,20.61,0.3,Card,11,3.7,20.61,2024,12,December,14.426999999999998,14.426999999999998,6.183000000000002
11071,2024-12-06,1890,Electronics,West,1,181.05,0.05,COD,10,1.3,181.05,2024,12,December,126.735,126.735,54.31500000000001
11072,2024-12-07,1305,Electronics,West,3,84.79,0.15,Card,1,1.2,254.37,2024,12,December,59.353,178.059,76.311
11073,2024-12-08,1267,Beauty,East,5,75.14,0.03,Card,7,4.5,375.7,2024,12,December,52.598,262.99,112.70999999999998
11074,2024-12-09,1960,Clothing,South,7,60.33,0.14,Card,4,1.9,422.31,2024,12,December,42.230999999999995,295.61699999999996,126.69300000000004
11075,2024-12-10,1053,Clothing,East,6,362.06,0.01,Card,6,3.3,2172.36,2024,12,December,253.44199999999998,1520.6519999999998,651.7080000000003
11076,2024-12-11,1235,Home,North,1,125.77,0.31,Card,8,3.5,125.77,2024,12,December,88.03899999999999,88.03899999999999,37.73100000000001
11077,2024-12-12,1388,Electronics,South,1,226.33,0.18,Wallet,11,1.7,226.33,2024,12,December,158.431,158.431,67.899
11078,2024-12-13,1989,Clothing,West,6,519.28,0.3,Card,7,4.0,3115.68,2024,12,December,363.496,2180.9759999999997,934.7040000000002
11079,2024-12-14,1733,Clothing,South,2,263.24,0.02,Wallet,7,4.5,526.48,2024,12,December,184.268,368.536,157.94400000000002
11080,2024-12-15,1762,Clothing,South,6,550.68,0.08,Card,6,2.1,3304.08,2024,12,December,385.47599999999994,2312.8559999999998,991.2240000000002
11081,2024-12-16,1824,Beauty,North,1,306.29,0.09,Card,11,4.5,306.29,2024,12,December,214.403,214.403,91.88700000000003
11082,2024-12-17,1400,Home,South,5,248.32,0.14,Card,4,1.3,1241.6,2024,12,December,173.82399999999998,869.1199999999999,372.48
11083,2024-12-18,1623,Clothing,South,2,453.98,0.28,COD,4,4.2,907.96,2024,12,December,317.786,635.572,272.38800000000003
11084,2024-12-19,1766,Home,South,4,57.81,0.14,COD,9,3.6,231.24,2024,12,December,40.467,161.868,69.37200000000001
11085,2024-12-20,1302,Electronics,West,6,67.34,0.07,COD,11,3.3,404.04,2024,12,December,47.138,282.828,121.21200000000005
11086,2024-12-21,1918,Electronics,South,4,396.4,0.02,Card,5,1.9,1585.6,2024,12,December,277.47999999999996,1109.9199999999998,475.68000000000006
11087,2024-12-22,1206,Electronics,East,2,299.86,0.03,Wallet,9,2.4,599.72,2024,12,December,209.902,419.804,179.91600000000005
11088,2024-12-23,1228,Electronics,South,2,477.39,0.27,Wallet,11,4.6,954.78,2024,12,December,334.17299999999994,668.3459999999999,286.4340000000001
11089,2024-12-24,1852,Clothing,North,2,551.02,0.16,Card,9,2.9,1102.04,2024,12,December,385.71399999999994,771.4279999999999,330.6120000000001
11090,2024-12-25,1909,Clothing,South,3,242.19,0.25,COD,4,3.4,726.5699999999999,2024,12,December,169.533,508.59899999999993,217.971
11091,2024-12-26,1577,Beauty,South,6,363.9,0.24,COD,2,4.7,2183.3999999999996,2024,12,December,254.72999999999996,1528.3799999999997,655.02
11092,2024-12-27,1074,Clothing,West,7,307.91,0.05,Card,2,2.9,2155.3700000000003,2024,12,December,215.537,1508.759,646.6110000000003
11093,2024-12-28,1434,Clothing,East,5,589.24,0.05,Card,9,2.6,2946.2,2024,12,December,412.46799999999996,2062.3399999999997,883.8600000000001
11094,2024-12-29,1102,Electronics,South,5,501.18,0.26,COD,9,4.6,2505.9,2024,12,December,350.82599999999996,1754.1299999999999,751.7700000000002
11095,2024-12-30,1421,Electronics,East,4,548.37,0.25,Wallet,3,4.6,2193.48,2024,12,December,383.859,1535.436,658.0440000000001
11096,2024-12-31,1703,Clothing,North,4,163.79,0.13,Card,5,2.4,655.16,2024,12,December,114.65299999999999,458.61199999999997,196.548
11097,2025-01-01,1763,Clothing,West,7,466.93,0.03,COD,5,3.4,3268.51,2025,1,January,326.851,2287.957,980.5530000000003
11098,2025-01-02,1737,Home,East,4,170.3,0.0,Wallet,2,4.9,681.2,2025,1,January,119.21,476.84,204.36000000000007
11099,2025-01-03,1805,Electronics,West,6,137.11,0.1,Card,2,1.2,822.6600000000001,2025,1,January,95.977,575.8620000000001,246.798
11100,2025-01-04,1305,Electronics,South,1,567.4,0.0,Card,10,1.2,567.4,2025,1,January,397.17999999999995,397.17999999999995,170.22000000000003
11101,2025-01-05,1097,Clothing,North,4,26.29,0.08,COD,1,3.1,105.16,2025,1,January,18.403,73.612,31.548000000000002
11102,2025-01-06,1849,Electronics,West,2,579.75,0.15,Card,2,2.2,1159.5,2025,1,January,405.825,811.65,347.85
11103,2025-01-07,1797,Electronics,South,4,102.32,0.04,Card,11,3.3,409.28,2025,1,January,71.624,286.496,122.78399999999999
11104,2025-01-08,1334,Home,East,2,494.37,0.04,Card,7,3.9,988.74,2025,1,January,346.05899999999997,692.1179999999999,296.62200000000007
11105,2025-01-09,1858,Electronics,North,3,176.41,0.31,Card,1,1.3,529.23,2025,1,January,123.487,370.461,158.769
11106,2025-01-10,1434,Clothing,North,1,220.16,0.2,Wallet,1,4.5,220.16,2025,1,January,154.112,154.112,66.048
11107,2025-01-11,1446,Electronics,East,1,141.8,0.33,COD,9,2.1,141.8,2025,1,January,99.26,99.26,42.540000000000006
11108,2025-01-12,1993,Electronics,East,7,357.53,0.12,Card,2,2.5,2502.71,2025,1,January,250.27099999999996,1751.8969999999997,750.8130000000003
11109,2025-01-13,1307,Clothing,North,6,218.64,0.24,COD,11,2.3,1311.84,2025,1,January,153.04799999999997,918.2879999999998,393.55200000000013
11110,2025-01-14,1248,Home,West,6,399.57,0.07,Wallet,4,4.4,2397.42,2025,1,January,279.69899999999996,1678.1939999999997,719.2260000000003
11111,2025-01-15,1165,Clothing,North,5,24.15,0.22,Card,11,1.7,120.75,2025,1,January,16.904999999999998,84.52499999999999,36.22500000000001
11112,2025-01-16,1480,Home,East,3,52.66,0.05,Card,3,1.1,157.98,2025,1,January,36.861999999999995,110.58599999999998,47.394000000000005
11113,2025-01-17,1983,Electronics,West,7,73.3,0.0,Wallet,11,4.9,513.1,2025,1,January,51.309999999999995,359.16999999999996,153.93000000000006
11114,2025-01-18,1334,Home,South,6,260.11,0.33,Wallet,4,4.9,1560.66,2025,1,January,182.077,1092.462,468.1980000000001
11115,2025-01-19,1541,Electronics,North,2,491.66,0.19,Card,11,2.0,983.32,2025,1,January,344.162,688.324,294.9960000000001
11116,2025-01-20,1758,Home,East,3,534.58,0.32,Card,11,1.0,1603.7400000000002,2025,1,January,374.206,1122.618,481.1220000000003
11117,2025-01-21,1105,Clothing,South,1,158.21,0.12,Card,7,3.6,158.21,2025,1,January,110.747,110.747,47.46300000000001
11118,2025-01-22,1562,Beauty,North,2,351.01,0.11,Card,10,3.6,702.02,2025,1,January,245.70699999999997,491.41399999999993,210.60600000000005
11119,2025-01-23,1080,Clothing,North,7,464.49,0.14,COD,2,4.8,3251.4300000000003,2025,1,January,325.143,2276.0009999999997,975.4290000000005
11120,2025-01-24,1132,Electronics,West,7,183.97,0.25,Card,2,2.2,1287.79,2025,1,January,128.779,901.453,386.337
11121,2025-01-25,1796,Electronics,East,3,254.27,0.2,Card,9,1.8,762.8100000000001,2025,1,January,177.989,533.967,228.84300000000007
11122,2025-01-26,1899,Home,South,1,321.52,0.32,COD,6,3.5,321.52,2025,1,January,225.06399999999996,225.06399999999996,96.45600000000002
11123,2025-01-27,1137,Clothing,North,6,93.9,0.01,Wallet,11,3.3,563.4000000000001,2025,1,January,65.73,394.38,169.0200000000001
11124,2025-01-28,1183,Home,West,2,30.2,0.25,Card,7,3.9,60.4,2025,1,January,21.139999999999997,42.279999999999994,18.120000000000005
11125,2025-01-29,1400,Electronics,South,2,104.39,0.12,Card,5,4.5,208.78,2025,1,January,73.073,146.146,62.634000000000015
11126,2025-01-30,1329,Electronics,South,1,381.71,0.06,Wallet,5,3.2,381.71,2025,1,January,267.19699999999995,267.19699999999995,114.51300000000003
11127,2025-01-31,1784,Electronics,North,2,58.07,0.18,COD,4,1.6,116.14,2025,1,January,40.649,81.298,34.842
11128,2025-02-01,1507,Beauty,South,6,125.97,0.18,Card,8,3.4,755.8199999999999,2025,2,February,88.17899999999999,529.074,226.74599999999998
11129,2025-02-02,1851,Home,North,6,212.64,0.05,Card,7,2.5,1275.84,2025,2,February,148.84799999999998,893.088,382.75199999999995
11130,2025-02-03,1983,Beauty,West,6,60.55,0.07,Card,10,2.8,363.29999999999995,2025,2,February,42.385,254.31,108.98999999999995
11131,2025-02-04,1068,Electronics,West,1,127.14,0.14,COD,2,4.8,127.14,2025,2,February,88.99799999999999,88.99799999999999,38.14200000000001
11132,2025-02-05,1545,Clothing,South,4,548.09,0.14,Card,2,3.2,2192.36,2025,2,February,383.663,1534.652,657.7080000000001
11133,2025-02-06,1773,Home,North,4,26.29,0.11,Card,6,1.6,105.16,2025,2,February,18.403,73.612,31.548000000000002
11134,2025-02-07,1052,Electronics,East,7,397.26,0.05,Card,11,2.8,2780.8199999999997,2025,2,February,278.082,1946.574,834.2459999999996
11135,2025-02-08,1449,Home,West,7,239.88,0.0,Card,1,1.9,1679.1599999999999,2025,2,February,167.916,1175.412,503.7479999999998
11136,2025-02-09,1204,Beauty,North,2,408.5,0.34,COD,7,1.5,817.0,2025,2,February,285.95,571.9,245.10000000000002
11137,2025-02-10,1125,Beauty,North,6,359.38,0.33,Card,8,3.8,2156.2799999999997,2025,2,February,251.56599999999997,1509.3959999999997,646.884
11138,2025-02-11,1746,Home,North,2,145.75,0.17,Card,10,3.5,291.5,2025,2,February,102.02499999999999,204.04999999999998,87.45000000000002
11139,2025-02-12,1042,Electronics,South,1,510.62,0.35,Wallet,8,3.0,510.62,2025,2,February,357.43399999999997,357.43399999999997,153.18600000000004
11140,2025-02-13,1751,Electronics,East,2,302.79,0.24,COD,3,2.7,605.58,2025,2,February,211.953,423.906,181.67400000000004
11141,2025-02-14,1970,Beauty,South,5,496.18,0.02,Card,7,2.3,2480.9,2025,2,February,347.32599999999996,1736.6299999999999,744.2700000000002
11142,2025-02-15,1882,Electronics,West,4,252.52,0.04,COD,1,1.4,1010.08,2025,2,February,176.764,707.056,303.024
11143,2025-02-16,1110,Home,South,2,591.04,0.32,Card,11,2.2,1182.08,2025,2,February,413.72799999999995,827.4559999999999,354.624
11144,2025-02-17,1760,Home,North,2,465.74,0.22,COD,3,4.4,931.48,2025,2,February,326.018,652.036,279.4440000000001
11145,2025-02-18,1662,Clothing,South,3,580.08,0.3,COD,6,4.1,1740.2400000000002,2025,2,February,406.056,1218.168,522.0720000000003
11146,2025-02-19,1182,Beauty,North,2,315.88,0.31,COD,9,4.9,631.76,2025,2,February,221.11599999999999,442.23199999999997,189.52800000000002
11147,2025-02-20,1847,Electronics,East,5,292.11,0.16,COD,5,3.6,1460.5500000000002,2025,2,February,204.477,1022.385,438.1650000000002
11148,2025-02-21,1094,Electronics,South,4,456.94,0.02,Card,5,3.2,1827.76,2025,2,February,319.858,1279.432,548.328
11149,2025-02-22,1970,Electronics,South,3,529.97,0.07,COD,9,2.2,1589.91,2025,2,February,370.979,1112.937,476.9730000000002
11150,2025-02-23,1373,Clothing,South,1,579.03,0.02,Card,9,1.3,579.03,2025,2,February,405.32099999999997,405.32099999999997,173.709
11151,2025-02-24,1911,Electronics,North,7,204.86,0.07,Card,6,3.5,1434.02,2025,2,February,143.402,1003.8139999999999,430.20600000000013
11152,2025-02-25,1519,Electronics,North,1,482.24,0.14,Wallet,5,3.0,482.24,2025,2,February,337.568,337.568,144.67200000000003
11153,2025-02-26,1899,Home,South,4,138.23,0.04,COD,10,4.0,552.92,2025,2,February,96.76099999999998,387.0439999999999,165.87600000000003
11154,2025-02-27,1359,Beauty,South,7,334.16,0.06,Wallet,2,2.6,2339.1200000000003,2025,2,February,233.912,1637.384,701.7360000000003
11155,2025-02-28,1899,Electronics,East,1,120.21,0.16,Card,11,4.9,120.21,2025,2,February,84.14699999999999,84.14699999999999,36.063
11156,2025-03-01,1695,Clothing,East,5,218.23,0.12,COD,8,2.6,1091.1499999999999,2025,3,March,152.761,763.805,327.3449999999999
11157,2025-03-02,1280,Beauty,West,2,559.84,0.16,Card,8,2.3,1119.68,2025,3,March,391.888,783.776,335.9040000000001
11158,2025-03-03,1194,Electronics,East,4,100.46,0.15,COD,7,4.5,401.84,2025,3,March,70.32199999999999,281.28799999999995,120.55200000000002
11159,2025-03-04,1863,Electronics,East,7,384.95,0.23,Card,8,2.6,2694.65,2025,3,March,269.465,1886.2549999999999,808.3950000000002
11160,2025-03-05,1194,Electronics,East,3,361.88,0.33,Card,3,4.5,1085.6399999999999,2025,3,March,253.31599999999997,759.9479999999999,325.692
11161,2025-03-06,1666,Clothing,North,2,85.63,0.04,Card,3,1.1,171.26,2025,3,March,59.940999999999995,119.88199999999999,51.378
11162,2025-03-07,1092,Electronics,East,1,205.7,0.03,COD,2,3.8,205.7,2025,3,March,143.98999999999998,143.98999999999998,61.71000000000001
11163,2025-03-08,1671,Beauty,East,1,344.34,0.3,Card,1,1.3,344.34,2025,3,March,241.03799999999995,241.03799999999995,103.30200000000002
11164,2025-03-09,1945,Clothing,South,3,124.5,0.18,Wallet,3,1.6,373.5,2025,3,March,87.14999999999999,261.45,112.05000000000001
11165,2025-03-10,1060,Clothing,North,5,483.36,0.27,Card,3,3.8,2416.8,2025,3,March,338.352,1691.7599999999998,725.0400000000004
11166,2025-03-11,1633,Electronics,West,3,583.71,0.08,Card,7,2.2,1751.13,2025,3,March,408.597,1225.791,525.3390000000002
11167,2025-03-12,1050,Clothing,West,4,140.63,0.29,Card,10,1.8,562.52,2025,3,March,98.44099999999999,393.76399999999995,168.75600000000003
11168,2025-03-13,1402,Home,East,3,124.34,0.32,Wallet,9,4.2,373.02,2025,3,March,87.038,261.114,111.906
11169,2025-03-14,1788,Home,West,1,281.14,0.22,Card,1,4.8,281.14,2025,3,March,196.79799999999997,196.79799999999997,84.34200000000001
11170,2025-03-15,1004,Home,West,5,452.44,0.04,Card,8,1.9,2262.2,2025,3,March,316.70799999999997,1583.54,678.6599999999999
11171,2025-03-16,1465,Clothing,West,5,179.74,0.31,COD,1,2.3,898.7,2025,3,March,125.818,629.09,269.61
11172,2025-03-17,1603,Beauty,East,6,26.63,0.28,Card,3,3.9,159.78,2025,3,March,18.641,111.84599999999999,47.93400000000001
11173,2025-03-18,1681,Home,West,3,331.61,0.26,COD,4,4.3,994.83,2025,3,March,232.12699999999998,696.381,298.44900000000007
11174,2025-03-19,1828,Home,East,4,574.61,0.01,Card,11,5.0,2298.44,2025,3,March,402.227,1608.908,689.5320000000002
11175,2025-03-20,1533,Electronics,South,1,243.9,0.28,COD,8,2.1,243.9,2025,3,March,170.73,170.73,73.17000000000002
11176,2025-03-21,1404,Electronics,South,2,260.78,0.05,Card,1,3.2,521.56,2025,3,March,182.54599999999996,365.0919999999999,156.46800000000002
11177,2025-03-22,1837,Electronics,West,5,581.81,0.08,COD,2,1.5,2909.0499999999997,2025,3,March,407.26699999999994,2036.3349999999996,872.7150000000001
11178,2025-03-23,1512,Home,South,3,421.35,0.2,COD,11,2.3,1264.0500000000002,2025,3,March,294.945,884.835,379.21500000000015
11179,2025-03-24,1644,Clothing,East,6,435.72,0.09,COD,5,1.2,2614.32,2025,3,March,305.004,1830.0240000000001,784.296
11180,2025-03-25,1232,Clothing,South,4,344.18,0.23,COD,6,1.8,1376.72,2025,3,March,240.926,963.704,413.0160000000001
11181,2025-03-26,1523,Beauty,West,4,585.15,0.21,Wallet,5,3.0,2340.6,2025,3,March,409.60499999999996,1638.4199999999998,702.1800000000001
11182,2025-03-27,1345,Beauty,East,7,417.99,0.04,Card,3,1.7,2925.9300000000003,2025,3,March,292.59299999999996,2048.151,877.7790000000005
11183,2025-03-28,1045,Beauty,North,1,538.59,0.23,Card,10,4.6,538.59,2025,3,March,377.013,377.013,161.57700000000006
11184,2025-03-29,1545,Electronics,East,5,424.14,0.32,COD,7,3.8,2120.7,2025,3,March,296.89799999999997,1484.4899999999998,636.21
11185,2025-03-30,1944,Home,South,1,445.04,0.06,COD,1,1.1,445.04,2025,3,March,311.528,311.528,133.512
11186,2025-03-31,1077,Electronics,North,6,184.89,0.21,Card,2,4.5,1109.34,2025,3,March,129.42299999999997,776.5379999999998,332.80200000000013
11187,2025-04-01,1729,Electronics,East,2,192.54,0.12,COD,11,4.9,385.08,2025,4,April,134.778,269.556,115.524
11188,2025-04-02,1812,Electronics,North,2,473.05,0.16,Card,9,3.0,946.1,2025,4,April,331.135,662.27,283.83000000000004
11189,2025-04-03,1922,Electronics,North,2,188.57,0.1,COD,4,2.3,377.14,2025,4,April,131.999,263.998,113.142
11190,2025-04-04,1072,Clothing,North,4,344.22,0.12,Wallet,8,2.1,1376.88,2025,4,April,240.954,963.816,413.0640000000001
11191,2025-04-05,1793,Home,East,5,160.87,0.01,COD,9,1.3,804.35,2025,4,April,112.609,563.045,241.30500000000006
11192,2025-04-06,1248,Electronics,South,1,492.94,0.34,Card,7,3.0,492.94,2025,4,April,345.058,345.058,147.882
11193,2025-04-07,1046,Home,East,1,79.64,0.22,COD,1,1.2,79.64,2025,4,April,55.748,55.748,23.892000000000003
11194,2025-04-08,1120,Clothing,South,6,500.23,0.18,COD,5,3.0,3001.38,2025,4,April,350.161,2100.966,900.4140000000002
11195,2025-04-09,1213,Electronics,East,2,367.6,0.13,Card,6,2.0,735.2,2025,4,April,257.32,514.64,220.56000000000006
11196,2025-04-10,1238,Clothing,East,5,124.34,0.19,COD,11,2.9,621.7,2025,4,April,87.038,435.19,186.51000000000005
11197,2025-04-11,1055,Electronics,East,5,332.09,0.13,Wallet,8,2.7,1660.4499999999998,2025,4,April,232.46299999999997,1162.3149999999998,498.135
11198,2025-04-12,1349,Clothing,South,6,180.26,0.13,Card,10,2.2,1081.56,2025,4,April,126.18199999999999,757.0919999999999,324.4680000000001
11199,2025-04-13,1106,Clothing,East,3,204.23,0.16,Card,8,2.8,612.6899999999999,2025,4,April,142.96099999999998,428.8829999999999,183.80700000000002
11200,2025-04-14,1830,Electronics,North,5,220.64,0.1,Card,9,2.9,1103.1999999999998,2025,4,April,154.44799999999998,772.2399999999999,330.9599999999999
11201,2025-04-15,1047,Electronics,East,5,52.04,0.06,COD,9,4.3,260.2,2025,4,April,36.428,182.14,78.06
11202,2025-04-16,1572,Clothing,North,1,591.79,0.19,Wallet,4,3.7,591.79,2025,4,April,414.25299999999993,414.25299999999993,177.53700000000003
11203,2025-04-17,1336,Beauty,West,6,33.45,0.29,COD,6,2.7,200.70000000000002,2025,4,April,23.415,140.49,60.21000000000001
11204,2025-04-18,1025,Electronics,West,5,402.56,0.05,Card,3,4.6,2012.8,2025,4,April,281.792,1408.9599999999998,603.8400000000001
11205,2025-04-19,1803,Home,South,5,232.17,0.01,COD,1,4.0,1160.85,2025,4,April,162.51899999999998,812.5949999999999,348.255
11206,2025-04-20,1256,Home,South,1,392.92,0.09,COD,6,1.3,392.92,2025,4,April,275.044,275.044,117.87600000000003
11207,2025-04-21,1007,Beauty,West,5,223.41,0.34,COD,1,1.6,1117.05,2025,4,April,156.387,781.935,335.115
11208,2025-04-22,1624,Home,East,1,409.14,0.29,Card,9,1.3,409.14,2025,4,April,286.39799999999997,286.39799999999997,122.74200000000002
11209,2025-04-23,1866,Clothing,East,3,441.6,0.21,COD,11,2.3,1324.8000000000002,2025,4,April,309.12,927.36,397.44000000000017
11210,2025-04-24,1252,Home,East,4,418.97,0.33,Card,6,2.7,1675.88,2025,4,April,293.279,1173.116,502.7640000000001
11211,2025-04-25,1691,Beauty,West,7,81.67,0.16,Card,1,3.0,571.69,2025,4,April,57.169,400.183,171.50700000000006
11212,2025-04-26,1718,Clothing,North,1,399.28,0.34,COD,11,4.4,399.28,2025,4,April,279.496,279.496,119.78399999999999
11213,2025-04-27,1302,Electronics,South,1,178.79,0.1,Wallet,3,1.1,178.79,2025,4,April,125.15299999999999,125.15299999999999,53.637
11214,2025-04-28,1638,Electronics,North,5,31.85,0.08,Card,1,2.7,159.25,2025,4,April,22.294999999999998,111.475,47.775000000000006
11215,2025-04-29,1055,Home,West,1,257.68,0.22,Wallet,2,2.6,257.68,2025,4,April,180.376,180.376,77.304
11216,2025-04-30,1725,Home,North,6,268.62,0.13,Card,6,4.8,1611.72,2025,4,April,188.034,1128.204,483.5160000000001
11217,2025-05-01,1525,Electronics,East,2,288.3,0.22,COD,7,2.0,576.6,2025,5,May,201.81,403.62,172.98000000000002
11218,2025-05-02,1473,Clothing,East,2,427.32,0.11,Card,1,1.5,854.64,2025,5,May,299.12399999999997,598.2479999999999,256.39200000000005
11219,2025-05-03,1027,Clothing,North,3,195.67,0.22,Card,10,1.6,587.01,2025,5,May,136.969,410.907,176.103
11220,2025-05-04,1982,Electronics,West,1,199.44,0.1,COD,5,3.1,199.44,2025,5,May,139.60799999999998,139.60799999999998,59.83200000000002
11221,2025-05-05,1077,Beauty,North,6,50.42,0.02,COD,6,2.6,302.52,2025,5,May,35.294,211.76399999999998,90.756
11222,2025-05-06,1215,Electronics,East,5,416.79,0.32,COD,4,4.0,2083.9500000000003,2025,5,May,291.753,1458.7649999999999,625.1850000000004
11223,2025-05-07,1385,Electronics,East,5,347.18,0.31,COD,6,2.3,1735.9,2025,5,May,243.02599999999998,1215.1299999999999,520.7700000000002
11224,2025-05-08,1364,Clothing,West,7,219.41,0.34,COD,5,1.5,1535.87,2025,5,May,153.587,1075.109,460.76099999999997
11225,2025-05-09,1665,Home,North,4,427.54,0.25,Wallet,11,2.5,1710.16,2025,5,May,299.278,1197.112,513.048
11226,2025-05-10,1525,Electronics,East,3,329.35,0.24,COD,7,4.5,988.0500000000001,2025,5,May,230.545,691.635,296.4150000000001
11227,2025-05-11,1698,Home,East,6,289.51,0.2,Card,4,2.6,1737.06,2025,5,May,202.65699999999998,1215.942,521.1179999999999
11228,2025-05-12,1311,Clothing,North,6,314.12,0.04,Card,1,4.3,1884.72,2025,5,May,219.884,1319.3039999999999,565.4160000000002
11229,2025-05-13,1882,Electronics,North,7,387.26,0.07,Card,2,2.5,2710.8199999999997,2025,5,May,271.082,1897.574,813.2459999999996
11230,2025-05-14,1006,Electronics,South,7,401.1,0.1,COD,6,2.1,2807.7000000000003,2025,5,May,280.77,1965.3899999999999,842.3100000000004
11231,2025-05-15,1002,Clothing,West,5,184.04,0.31,Card,10,4.1,920.1999999999999,2025,5,May,128.82799999999997,644.1399999999999,276.06000000000006
11232,2025-05-16,1622,Electronics,West,4,97.33,0.06,Card,11,1.8,389.32,2025,5,May,68.131,272.524,116.79599999999999
11233,2025-05-17,1918,Beauty,North,5,106.63,0.32,Card,2,1.9,533.15,2025,5,May,74.64099999999999,373.2049999999999,159.94500000000005
11234,2025-05-18,1749,Home,West,4,389.04,0.18,COD,5,1.2,1556.16,2025,5,May,272.328,1089.312,466.8480000000002
11235,2025-05-19,1362,Beauty,East,2,525.63,0.25,Card,4,1.8,1051.26,2025,5,May,367.941,735.882,315.37800000000004
11236,2025-05-20,1750,Electronics,North,6,254.56,0.04,Card,7,2.5,1527.3600000000001,2025,5,May,178.19199999999998,1069.1519999999998,458.2080000000003
11237,2025-05-21,1507,Beauty,North,7,114.17,0.09,COD,4,2.6,799.19,2025,5,May,79.919,559.433,239.75700000000006
11238,2025-05-22,1273,Clothing,North,2,457.61,0.34,COD,7,2.7,915.22,2025,5,May,320.327,640.654,274.56600000000003
11239,2025-05-23,1505,Electronics,South,5,502.01,0.09,Card,11,2.9,2510.05,2025,5,May,351.407,1757.0349999999999,753.0150000000003
11240,2025-05-24,1805,Electronics,West,3,530.14,0.1,COD,8,3.3,1590.42,2025,5,May,371.09799999999996,1113.2939999999999,477.1260000000002
11241,2025-05-25,1738,Electronics,South,1,370.0,0.07,Card,7,1.8,370.0,2025,5,May,259.0,259.0,111.0
11242,2025-05-26,1882,Home,East,3,518.53,0.05,Wallet,2,3.5,1555.59,2025,5,May,362.97099999999995,1088.9129999999998,466.67700000000013
11243,2025-05-27,1014,Clothing,West,3,24.02,0.08,Card,11,2.3,72.06,2025,5,May,16.814,50.442,21.618000000000002
11244,2025-05-28,1191,Electronics,South,1,77.73,0.22,Wallet,1,3.9,77.73,2025,5,May,54.411,54.411,23.319000000000003
11245,2025-05-29,1984,Clothing,North,6,69.16,0.16,Wallet,5,3.2,414.96,2025,5,May,48.41199999999999,290.472,124.488
11246,2025-05-30,1630,Electronics,South,2,431.87,0.19,COD,7,3.2,863.74,2025,5,May,302.30899999999997,604.6179999999999,259.12200000000007
11247,2025-05-31,1484,Clothing,North,2,55.71,0.04,Card,1,3.7,111.42,2025,5,May,38.997,77.994,33.426
11248,2025-06-01,1027,Clothing,South,6,305.37,0.28,COD,11,2.3,1832.22,2025,6,June,213.759,1282.5539999999999,549.6660000000002
11249,2025-06-02,1713,Home,South,1,291.53,0.27,Card,8,2.7,291.53,2025,6,June,204.07099999999997,204.07099999999997,87.459
11250,2025-06-03,1038,Home,South,4,196.76,0.01,Wallet,3,3.3,787.04,2025,6,June,137.73199999999997,550.9279999999999,236.11200000000008
11251,2025-06-04,1952,Clothing,North,3,524.19,0.13,COD,7,2.7,1572.5700000000002,2025,6,June,366.933,1100.799,471.7710000000002
11252,2025-06-05,1272,Clothing,South,5,114.7,0.02,Wallet,3,2.8,573.5,2025,6,June,80.28999999999999,401.44999999999993,172.05000000000007
11253,2025-06-06,1230,Clothing,West,2,221.19,0.28,COD,4,2.1,442.38,2025,6,June,154.833,309.666,132.714
11254,2025-06-07,1085,Home,West,6,467.89,0.26,COD,8,2.1,2807.34,2025,6,June,327.52299999999997,1965.138,842.2020000000002
11255,2025-06-08,1473,Electronics,West,5,32.8,0.32,COD,2,3.8,164.0,2025,6,June,22.959999999999997,114.79999999999998,49.20000000000002
11256,2025-06-09,1125,Electronics,North,7,408.68,0.08,Card,6,1.0,2860.76,2025,6,June,286.07599999999996,2002.5319999999997,858.2280000000005
11257,2025-06-10,1811,Electronics,North,1,492.59,0.16,COD,10,1.4,492.59,2025,6,June,344.813,344.813,147.777
11258,2025-06-11,1536,Clothing,West,5,560.38,0.06,COD,9,4.8,2801.9,2025,6,June,392.26599999999996,1961.33,840.5700000000002
11259,2025-06-12,1144,Clothing,West,5,527.63,0.13,Wallet,10,1.7,2638.15,2025,6,June,369.34099999999995,1846.7049999999997,791.4450000000004
11260,2025-06-13,1524,Home,West,3,201.84,0.18,COD,9,2.7,605.52,2025,6,June,141.28799999999998,423.8639999999999,181.65600000000006
11261,2025-06-14,1211,Electronics,East,1,358.02,0.02,Wallet,5,4.4,358.02,2025,6,June,250.61399999999998,250.61399999999998,107.406
11262,2025-06-15,1024,Clothing,West,5,60.22,0.25,Wallet,3,1.0,301.1,2025,6,June,42.153999999999996,210.76999999999998,90.33000000000004
11263,2025-06-16,1579,Home,South,2,165.85,0.19,COD,6,4.7,331.7,2025,6,June,116.09499999999998,232.18999999999997,99.51000000000002
11264,2025-06-17,1393,Home,East,1,70.12,0.29,Card,9,1.2,70.12,2025,6,June,49.084,49.084,21.036
11265,2025-06-18,1066,Clothing,East,2,199.38,0.1,COD,6,1.7,398.76,2025,6,June,139.56599999999997,279.13199999999995,119.62800000000004
11266,2025-06-19,1232,Clothing,North,6,526.98,0.32,Card,4,1.1,3161.88,2025,6,June,368.88599999999997,2213.316,948.5640000000003
11267,2025-06-20,1108,Electronics,South,6,218.09,0.35,Card,11,3.1,1308.54,2025,6,June,152.66299999999998,915.9779999999998,392.5620000000001
11268,2025-06-21,1145,Beauty,North,7,343.71,0.32,Card,5,4.8,2405.97,2025,6,June,240.59699999999998,1684.1789999999999,721.7909999999999
11269,2025-06-22,1110,Electronics,North,4,268.53,0.27,Wallet,7,4.4,1074.12,2025,6,June,187.97099999999998,751.8839999999999,322.236
11270,2025-06-23,1227,Beauty,South,6,283.47,0.28,Card,10,3.6,1700.8200000000002,2025,6,June,198.429,1190.574,510.2460000000001
11271,2025-06-24,1110,Home,North,5,582.2,0.2,COD,3,1.7,2911.0,2025,6,June,407.54,2037.7,873.3
11272,2025-06-25,1469,Clothing,South,1,188.25,0.07,Wallet,9,4.5,188.25,2025,6,June,131.775,131.775,56.474999999999994
11273,2025-06-26,1033,Electronics,South,6,381.98,0.24,COD,1,4.0,2291.88,2025,6,June,267.386,1604.3160000000003,687.5639999999999
11274,2025-06-27,1622,Clothing,North,2,260.74,0.25,COD,8,2.1,521.48,2025,6,June,182.518,365.036,156.44400000000002
11275,2025-06-28,1775,Clothing,West,5,50.77,0.34,COD,5,4.2,253.85000000000002,2025,6,June,35.539,177.695,76.15500000000003
11276,2025-06-29,1935,Electronics,North,6,301.26,0.19,Card,10,4.5,1807.56,2025,6,June,210.88199999999998,1265.292,542.268
11277,2025-06-30,1368,Home,East,3,490.81,0.09,Card,9,3.8,1472.43,2025,6,June,343.567,1030.701,441.72900000000004
11278,2025-07-01,1747,Beauty,North,2,72.77,0.24,Wallet,2,1.4,145.54,2025,7,July,50.93899999999999,101.87799999999999,43.662000000000006
11279,2025-07-02,1594,Clothing,South,7,55.71,0.34,Card,1,4.9,389.97,2025,7,July,38.997,272.979,116.99100000000004
11280,2025-07-03,1553,Home,East,7,104.87,0.06,COD,10,1.3,734.09,2025,7,July,73.40899999999999,513.8629999999999,220.2270000000001
11281,2025-07-04,1424,Electronics,South,7,462.17,0.11,COD,7,3.6,3235.19,2025,7,July,323.519,2264.633,970.5570000000002
11282,2025-07-05,1612,Clothing,West,2,438.54,0.19,Card,10,1.4,877.08,2025,7,July,306.978,613.956,263.124
11283,2025-07-06,1517,Electronics,West,7,345.54,0.06,Wallet,11,4.6,2418.78,2025,7,July,241.878,1693.146,725.6340000000002
11284,2025-07-07,1691,Clothing,East,4,288.91,0.01,COD,9,2.4,1155.64,2025,7,July,202.237,808.948,346.6920000000001
11285,2025-07-08,1281,Beauty,West,3,534.67,0.12,Card,5,3.0,1604.0099999999998,2025,7,July,374.26899999999995,1122.8069999999998,481.203
11286,2025-07-09,1319,Home,West,4,463.52,0.3,Wallet,11,1.7,1854.08,2025,7,July,324.46399999999994,1297.8559999999998,556.2240000000002
11287,2025-07-10,1737,Electronics,North,6,489.99,0.02,COD,4,3.2,2939.94,2025,7,July,342.993,2057.958,881.982
11288,2025-07-11,1442,Clothing,North,3,490.76,0.15,COD,4,4.8,1472.28,2025,7,July,343.532,1030.596,441.68399999999997
11289,2025-07-12,1951,Clothing,West,2,390.99,0.27,COD,8,4.6,781.98,2025,7,July,273.693,547.386,234.59400000000005
11290,2025-07-13,1314,Clothing,West,4,282.94,0.33,Card,1,1.3,1131.76,2025,7,July,198.058,792.232,339.528
11291,2025-07-14,1876,Home,North,5,520.84,0.34,COD,1,2.5,2604.2000000000003,2025,7,July,364.588,1822.94,781.2600000000002
11292,2025-07-15,1965,Home,West,3,556.71,0.15,Card,8,2.1,1670.13,2025,7,July,389.697,1169.091,501.0390000000002
11293,2025-07-16,1740,Clothing,West,2,28.93,0.33,COD,2,2.9,57.86,2025,7,July,20.250999999999998,40.501999999999995,17.358000000000004
11294,2025-07-17,1376,Clothing,South,1,45.16,0.01,COD,10,4.3,45.16,2025,7,July,31.611999999999995,31.611999999999995,13.548000000000002
11295,2025-07-18,1288,Electronics,West,3,575.86,0.26,Wallet,6,4.0,1727.58,2025,7,July,403.102,1209.306,518.2739999999999
11296,2025-07-19,1436,Electronics,East,3,177.14,0.22,COD,2,2.4,531.42,2025,7,July,123.99799999999998,371.9939999999999,159.42600000000004
11297,2025-07-20,1661,Clothing,South,6,525.92,0.09,Card,5,2.5,3155.5199999999995,2025,7,July,368.14399999999995,2208.8639999999996,946.656
11298,2025-07-21,1276,Clothing,East,5,242.45,0.18,Wallet,3,3.6,1212.25,2025,7,July,169.71499999999997,848.5749999999998,363.6750000000002
11299,2025-07-22,1709,Home,West,6,84.67,0.05,COD,7,1.8,508.02,2025,7,July,59.269,355.614,152.406
11300,2025-07-23,1581,Home,North,7,62.06,0.31,COD,9,1.4,434.42,2025,7,July,43.442,304.094,130.32600000000002
11301,2025-07-24,1502,Electronics,South,3,106.56,0.13,Card,2,2.0,319.68,2025,7,July,74.592,223.776,95.904
11302,2025-07-25,1623,Clothing,North,3,161.19,0.22,Wallet,7,1.5,483.57,2025,7,July,112.83299999999998,338.49899999999997,145.07100000000003
11303,2025-07-26,1515,Electronics,South,7,300.78,0.06,Wallet,8,2.4,2105.46,2025,7,July,210.54599999999996,1473.8219999999997,631.6380000000004
11304,2025-07-27,1349,Electronics,North,5,425.38,0.07,COD,10,4.8,2126.9,2025,7,July,297.76599999999996,1488.83,638.0700000000002
11305,2025-07-28,1842,Home,South,5,592.04,0.35,Wallet,8,1.5,2960.2,2025,7,July,414.42799999999994,2072.14,888.06
11306,2025-07-29,1445,Electronics,South,4,273.28,0.26,Card,7,4.3,1093.12,2025,7,July,191.29599999999996,765.1839999999999,327.93600000000004
11307,2025-07-30,1829,Clothing,East,2,318.14,0.34,Wallet,4,3.1,636.28,2025,7,July,222.69799999999998,445.39599999999996,190.88400000000001
11308,2025-07-31,1349,Electronics,North,2,320.26,0.1,COD,4,3.5,640.52,2025,7,July,224.182,448.364,192.156
11309,2025-08-01,1606,Beauty,East,4,330.57,0.06,Card,10,1.7,1322.28,2025,8,August,231.39899999999997,925.5959999999999,396.6840000000001
11310,2025-08-02,1663,Clothing,East,2,317.88,0.18,COD,9,1.6,635.76,2025,8,August,222.516,445.032,190.728
11311,2025-08-03,1822,Electronics,North,3,20.13,0.17,COD,10,1.7,60.39,2025,8,August,14.090999999999998,42.272999999999996,18.117000000000004
11312,2025-08-04,1136,Clothing,South,4,16.01,0.06,Card,9,3.7,64.04,2025,8,August,11.207,44.828,19.212000000000003
11313,2025-08-05,1758,Home,East,4,72.13,0.26,Card,5,4.0,288.52,2025,8,August,50.49099999999999,201.96399999999997,86.55600000000001
11314,2025-08-06,1898,Beauty,North,2,74.41,0.13,Card,7,4.7,148.82,2025,8,August,52.086999999999996,104.17399999999999,44.646
11315,2025-08-07,1242,Electronics,South,1,427.36,0.07,Card,7,2.6,427.36,2025,8,August,299.152,299.152,128.20800000000003
11316,2025-08-08,1542,Beauty,East,2,134.88,0.12,Card,9,2.8,269.76,2025,8,August,94.416,188.832,80.928
11317,2025-08-09,1039,Beauty,East,6,538.41,0.2,Card,7,2.9,3230.46,2025,8,August,376.88699999999994,2261.3219999999997,969.1380000000004
11318,2025-08-10,1228,Beauty,East,1,558.23,0.25,Card,8,2.1,558.23,2025,8,August,390.76099999999997,390.76099999999997,167.46900000000005
11319,2025-08-11,1547,Clothing,South,4,585.9,0.17,Wallet,7,2.3,2343.6,2025,8,August,410.12999999999994,1640.5199999999998,703.0800000000002
11320,2025-08-12,1919,Clothing,East,1,564.36,0.18,COD,11,4.4,564.36,2025,8,August,395.05199999999996,395.05199999999996,169.30800000000005
11321,2025-08-13,1222,Clothing,South,3,174.05,0.05,Card,4,2.4,522.1500000000001,2025,8,August,121.835,365.505,156.6450000000001
11322,2025-08-14,1005,Home,West,5,313.22,0.32,Wallet,2,4.5,1566.1000000000001,2025,8,August,219.25400000000002,1096.27,469.83000000000015
11323,2025-08-15,1321,Clothing,East,1,117.64,0.33,COD,3,2.2,117.64,2025,8,August,82.348,82.348,35.292
11324,2025-08-16,1467,Home,West,6,486.63,0.24,COD,7,2.4,2919.7799999999997,2025,8,August,340.64099999999996,2043.8459999999998,875.934
11325,2025-08-17,1731,Clothing,North,5,534.73,0.01,COD,11,3.2,2673.65,2025,8,August,374.311,1871.5549999999998,802.0950000000003
11326,2025-08-18,1074,Home,East,3,513.0,0.19,Card,11,1.4,1539.0,2025,8,August,359.09999999999997,1077.3,461.70000000000005
11327,2025-08-19,1003,Home,North,6,268.52,0.22,Card,9,4.7,1611.12,2025,8,August,187.96399999999997,1127.7839999999999,483.336
11328,2025-08-20,1846,Electronics,North,7,458.82,0.35,Card,11,4.3,3211.74,2025,8,August,321.174,2248.218,963.5219999999999
11329,2025-08-21,1645,Home,North,5,72.08,0.35,COD,2,3.7,360.4,2025,8,August,50.455999999999996,252.27999999999997,108.12
11330,2025-08-22,1117,Clothing,West,7,38.54,0.3,COD,7,5.0,269.78,2025,8,August,26.977999999999998,188.84599999999998,80.934
11331,2025-08-23,1880,Home,South,3,455.64,0.02,COD,4,1.1,1366.92,2025,8,August,318.948,956.8439999999999,410.07600000000014
11332,2025-08-24,1605,Clothing,West,5,263.83,0.33,Card,7,2.6,1319.1499999999999,2025,8,August,184.68099999999998,923.405,395.7449999999999
11333,2025-08-25,1503,Clothing,West,5,597.4,0.21,COD,5,4.4,2987.0,2025,8,August,418.17999999999995,2090.8999999999996,896.1000000000004
11334,2025-08-26,1997,Beauty,North,2,71.89,0.28,COD,7,2.7,143.78,2025,8,August,50.323,100.646,43.134
11335,2025-08-27,1946,Electronics,East,6,515.54,0.14,Wallet,6,1.0,3093.24,2025,8,August,360.87799999999993,2165.2679999999996,927.9720000000002
11336,2025-08-28,1573,Home,South,6,295.79,0.11,Card,2,1.6,1774.7400000000002,2025,8,August,207.053,1242.318,532.4220000000003
11337,2025-08-29,1440,Clothing,North,1,498.88,0.16,Wallet,7,2.7,498.88,2025,8,August,349.21599999999995,349.21599999999995,149.66400000000004
11338,2025-08-30,1193,Clothing,South,7,493.02,0.05,Wallet,5,3.7,3451.14,2025,8,August,345.114,2415.798,1035.342
11339,2025-08-31,1846,Electronics,West,7,550.86,0.12,COD,9,1.7,3856.02,2025,8,August,385.602,2699.214,1156.806
11340,2025-09-01,1714,Clothing,South,6,189.24,0.3,COD,11,2.8,1135.44,2025,9,September,132.468,794.808,340.63200000000006
11341,2025-09-02,1391,Electronics,South,6,570.63,0.01,Card,1,1.1,3423.7799999999997,2025,9,September,399.441,2396.6459999999997,1027.134
11342,2025-09-03,1025,Electronics,East,5,103.73,0.05,Wallet,1,2.9,518.65,2025,9,September,72.611,363.055,155.59499999999997
11343,2025-09-04,1434,Electronics,North,7,62.95,0.04,Card,2,4.6,440.65000000000003,2025,9,September,44.065,308.455,132.19500000000005
11344,2025-09-05,1172,Electronics,South,4,267.5,0.14,COD,8,3.4,1070.0,2025,9,September,187.25,749.0,321.0
11345,2025-09-06,1299,Beauty,South,2,499.57,0.35,Card,11,2.8,999.14,2025,9,September,349.69899999999996,699.3979999999999,299.7420000000001
11346,2025-09-07,1644,Beauty,West,1,291.95,0.06,Card,9,1.6,291.95,2025,9,September,204.36499999999998,204.36499999999998,87.58500000000001
11347,2025-09-08,1325,Clothing,West,2,500.13,0.05,COD,11,1.8,1000.26,2025,9,September,350.09099999999995,700.1819999999999,300.0780000000001
11348,2025-09-09,1409,Home,South,1,441.87,0.32,Wallet,11,1.3,441.87,2025,9,September,309.30899999999997,309.30899999999997,132.56100000000004
11349,2025-09-10,1117,Electronics,North,3,137.52,0.31,COD,7,4.0,412.56000000000006,2025,9,September,96.264,288.792,123.76800000000009
11350,2025-09-11,1835,Home,South,5,570.1,0.01,Wallet,1,1.3,2850.5,2025,9,September,399.07,1995.35,855.1500000000001
11351,2025-09-12,1786,Home,South,6,50.56,0.26,COD,7,2.5,303.36,2025,9,September,35.391999999999996,212.35199999999998,91.00800000000004
11352,2025-09-13,1723,Beauty,East,6,540.49,0.23,Card,8,4.0,3242.94,2025,9,September,378.34299999999996,2270.058,972.8820000000001
11353,2025-09-14,1224,Clothing,North,4,193.1,0.27,Card,7,3.9,772.4,2025,9,September,135.17,540.68,231.72000000000003
11354,2025-09-15,1531,Home,East,7,307.59,0.17,COD,5,3.3,2153.1299999999997,2025,9,September,215.31299999999996,1507.1909999999998,645.9389999999999
11355,2025-09-16,1112,Electronics,North,7,262.08,0.35,Card,7,3.3,1834.56,2025,9,September,183.456,1284.192,550.3679999999999
11356,2025-09-17,1139,Beauty,North,2,115.52,0.02,COD,10,1.4,231.04,2025,9,September,80.86399999999999,161.72799999999998,69.31200000000001
11357,2025-09-18,1558,Electronics,North,2,224.52,0.08,Card,11,1.7,449.04,2025,9,September,157.164,314.328,134.71200000000005
11358,2025-09-19,1000,Clothing,East,2,127.87,0.14,Card,2,3.1,255.74,2025,9,September,89.509,179.018,76.72200000000001
11359,2025-09-20,1089,Home,East,7,134.27,0.16,COD,9,2.4,939.8900000000001,2025,9,September,93.989,657.923,281.9670000000001
11360,2025-09-21,1653,Home,East,6,124.43,0.32,COD,2,1.1,746.58,2025,9,September,87.101,522.606,223.97400000000005
11361,2025-09-22,1319,Electronics,West,7,301.08,0.2,Card,2,4.2,2107.56,2025,9,September,210.75599999999997,1475.292,632.268
11362,2025-09-23,1549,Beauty,East,2,481.79,0.02,Card,5,3.6,963.58,2025,9,September,337.253,674.506,289.07400000000007
11363,2025-09-24,1804,Electronics,West,5,347.85,0.14,Card,8,2.3,1739.25,2025,9,September,243.495,1217.475,521.7750000000001
11364,2025-09-25,1893,Clothing,West,1,537.53,0.15,Card,6,1.4,537.53,2025,9,September,376.27099999999996,376.27099999999996,161.25900000000001
11365,2025-09-26,1138,Electronics,West,6,387.38,0.34,COD,9,3.4,2324.2799999999997,2025,9,September,271.166,1626.996,697.2839999999997
11366,2025-09-27,1510,Electronics,South,5,418.26,0.21,COD,6,2.4,2091.3,2025,9,September,292.782,1463.9099999999999,627.3900000000003
11367,2025-09-28,1867,Clothing,South,3,405.55,0.22,Card,5,2.0,1216.65,2025,9,September,283.885,851.655,364.9950000000001
11368,2025-09-29,1844,Clothing,South,5,277.93,0.25,Card,1,3.9,1389.65,2025,9,September,194.551,972.7549999999999,416.8950000000002
11369,2025-09-30,1258,Electronics,West,5,418.26,0.27,Card,8,2.3,2091.3,2025,9,September,292.782,1463.9099999999999,627.3900000000003
11370,2025-10-01,1672,Electronics,West,3,55.78,0.22,Card,3,1.5,167.34,2025,10,October,39.046,117.138,50.202
11371,2025-10-02,1901,Clothing,North,5,518.01,0.08,COD,2,2.9,2590.05,2025,10,October,362.60699999999997,1813.0349999999999,777.0150000000003
11372,2025-10-03,1689,Home,West,1,470.02,0.31,Card,7,4.3,470.02,2025,10,October,329.01399999999995,329.01399999999995,141.00600000000003
11373,2025-10-04,1009,Beauty,South,6,158.46,0.26,Card,11,4.4,950.76,2025,10,October,110.922,665.5319999999999,285.22800000000007
11374,2025-10-05,1260,Electronics,West,4,464.3,0.26,COD,2,4.4,1857.2,2025,10,October,325.01,1300.04,557.1600000000001
11375,2025-10-06,1918,Clothing,West,7,22.4,0.35,Card,1,2.7,156.79999999999998,2025,10,October,15.679999999999998,109.75999999999999,47.03999999999999
11376,2025-10-07,1649,Electronics,North,3,142.09,0.28,COD,11,4.2,426.27,2025,10,October,99.463,298.389,127.88099999999997
11377,2025-10-08,1171,Electronics,West,6,53.11,0.29,COD,2,4.4,318.65999999999997,2025,10,October,37.177,223.062,95.59799999999996
11378,2025-10-09,1897,Home,East,2,471.43,0.33,Card,6,2.8,942.86,2025,10,October,330.001,660.002,282.85800000000006
11379,2025-10-10,1012,Clothing,North,1,457.19,0.05,COD,2,2.3,457.19,2025,10,October,320.03299999999996,320.03299999999996,137.15700000000004
11380,2025-10-11,1167,Electronics,West,4,490.98,0.17,COD,1,3.8,1963.92,2025,10,October,343.686,1374.744,589.1760000000002
11381,2025-10-12,1641,Electronics,West,1,17.62,0.2,COD,1,4.6,17.62,2025,10,October,12.334,12.334,5.286000000000001
11382,2025-10-13,1595,Electronics,North,1,308.22,0.12,COD,4,4.9,308.22,2025,10,October,215.75400000000002,215.75400000000002,92.46600000000001
11383,2025-10-14,1320,Home,West,2,427.33,0.29,Wallet,8,2.2,854.66,2025,10,October,299.131,598.262,256.398
11384,2025-10-15,1318,Beauty,South,4,105.91,0.27,Wallet,6,4.8,423.64,2025,10,October,74.13699999999999,296.54799999999994,127.09200000000004
11385,2025-10-16,1612,Electronics,East,7,395.13,0.25,COD,4,3.0,2765.91,2025,10,October,276.59099999999995,1936.1369999999997,829.7730000000001
11386,2025-10-17,1328,Electronics,East,1,64.2,0.35,Wallet,6,2.2,64.2,2025,10,October,44.94,44.94,19.260000000000005
11387,2025-10-18,1784,Beauty,South,2,121.08,0.09,Card,6,5.0,242.16,2025,10,October,84.756,169.512,72.648
11388,2025-10-19,1776,Beauty,West,3,293.34,0.26,COD,9,4.5,880.02,2025,10,October,205.33799999999997,616.0139999999999,264.0060000000001
11389,2025-10-20,1970,Clothing,West,2,397.34,0.19,Card,4,3.8,794.68,2025,10,October,278.138,556.276,238.404
11390,2025-10-21,1910,Electronics,East,5,100.33,0.11,Card,6,4.6,501.65,2025,10,October,70.231,351.155,150.495
11391,2025-10-22,1919,Electronics,West,6,123.36,0.06,COD,10,3.7,740.16,2025,10,October,86.35199999999999,518.112,222.048
11392,2025-10-23,1549,Clothing,East,2,134.6,0.31,COD,1,2.8,269.2,2025,10,October,94.21999999999998,188.43999999999997,80.76000000000002
11393,2025-10-24,1418,Clothing,East,2,154.64,0.21,Card,7,4.8,309.28,2025,10,October,108.24799999999999,216.49599999999998,92.78399999999999
11394,2025-10-25,1605,Electronics,South,2,147.53,0.29,COD,7,4.9,295.06,2025,10,October,103.271,206.542,88.518
11395,2025-10-26,1094,Clothing,East,7,246.16,0.19,COD,11,2.3,1723.12,2025,10,October,172.31199999999998,1206.184,516.9359999999999
11396,2025-10-27,1816,Electronics,West,1,397.47,0.08,Card,1,2.4,397.47,2025,10,October,278.229,278.229,119.24100000000004
11397,2025-10-28,1580,Home,West,7,271.25,0.12,Card,8,2.5,1898.75,2025,10,October,189.875,1329.125,569.625
11398,2025-10-29,1317,Electronics,North,4,468.94,0.13,Card,5,4.3,1875.76,2025,10,October,328.258,1313.032,562.7280000000001
11399,2025-10-30,1955,Electronics,West,2,435.77,0.34,Card,9,4.2,871.54,2025,10,October,305.039,610.078,261.462
11400,2025-10-31,1235,Clothing,North,2,89.02,0.0,COD,8,4.9,178.04,2025,10,October,62.31399999999999,124.62799999999999,53.412000000000006
11401,2025-11-01,1945,Clothing,East,5,43.57,0.34,Card,3,2.9,217.85,2025,11,November,30.499,152.495,65.35499999999999
11402,2025-11-02,1333,Beauty,West,5,528.6,0.34,Card,1,3.9,2643.0,2025,11,November,370.02,1850.1,792.9000000000001
11403,2025-11-03,1884,Clothing,South,3,61.7,0.35,COD,3,4.4,185.10000000000002,2025,11,November,43.19,129.57,55.53000000000003
11404,2025-11-04,1375,Electronics,South,3,101.78,0.17,COD,2,1.9,305.34000000000003,2025,11,November,71.246,213.738,91.60200000000003
11405,2025-11-05,1458,Home,South,5,27.95,0.34,Card,2,3.5,139.75,2025,11,November,19.564999999999998,97.82499999999999,41.92500000000001
11406,2025-11-06,1136,Electronics,East,4,382.58,0.14,Card,11,3.2,1530.32,2025,11,November,267.806,1071.224,459.096
11407,2025-11-07,1929,Beauty,East,3,355.69,0.01,Card,4,4.0,1067.07,2025,11,November,248.98299999999998,746.949,320.121
11408,2025-11-08,1587,Clothing,North,6,592.34,0.08,COD,2,3.8,3554.04,2025,11,November,414.638,2487.828,1066.212
11409,2025-11-09,1994,Clothing,South,6,533.86,0.33,Wallet,8,4.3,3203.16,2025,11,November,373.702,2242.212,960.9479999999999
11410,2025-11-10,1546,Electronics,North,4,255.34,0.0,COD,5,2.2,1021.36,2025,11,November,178.738,714.952,306.408
11411,2025-11-11,1512,Clothing,North,5,232.38,0.19,Card,1,1.9,1161.9,2025,11,November,162.666,813.3299999999999,348.57000000000016
11412,2025-11-12,1295,Home,West,3,188.66,0.03,COD,6,4.2,565.98,2025,11,November,132.06199999999998,396.1859999999999,169.7940000000001
11413,2025-11-13,1319,Home,West,2,104.16,0.1,Card,7,2.4,208.32,2025,11,November,72.91199999999999,145.82399999999998,62.49600000000001
11414,2025-11-14,1917,Electronics,South,5,95.78,0.03,Card,1,2.2,478.9,2025,11,November,67.04599999999999,335.22999999999996,143.67000000000002
11415,2025-11-15,1571,Electronics,East,3,92.39,0.3,Card,3,2.3,277.17,2025,11,November,64.673,194.019,83.15100000000001
11416,2025-11-16,1831,Home,West,4,81.76,0.21,COD,9,1.3,327.04,2025,11,November,57.232,228.928,98.11200000000002
11417,2025-11-17,1348,Beauty,East,6,155.7,0.32,COD,7,4.1,934.1999999999999,2025,11,November,108.98999999999998,653.9399999999998,280.2600000000001
11418,2025-11-18,1839,Electronics,North,4,194.4,0.24,COD,4,3.9,777.6,2025,11,November,136.07999999999998,544.3199999999999,233.2800000000001
11419,2025-11-19,1778,Clothing,North,3,577.52,0.34,COD,6,3.2,1732.56,2025,11,November,404.26399999999995,1212.792,519.768
11420,2025-11-20,1872,Electronics,North,4,353.41,0.18,Card,6,3.9,1413.64,2025,11,November,247.387,989.548,424.0920000000001
11421,2025-11-21,1228,Beauty,North,3,592.74,0.22,Card,3,2.5,1778.22,2025,11,November,414.918,1244.754,533.4660000000001
11422,2025-11-22,1269,Electronics,South,3,232.89,0.2,COD,2,2.2,698.67,2025,11,November,163.02299999999997,489.0689999999999,209.60100000000006
11423,2025-11-23,1827,Electronics,North,4,282.71,0.17,COD,5,4.4,1130.84,2025,11,November,197.89699999999996,791.5879999999999,339.25200000000007
11424,2025-11-24,1797,Home,West,1,204.88,0.3,COD,8,2.7,204.88,2025,11,November,143.416,143.416,61.464
11425,2025-11-25,1290,Electronics,North,2,121.99,0.23,Card,3,1.8,243.98,2025,11,November,85.39299999999999,170.78599999999997,73.19400000000002
11426,2025-11-26,1724,Clothing,East,5,98.75,0.28,COD,5,4.0,493.75,2025,11,November,69.125,345.625,148.125
11427,2025-11-27,1164,Clothing,West,6,567.87,0.28,Card,3,2.3,3407.2200000000003,2025,11,November,397.50899999999996,2385.0539999999996,1022.1660000000006
11428,2025-11-28,1004,Electronics,East,2,592.28,0.07,COD,7,1.8,1184.56,2025,11,November,414.59599999999995,829.1919999999999,355.36800000000005
11429,2025-11-29,1850,Clothing,East,5,41.27,0.23,COD,6,1.1,206.35000000000002,2025,11,November,28.889,144.445,61.90500000000003
11430,2025-11-30,1378,Clothing,South,5,102.95,0.07,Wallet,6,4.9,514.75,2025,11,November,72.065,360.325,154.425
11431,2025-12-01,1077,Electronics,South,6,262.76,0.2,Card,1,2.9,1576.56,2025,12,December,183.932,1103.5919999999999,472.9680000000001
11432,2025-12-02,1409,Clothing,East,2,124.01,0.24,COD,2,1.6,248.02,2025,12,December,86.807,173.614,74.406
11433,2025-12-03,1573,Home,East,6,227.87,0.35,COD,6,4.0,1367.22,2025,12,December,159.509,957.0539999999999,410.16600000000017
11434,2025-12-04,1131,Home,North,3,90.52,0.01,Card,8,4.6,271.56,2025,12,December,63.36399999999999,190.09199999999998,81.46800000000002
11435,2025-12-05,1600,Electronics,West,6,282.06,0.03,Card,5,3.1,1692.3600000000001,2025,12,December,197.44199999999998,1184.6519999999998,507.7080000000003
11436,2025-12-06,1748,Electronics,North,4,173.94,0.03,COD,2,1.1,695.76,2025,12,December,121.758,487.032,208.728
11437,2025-12-07,1041,Electronics,South,1,220.86,0.14,Card,5,2.5,220.86,2025,12,December,154.602,154.602,66.25800000000001
11438,2025-12-08,1088,Clothing,South,1,70.17,0.29,Card,9,2.0,70.17,2025,12,December,49.119,49.119,21.051000000000002
11439,2025-12-09,1401,Clothing,North,1,265.45,0.3,Wallet,6,3.5,265.45,2025,12,December,185.81499999999997,185.81499999999997,79.63500000000002
11440,2025-12-10,1295,Home,West,2,590.21,0.26,COD,5,3.1,1180.42,2025,12,December,413.147,826.294,354.1260000000001
11441,2025-12-11,1839,Electronics,East,2,207.37,0.31,Card,10,2.4,414.74,2025,12,December,145.159,290.318,124.42200000000003
11442,2025-12-12,1294,Electronics,North,3,527.71,0.11,COD,6,3.6,1583.13,2025,12,December,369.397,1108.191,474.9390000000001
11443,2025-12-13,1615,Clothing,South,7,508.27,0.03,COD,11,3.3,3557.89,2025,12,December,355.789,2490.523,1067.3669999999997
11444,2025-12-14,1525,Home,West,1,571.95,0.02,Wallet,9,4.6,571.95,2025,12,December,400.365,400.365,171.58500000000004
11445,2025-12-15,1799,Electronics,South,3,477.21,0.3,COD,7,3.4,1431.6299999999999,2025,12,December,334.04699999999997,1002.1409999999998,429.48900000000003
11446,2025-12-16,1690,Clothing,West,7,400.86,0.26,Wallet,10,3.0,2806.02,2025,12,December,280.602,1964.214,841.806
11447,2025-12-17,1636,Electronics,West,1,516.1,0.24,Card,3,4.3,516.1,2025,12,December,361.27,361.27,154.83000000000004
11448,2025-12-18,1421,Beauty,West,2,59.25,0.12,COD,10,1.8,118.5,2025,12,December,41.474999999999994,82.94999999999999,35.55000000000001
11449,2025-12-19,1864,Beauty,North,7,285.76,0.13,Card,10,2.0,2000.32,2025,12,December,200.03199999999998,1400.224,600.096
11450,2025-12-20,1022,Electronics,North,4,593.71,0.34,Card,5,4.1,2374.84,2025,12,December,415.597,1662.388,712.4520000000002
11451,2025-12-21,1574,Electronics,North,4,465.22,0.02,COD,4,2.8,1860.88,2025,12,December,325.654,1302.616,558.2640000000001
11452,2025-12-22,1142,Clothing,West,4,577.81,0.27,Card,11,2.6,2311.24,2025,12,December,404.4669999999999,1617.8679999999997,693.3720000000001
11453,2025-12-23,1992,Electronics,West,6,471.09,0.11,COD,5,4.5,2826.54,2025,12,December,329.763,1978.578,847.962
11454,2025-12-24,1664,Home,South,4,526.81,0.01,Wallet,8,3.4,2107.24,2025,12,December,368.76699999999994,1475.0679999999998,632.172
11455,2025-12-25,1144,Home,East,5,428.32,0.26,Card,11,4.2,2141.6,2025,12,December,299.82399999999996,1499.12,642.48
11456,2025-12-26,1224,Home,North,1,459.89,0.12,Card,6,4.2,459.89,2025,12,December,321.92299999999994,321.92299999999994,137.96700000000004
11457,2025-12-27,1502,Home,West,4,321.06,0.25,COD,4,1.5,1284.24,2025,12,December,224.742,898.968,385.27200000000005
11458,2025-12-28,1961,Clothing,South,7,555.68,0.25,Wallet,5,3.6,3889.7599999999998,2025,12,December,388.97599999999994,2722.8319999999994,1166.9280000000003
11459,2025-12-29,1973,Electronics,South,5,497.65,0.19,COD,11,4.8,2488.25,2025,12,December,348.35499999999996,1741.7749999999999,746.4750000000001
11460,2025-12-30,1820,Home,South,5,508.67,0.27,COD,7,2.9,2543.35,2025,12,December,356.069,1780.345,763.0049999999999
11461,2025-12-31,1615,Clothing,North,5,408.71,0.2,Card,8,3.9,2043.55,2025,12,December,286.097,1430.485,613.065
11462,2026-01-01,1103,Home,North,3,193.18,0.1,Card,5,3.3,579.54,2026,1,January,135.226,405.678,173.86199999999997
11463,2026-01-02,1946,Electronics,East,7,35.84,0.26,COD,2,1.8,250.88000000000002,2026,1,January,25.088,175.616,75.26400000000001
11464,2026-01-03,1038,Electronics,South,3,562.36,0.21,Card,6,1.8,1687.08,2026,1,January,393.652,1180.956,506.124
11465,2026-01-04,1946,Beauty,North,5,357.88,0.0,Wallet,9,2.7,1789.4,2026,1,January,250.516,1252.58,536.8200000000002
11466,2026-01-05,1197,Electronics,South,6,189.41,0.32,COD,3,2.9,1136.46,2026,1,January,132.587,795.5219999999999,340.9380000000001
11467,2026-01-06,1645,Beauty,West,4,102.24,0.19,COD,7,3.0,408.96,2026,1,January,71.568,286.272,122.68799999999999
11468,2026-01-07,1578,Beauty,South,1,500.27,0.3,COD,8,4.8,500.27,2026,1,January,350.18899999999996,350.18899999999996,150.08100000000002
11469,2026-01-08,1390,Home,East,7,504.36,0.31,COD,6,1.4,3530.52,2026,1,January,353.05199999999996,2471.3639999999996,1059.1560000000004
11470,2026-01-09,1178,Home,North,6,491.49,0.16,COD,3,2.5,2948.94,2026,1,January,344.043,2064.258,884.6820000000002
11471,2026-01-10,1967,Clothing,West,2,392.37,0.18,Wallet,1,3.1,784.74,2026,1,January,274.659,549.318,235.42200000000003
11472,2026-01-11,1553,Beauty,North,3,229.12,0.15,Wallet,3,4.9,687.36,2026,1,January,160.384,481.15199999999993,206.20800000000008
11473,2026-01-12,1447,Electronics,West,4,192.88,0.16,Wallet,11,3.0,771.52,2026,1,January,135.016,540.064,231.45600000000002
11474,2026-01-13,1499,Clothing,South,4,20.0,0.31,Wallet,6,4.1,80.0,2026,1,January,14.0,56.0,24.0
11475,2026-01-14,1014,Clothing,South,2,502.66,0.28,COD,11,4.0,1005.32,2026,1,January,351.862,703.724,301.596
11476,2026-01-15,1622,Clothing,East,2,66.15,0.04,COD,4,3.3,132.3,2026,1,January,46.305,92.61,39.69000000000001
11477,2026-01-16,1668,Clothing,East,7,383.99,0.21,Card,1,1.5,2687.9300000000003,2026,1,January,268.793,1881.551,806.3790000000004
11478,2026-01-17,1288,Electronics,West,4,309.88,0.35,Card,6,1.9,1239.52,2026,1,January,216.916,867.664,371.856
11479,2026-01-18,1477,Clothing,East,2,323.11,0.21,Card,1,2.0,646.22,2026,1,January,226.177,452.354,193.86600000000004
11480,2026-01-19,1230,Beauty,East,4,557.13,0.28,Card,8,1.2,2228.52,2026,1,January,389.991,1559.964,668.556
11481,2026-01-20,1922,Electronics,East,6,33.49,0.27,Card,3,2.5,200.94,2026,1,January,23.443,140.65800000000002,60.28199999999998
11482,2026-01-21,1419,Beauty,East,7,467.43,0.12,Card,3,3.4,3272.01,2026,1,January,327.20099999999996,2290.4069999999997,981.6030000000005
11483,2026-01-22,1156,Home,South,2,45.45,0.13,Wallet,1,1.6,90.9,2026,1,January,31.815,63.63,27.270000000000003
11484,2026-01-23,1549,Home,East,6,37.32,0.25,Wallet,3,1.7,223.92000000000002,2026,1,January,26.124,156.744,67.17600000000002
11485,2026-01-24,1440,Clothing,South,6,266.44,0.17,Card,7,3.8,1598.6399999999999,2026,1,January,186.50799999999998,1119.0479999999998,479.5920000000001
11486,2026-01-25,1096,Home,South,2,51.9,0.2,Card,10,1.7,103.8,2026,1,January,36.33,72.66,31.14
11487,2026-01-26,1996,Electronics,North,7,476.65,0.25,Wallet,8,1.5,3336.5499999999997,2026,1,January,333.655,2335.585,1000.9649999999997
11488,2026-01-27,1410,Home,South,4,324.79,0.27,Wallet,11,4.9,1299.16,2026,1,January,227.353,909.412,389.74800000000005
11489,2026-01-28,1950,Electronics,South,5,31.99,0.1,Wallet,8,1.1,159.95,2026,1,January,22.392999999999997,111.96499999999999,47.985
11490,2026-01-29,1288,Beauty,East,4,38.69,0.05,Wallet,3,2.3,154.76,2026,1,January,27.083,108.332,46.428
11491,2026-01-30,1253,Beauty,South,1,373.41,0.1,Wallet,5,1.1,373.41,2026,1,January,261.387,261.387,112.02300000000002
11492,2026-01-31,1195,Electronics,West,2,486.58,0.18,Card,1,4.4,973.16,2026,1,January,340.606,681.212,291.948
11493,2026-02-01,1597,Electronics,East,3,271.11,0.12,Card,9,3.3,813.33,2026,2,February,189.777,569.3309999999999,243.99900000000014
11494,2026-02-02,1833,Home,East,7,339.43,0.2,COD,8,1.2,2376.01,2026,2,February,237.601,1663.2069999999999,712.8030000000003
11495,2026-02-03,1521,Electronics,East,2,482.9,0.02,Card,10,3.5,965.8,2026,2,February,338.03,676.06,289.74
11496,2026-02-04,1516,Beauty,North,1,372.15,0.18,Wallet,2,1.5,372.15,2026,2,February,260.505,260.505,111.64499999999998
11497,2026-02-05,1634,Electronics,East,6,146.48,0.13,COD,10,3.0,878.8799999999999,2026,2,February,102.53599999999999,615.2159999999999,263.664
11498,2026-02-06,1841,Electronics,South,3,373.64,0.19,COD,1,3.7,1120.92,2026,2,February,261.548,784.644,336.27600000000007
11499,2026-02-07,1864,Beauty,West,3,382.54,0.15,Card,4,1.6,1147.6200000000001,2026,2,February,267.778,803.3340000000001,344.28600000000006
11500,2026-02-08,1117,Home,East,4,444.45,0.1,COD,9,3.0,1777.8,2026,2,February,311.11499999999995,1244.4599999999998,533.3400000000001
11501,2026-02-09,1805,Home,East,5,378.21,0.32,COD,8,2.8,1891.05,2026,2,February,264.74699999999996,1323.7349999999997,567.3150000000003
11502,2026-02-10,1908,Electronics,West,4,582.01,0.06,Wallet,3,4.7,2328.04,2026,2,February,407.407,1629.628,698.412
11503,2026-02-11,1158,Home,East,7,130.41,0.24,Card,10,5.0,912.87,2026,2,February,91.28699999999999,639.0089999999999,273.8610000000001
11504,2026-02-12,1814,Clothing,North,3,571.39,0.32,Wallet,6,3.6,1714.17,2026,2,February,399.97299999999996,1199.9189999999999,514.2510000000002
11505,2026-02-13,1227,Clothing,South,3,329.93,0.19,Wallet,9,4.4,989.79,2026,2,February,230.951,692.853,296.937
11506,2026-02-14,1876,Home,West,5,408.09,0.31,COD,10,3.6,2040.4499999999998,2026,2,February,285.66299999999995,1428.3149999999998,612.135
11507,2026-02-15,1215,Clothing,West,7,73.19,0.04,COD,8,4.5,512.3299999999999,2026,2,February,51.233,358.631,153.69899999999996
11508,2026-02-16,1947,Clothing,North,2,237.64,0.17,COD,10,2.7,475.28,2026,2,February,166.34799999999998,332.69599999999997,142.584
11509,2026-02-17,1695,Electronics,South,5,465.09,0.16,Card,5,3.4,2325.45,2026,2,February,325.563,1627.815,697.6349999999998
11510,2026-02-18,1014,Home,North,6,428.54,0.0,Card,9,4.4,2571.2400000000002,2026,2,February,299.978,1799.868,771.3720000000003
11511,2026-02-19,1156,Electronics,South,4,38.48,0.16,Wallet,9,4.7,153.92,2026,2,February,26.935999999999996,107.74399999999999,46.176
11512,2026-02-20,1647,Home,North,2,334.76,0.13,COD,3,1.1,669.52,2026,2,February,234.33199999999997,468.66399999999993,200.85600000000005
11513,2026-02-21,1260,Electronics,East,4,66.64,0.23,Card,8,1.4,266.56,2026,2,February,46.647999999999996,186.59199999999998,79.96800000000002
11514,2026-02-22,1156,Clothing,North,5,597.58,0.33,COD,4,4.7,2987.9,2026,2,February,418.306,2091.5299999999997,896.3700000000003
11515,2026-02-23,1046,Home,West,2,539.92,0.03,Card,10,3.3,1079.84,2026,2,February,377.94399999999996,755.8879999999999,323.952
11516,2026-02-24,1323,Electronics,West,5,27.33,0.11,Card,7,5.0,136.64999999999998,2026,2,February,19.130999999999997,95.65499999999999,40.99499999999999
11517,2026-02-25,1843,Electronics,West,6,517.31,0.16,COD,10,4.2,3103.8599999999997,2026,2,February,362.11699999999996,2172.7019999999998,931.1579999999999
11518,2026-02-26,1684,Electronics,North,1,552.87,0.16,Card,8,4.3,552.87,2026,2,February,387.00899999999996,387.00899999999996,165.86100000000005
11519,2026-02-27,1129,Clothing,West,3,221.83,0.27,Card,7,2.5,665.49,2026,2,February,155.281,465.843,199.647
11520,2026-02-28,1410,Home,West,7,435.91,0.16,COD,5,2.0,3051.3700000000003,2026,2,February,305.137,2135.959,915.4110000000005
11521,2026-03-01,1094,Electronics,East,2,273.63,0.01,COD,11,3.4,547.26,2026,3,March,191.541,383.082,164.178
11522,2026-03-02,1626,Home,East,3,398.31,0.25,Card,1,4.5,1194.93,2026,3,March,278.817,836.451,358.47900000000004
11523,2026-03-03,1754,Electronics,South,1,214.09,0.31,Card,8,3.9,214.09,2026,3,March,149.863,149.863,64.227
11524,2026-03-04,1931,Clothing,South,2,203.7,0.18,Card,5,2.9,407.4,2026,3,March,142.58999999999997,285.17999999999995,122.22000000000003
11525,2026-03-05,1291,Beauty,South,3,263.29,0.2,Card,3,4.0,789.8700000000001,2026,3,March,184.303,552.909,236.96100000000013
11526,2026-03-06,1793,Electronics,North,3,100.16,0.06,Card,2,3.8,300.48,2026,3,March,70.112,210.33599999999998,90.14400000000003
11527,2026-03-07,1810,Clothing,South,2,501.22,0.08,Card,3,4.7,1002.44,2026,3,March,350.854,701.708,300.7320000000001
11528,2026-03-08,1282,Electronics,North,3,218.99,0.08,Card,9,2.1,656.97,2026,3,March,153.293,459.879,197.091
11529,2026-03-09,1068,Electronics,North,3,249.09,0.15,Wallet,2,1.5,747.27,2026,3,March,174.363,523.0889999999999,224.18100000000004
11530,2026-03-10,1659,Electronics,South,2,538.02,0.32,Card,10,2.9,1076.04,2026,3,March,376.614,753.228,322.812
11531,2026-03-11,1010,Electronics,South,7,305.52,0.18,Card,1,2.4,2138.64,2026,3,March,213.86399999999998,1497.0479999999998,641.5920000000001
11532,2026-03-12,1253,Clothing,North,3,333.39,0.07,Card,2,4.9,1000.17,2026,3,March,233.37299999999996,700.1189999999999,300.05100000000004
11533,2026-03-13,1841,Clothing,East,3,574.55,0.09,Card,2,1.0,1723.6499999999999,2026,3,March,402.18499999999995,1206.5549999999998,517.095
11534,2026-03-14,1871,Clothing,West,7,533.73,0.13,COD,11,4.7,3736.11,2026,3,March,373.611,2615.277,1120.833
11535,2026-03-15,1549,Electronics,West,4,114.14,0.22,Card,5,4.8,456.56,2026,3,March,79.898,319.592,136.96800000000002
11536,2026-03-16,1133,Electronics,West,6,291.83,0.15,Card,1,1.2,1750.98,2026,3,March,204.28099999999998,1225.686,525.2940000000001
11537,2026-03-17,1711,Home,East,4,583.21,0.14,Card,10,4.6,2332.84,2026,3,March,408.247,1632.988,699.8520000000001
11538,2026-03-18,1022,Beauty,North,1,232.83,0.2,COD,8,2.9,232.83,2026,3,March,162.981,162.981,69.84900000000002
11539,2026-03-19,1814,Electronics,South,4,232.37,0.08,Card,2,4.1,929.48,2026,3,March,162.659,650.636,278.84400000000005
11540,2026-03-20,1345,Beauty,North,4,129.09,0.03,COD,6,1.3,516.36,2026,3,March,90.363,361.452,154.90800000000002
11541,2026-03-21,1301,Clothing,North,1,81.88,0.01,Card,5,4.8,81.88,2026,3,March,57.315999999999995,57.315999999999995,24.564
11542,2026-03-22,1362,Clothing,South,3,448.08,0.09,Card,2,3.4,1344.24,2026,3,March,313.65599999999995,940.9679999999998,403.27200000000016
11543,2026-03-23,1395,Clothing,East,3,465.47,0.03,COD,10,4.6,1396.41,2026,3,March,325.829,977.4870000000001,418.923
11544,2026-03-24,1217,Electronics,West,4,581.87,0.12,COD,1,3.7,2327.48,2026,3,March,407.30899999999997,1629.2359999999999,698.2440000000001
11545,2026-03-25,1140,Electronics,West,1,467.45,0.27,COD,6,3.1,467.45,2026,3,March,327.215,327.215,140.235
11546,2026-03-26,1615,Clothing,North,3,157.36,0.25,Card,6,1.7,472.08000000000004,2026,3,March,110.152,330.456,141.62400000000002
11547,2026-03-27,1957,Electronics,East,5,38.47,0.21,COD,3,1.7,192.35,2026,3,March,26.929,134.64499999999998,57.70500000000001
11548,2026-03-28,1209,Beauty,West,2,591.48,0.3,Card,8,2.9,1182.96,2026,3,March,414.036,828.072,354.88800000000003
11549,2026-03-29,1984,Clothing,East,2,214.16,0.1,COD,9,4.5,428.32,2026,3,March,149.91199999999998,299.82399999999996,128.49600000000004
11550,2026-03-30,1992,Electronics,South,6,197.5,0.31,COD,3,1.5,1185.0,2026,3,March,138.25,829.5,355.5
11551,2026-03-31,1622,Home,North,2,544.98,0.14,Card,9,5.0,1089.96,2026,3,March,381.486,762.972,326.98800000000006
11552,2026-04-01,1615,Electronics,North,4,357.28,0.14,COD,8,4.5,1429.12,2026,4,April,250.09599999999998,1000.3839999999999,428.736
11553,2026-04-02,1827,Clothing,East,2,140.7,0.14,COD,5,2.6,281.4,2026,4,April,98.48999999999998,196.97999999999996,84.42000000000002
11554,2026-04-03,1682,Home,West,2,535.12,0.03,Card,6,2.0,1070.24,2026,4,April,374.584,749.168,321.072
11555,2026-04-04,1459,Beauty,East,5,596.12,0.34,Wallet,1,4.7,2980.6,2026,4,April,417.284,2086.42,894.1799999999998
11556,2026-04-05,1355,Home,South,3,65.71,0.05,Wallet,5,1.5,197.13,2026,4,April,45.99699999999999,137.99099999999999,59.13900000000001
11557,2026-04-06,1323,Home,West,5,519.42,0.12,Card,10,2.4,2597.1,2026,4,April,363.59399999999994,1817.9699999999998,779.1300000000001
11558,2026-04-07,1132,Home,West,4,243.45,0.11,Wallet,10,1.3,973.8,2026,4,April,170.415,681.66,292.14
11559,2026-04-08,1887,Beauty,East,2,321.58,0.03,Card,7,4.8,643.16,2026,4,April,225.10599999999997,450.21199999999993,192.94800000000004
11560,2026-04-09,1804,Electronics,South,7,550.17,0.05,COD,1,3.5,3851.1899999999996,2026,4,April,385.11899999999997,2695.8329999999996,1155.357
11561,2026-04-10,1839,Electronics,West,3,584.43,0.02,Wallet,10,2.3,1753.29,2026,4,April,409.10099999999994,1227.3029999999999,525.9870000000001
11562,2026-04-11,1126,Electronics,North,6,168.37,0.1,COD,9,2.1,1010.22,2026,4,April,117.859,707.154,303.06600000000003
11563,2026-04-12,1105,Electronics,South,6,139.52,0.3,Card,7,2.8,837.1200000000001,2026,4,April,97.664,585.984,251.13600000000008
11564,2026-04-13,1603,Home,West,2,62.1,0.12,Wallet,4,1.4,124.2,2026,4,April,43.47,86.94,37.260000000000005
11565,2026-04-14,1798,Clothing,East,2,343.65,0.04,Card,11,4.6,687.3,2026,4,April,240.55499999999998,481.10999999999996,206.19
11566,2026-04-15,1377,Clothing,West,6,22.96,0.23,Card,4,3.0,137.76,2026,4,April,16.072,96.43199999999999,41.328
11567,2026-04-16,1904,Electronics,North,6,255.96,0.35,Card,11,3.9,1535.76,2026,4,April,179.172,1075.032,460.72800000000007
11568,2026-04-17,1050,Home,South,7,57.93,0.08,Wallet,10,1.9,405.51,2026,4,April,40.550999999999995,283.85699999999997,121.65300000000002
11569,2026-04-18,1028,Electronics,West,4,252.06,0.1,Wallet,7,3.0,1008.24,2026,4,April,176.44199999999998,705.7679999999999,302.4720000000001
11570,2026-04-19,1461,Home,North,2,38.36,0.34,Card,6,1.8,76.72,2026,4,April,26.851999999999997,53.70399999999999,23.016000000000005
11571,2026-04-20,1295,Clothing,West,6,503.6,0.06,Wallet,3,4.3,3021.6000000000004,2026,4,April,352.52,2115.12,906.4800000000005
11572,2026-04-21,1296,Electronics,West,7,137.7,0.18,Card,9,4.1,963.8999999999999,2026,4,April,96.38999999999999,674.7299999999999,289.16999999999996
11573,2026-04-22,1725,Electronics,South,1,207.06,0.08,Wallet,6,1.6,207.06,2026,4,April,144.94199999999998,144.94199999999998,62.11800000000002
11574,2026-04-23,1778,Electronics,East,6,523.98,0.33,COD,11,1.3,3143.88,2026,4,April,366.786,2200.716,943.1640000000002
11575,2026-04-24,1406,Home,East,3,451.57,0.34,Card,2,4.3,1354.71,2026,4,April,316.099,948.297,406.413
11576,2026-04-25,1768,Beauty,North,3,143.14,0.29,Card,10,1.4,429.41999999999996,2026,4,April,100.19799999999998,300.59399999999994,128.82600000000002
11577,2026-04-26,1813,Clothing,North,1,57.06,0.11,Card,2,3.2,57.06,2026,4,April,39.942,39.942,17.118000000000002
11578,2026-04-27,1612,Electronics,North,4,433.67,0.14,Card,1,3.1,1734.68,2026,4,April,303.569,1214.276,520.404
11579,2026-04-28,1404,Clothing,South,2,243.56,0.08,COD,11,1.8,487.12,2026,4,April,170.492,340.984,146.13600000000002
11580,2026-04-29,1345,Home,East,2,463.16,0.31,Card,5,3.4,926.32,2026,4,April,324.212,648.424,277.8960000000001
11581,2026-04-30,1621,Home,North,6,275.5,0.32,Wallet,10,3.0,1653.0,2026,4,April,192.85,1157.1,495.9000000000001
11582,2026-05-01,1419,Electronics,North,3,217.41,0.15,COD,6,3.0,652.23,2026,5,May,152.18699999999998,456.5609999999999,195.6690000000001
11583,2026-05-02,1181,Electronics,West,4,278.96,0.23,COD,3,2.4,1115.84,2026,5,May,195.27199999999996,781.0879999999999,334.75200000000007
11584,2026-05-03,1982,Home,West,4,452.91,0.06,Card,4,4.4,1811.64,2026,5,May,317.037,1268.148,543.4920000000002
11585,2026-05-04,1824,Clothing,North,4,542.8,0.15,Wallet,5,1.3,2171.2,2026,5,May,379.9599999999999,1519.8399999999997,651.3600000000001
11586,2026-05-05,1000,Electronics,West,6,44.11,0.22,COD,4,2.8,264.65999999999997,2026,5,May,30.877,185.262,79.39799999999997
11587,2026-05-06,1830,Electronics,West,2,321.61,0.13,Wallet,9,2.0,643.22,2026,5,May,225.12699999999998,450.25399999999996,192.96600000000007
11588,2026-05-07,1949,Clothing,West,4,34.21,0.13,Wallet,3,4.4,136.84,2026,5,May,23.947,95.788,41.05200000000001
11589,2026-05-08,1566,Beauty,South,6,289.02,0.0,Card,5,1.9,1734.12,2026,5,May,202.31399999999996,1213.8839999999998,520.2360000000001
11590,2026-05-09,1370,Beauty,North,6,532.89,0.28,Card,7,4.1,3197.34,2026,5,May,373.02299999999997,2238.138,959.2020000000002
11591,2026-05-10,1935,Clothing,North,1,226.53,0.31,Wallet,7,3.4,226.53,2026,5,May,158.571,158.571,67.959
11592,2026-05-11,1910,Clothing,West,5,560.48,0.34,Wallet,6,4.5,2802.4,2026,5,May,392.336,1961.68,840.72
11593,2026-05-12,1660,Electronics,South,4,383.91,0.25,COD,9,3.4,1535.64,2026,5,May,268.737,1074.948,460.692
11594,2026-05-13,1430,Clothing,West,5,561.48,0.19,Card,7,3.2,2807.4,2026,5,May,393.036,1965.18,842.22
11595,2026-05-14,1968,Clothing,South,2,457.94,0.09,COD,11,4.2,915.88,2026,5,May,320.558,641.116,274.764
11596,2026-05-15,1308,Clothing,North,6,75.51,0.35,Card,4,3.2,453.06000000000006,2026,5,May,52.857,317.142,135.91800000000006
11597,2026-05-16,1136,Clothing,West,7,150.22,0.21,Card,11,4.4,1051.54,2026,5,May,105.154,736.078,315.462
11598,2026-05-17,1201,Electronics,North,4,245.59,0.24,COD,10,1.2,982.36,2026,5,May,171.91299999999998,687.6519999999999,294.7080000000001
11599,2026-05-18,1435,Electronics,South,7,114.51,0.24,Card,9,3.0,801.57,2026,5,May,80.157,561.0989999999999,240.47100000000012
11600,2026-05-19,1312,Electronics,East,3,304.52,0.3,COD,6,4.3,913.56,2026,5,May,213.164,639.492,274.068
11601,2026-05-20,1116,Electronics,South,2,290.75,0.0,Wallet,1,4.4,581.5,2026,5,May,203.52499999999998,407.04999999999995,174.45000000000005
11602,2026-05-21,1665,Electronics,East,1,574.41,0.08,Wallet,9,4.3,574.41,2026,5,May,402.08699999999993,402.08699999999993,172.32300000000004
11603,2026-05-22,1936,Beauty,North,1,268.73,0.23,Wallet,11,3.4,268.73,2026,5,May,188.111,188.111,80.61900000000003
11604,2026-05-23,1802,Clothing,North,5,474.59,0.31,Wallet,7,5.0,2372.95,2026,5,May,332.21299999999997,1661.0649999999998,711.885
11605,2026-05-24,1574,Clothing,West,6,566.02,0.24,Card,6,1.7,3396.12,2026,5,May,396.21399999999994,2377.2839999999997,1018.8360000000002
11606,2026-05-25,1243,Beauty,East,5,528.04,0.14,Wallet,6,1.7,2640.2,2026,5,May,369.62799999999993,1848.1399999999996,792.0600000000002
11607,2026-05-26,1536,Beauty,South,3,137.07,0.13,Wallet,4,1.1,411.21,2026,5,May,95.94899999999998,287.847,123.363
11608,2026-05-27,1601,Clothing,North,3,305.18,0.26,Wallet,4,5.0,915.54,2026,5,May,213.626,640.878,274.6619999999999
11609,2026-05-28,1074,Home,East,1,218.43,0.26,COD,11,2.4,218.43,2026,5,May,152.90099999999998,152.90099999999998,65.52900000000002
11610,2026-05-29,1805,Electronics,South,7,248.92,0.21,Card,3,4.0,1742.4399999999998,2026,5,May,174.24399999999997,1219.7079999999999,522.732
11611,2026-05-30,1385,Electronics,East,4,226.07,0.1,Card,8,1.2,904.28,2026,5,May,158.249,632.996,271.284
11612,2026-05-31,1902,Clothing,South,1,498.42,0.32,Card,8,2.2,498.42,2026,5,May,348.894,348.894,149.526
11613,2026-06-01,1209,Home,South,1,279.5,0.19,Wallet,2,3.5,279.5,2026,6,June,195.64999999999998,195.64999999999998,83.85000000000002
11614,2026-06-02,1474,Home,South,7,321.36,0.28,COD,5,3.1,2249.52,2026,6,June,224.952,1574.664,674.856
11615,2026-06-03,1417,Electronics,South,7,589.73,0.08,Wallet,9,1.8,4128.110000000001,2026,6,June,412.811,2889.6769999999997,1238.433000000001
11616,2026-06-04,1346,Electronics,East,3,50.09,0.12,COD,9,2.8,150.27,2026,6,June,35.063,105.18900000000001,45.081
11617,2026-06-05,1528,Clothing,East,7,300.46,0.31,COD,7,1.4,2103.22,2026,6,June,210.32199999999997,1472.254,630.9659999999999
11618,2026-06-06,1639,Electronics,West,5,467.83,0.02,Card,4,3.2,2339.15,2026,6,June,327.481,1637.405,701.7450000000001
11619,2026-06-07,1938,Clothing,East,3,103.43,0.18,Card,4,1.4,310.29,2026,6,June,72.401,217.20299999999997,93.08700000000005
11620,2026-06-08,1954,Home,East,7,372.75,0.17,Card,10,3.5,2609.25,2026,6,June,260.925,1826.4750000000001,782.7749999999999
11621,2026-06-09,1875,Home,West,6,155.09,0.26,COD,11,1.6,930.54,2026,6,June,108.563,651.378,279.1619999999999
11622,2026-06-10,1762,Home,East,3,522.43,0.1,Card,7,3.2,1567.29,2026,6,June,365.70099999999996,1097.1029999999998,470.1870000000001
11623,2026-06-11,1178,Beauty,South,3,206.35,0.08,COD,3,1.5,619.05,2026,6,June,144.445,433.335,185.71499999999997
11624,2026-06-12,1181,Clothing,North,1,207.5,0.32,Card,3,2.6,207.5,2026,6,June,145.25,145.25,62.25
11625,2026-06-13,1663,Home,North,4,364.94,0.2,Wallet,5,2.4,1459.76,2026,6,June,255.45799999999997,1021.8319999999999,437.9280000000001
11626,2026-06-14,1024,Clothing,West,1,122.38,0.04,Card,11,4.0,122.38,2026,6,June,85.666,85.666,36.714
11627,2026-06-15,1966,Electronics,East,2,181.66,0.07,COD,6,3.6,363.32,2026,6,June,127.16199999999999,254.32399999999998,108.99600000000001
11628,2026-06-16,1179,Electronics,East,3,258.73,0.35,Card,8,4.7,776.19,2026,6,June,181.111,543.333,232.85700000000008
11629,2026-06-17,1709,Electronics,West,7,221.88,0.07,COD,1,4.7,1553.1599999999999,2026,6,June,155.31599999999997,1087.2119999999998,465.9480000000001
11630,2026-06-18,1500,Clothing,North,7,322.05,0.21,Card,7,3.9,2254.35,2026,6,June,225.435,1578.045,676.3049999999998
11631,2026-06-19,1855,Clothing,South,7,365.79,0.15,COD,8,4.1,2560.53,2026,6,June,256.053,1792.371,768.1590000000001
11632,2026-06-20,1160,Home,East,3,346.5,0.31,Wallet,5,3.5,1039.5,2026,6,June,242.54999999999998,727.65,311.85
11633,2026-06-21,1176,Electronics,West,7,397.69,0.26,Card,10,3.8,2783.83,2026,6,June,278.383,1948.6809999999998,835.1490000000001
11634,2026-06-22,1284,Electronics,South,2,195.03,0.21,Card,2,3.5,390.06,2026,6,June,136.521,273.042,117.01800000000003
11635,2026-06-23,1062,Beauty,West,3,88.96,0.0,COD,4,2.2,266.88,2026,6,June,62.27199999999999,186.81599999999997,80.06400000000002
11636,2026-06-24,1661,Electronics,West,7,460.07,0.31,COD,6,2.4,3220.49,2026,6,June,322.049,2254.343,966.1469999999999
11637,2026-06-25,1665,Clothing,West,3,512.71,0.16,Card,9,3.3,1538.13,2026,6,June,358.897,1076.691,461.4390000000001
11638,2026-06-26,1155,Clothing,North,6,165.35,0.33,COD,2,3.9,992.0999999999999,2026,6,June,115.74499999999999,694.4699999999999,297.63
11639,2026-06-27,1881,Clothing,North,3,253.15,0.17,Card,4,2.6,759.45,2026,6,June,177.20499999999998,531.615,227.83500000000004
11640,2026-06-28,1468,Electronics,West,2,306.66,0.24,Card,10,1.6,613.32,2026,6,June,214.662,429.324,183.99600000000004
11641,2026-06-29,1048,Electronics,East,1,327.0,0.02,Card,5,2.8,327.0,2026,6,June,228.89999999999998,228.89999999999998,98.10000000000002
11642,2026-06-30,1966,Electronics,South,3,400.8,0.26,Wallet,8,4.9,1202.4,2026,6,June,280.56,841.6800000000001,360.72
11643,2026-07-01,1848,Clothing,East,4,39.34,0.12,COD,8,1.9,157.36,2026,7,July,27.538,110.152,47.20800000000001
11644,2026-07-02,1083,Clothing,North,2,437.06,0.12,COD,2,3.6,874.12,2026,7,July,305.942,611.884,262.236
11645,2026-07-03,1360,Electronics,South,5,51.25,0.04,Wallet,6,4.9,256.25,2026,7,July,35.875,179.375,76.875
11646,2026-07-04,1688,Clothing,West,6,288.95,0.05,Card,6,2.5,1733.6999999999998,2026,7,July,202.265,1213.59,520.1099999999999
11647,2026-07-05,1147,Home,East,2,499.19,0.07,COD,5,4.6,998.38,2026,7,July,349.433,698.866,299.514
11648,2026-07-06,1629,Electronics,East,1,278.96,0.11,Wallet,8,4.5,278.96,2026,7,July,195.27199999999996,195.27199999999996,83.68800000000002
11649,2026-07-07,1341,Clothing,West,7,102.22,0.31,Card,10,2.4,715.54,2026,7,July,71.55399999999999,500.87799999999993,214.66200000000003
11650,2026-07-08,1475,Home,East,7,591.24,0.13,Card,2,1.4,4138.68,2026,7,July,413.868,2897.076,1241.6040000000003
11651,2026-07-09,1062,Electronics,North,2,535.23,0.25,Wallet,2,1.7,1070.46,2026,7,July,374.661,749.322,321.13800000000003
11652,2026-07-10,1700,Electronics,West,5,466.22,0.03,Wallet,7,2.5,2331.1000000000004,2026,7,July,326.354,1631.77,699.3300000000004
11653,2026-07-11,1359,Clothing,East,7,255.73,0.21,Card,9,4.8,1790.11,2026,7,July,179.011,1253.077,537.0329999999999
11654,2026-07-12,1560,Beauty,West,6,122.55,0.17,Card,3,2.1,735.3,2026,7,July,85.785,514.71,220.58999999999992
11655,2026-07-13,1326,Home,South,4,565.73,0.34,Card,7,4.7,2262.92,2026,7,July,396.01099999999997,1584.0439999999999,678.8760000000002
11656,2026-07-14,1768,Clothing,West,5,326.43,0.3,Card,3,1.7,1632.15,2026,7,July,228.50099999999998,1142.5049999999999,489.6450000000002
11657,2026-07-15,1735,Home,East,2,513.63,0.16,Card,6,4.9,1027.26,2026,7,July,359.541,719.082,308.178
11658,2026-07-16,1140,Clothing,North,5,215.13,0.27,COD,3,2.2,1075.65,2026,7,July,150.59099999999998,752.9549999999999,322.69500000000016
11659,2026-07-17,1989,Clothing,West,7,211.14,0.07,Wallet,1,3.5,1477.98,2026,7,July,147.79799999999997,1034.5859999999998,443.39400000000023
11660,2026-07-18,1214,Clothing,West,7,591.54,0.2,Card,6,1.3,4140.78,2026,7,July,414.078,2898.546,1242.234
11661,2026-07-19,1434,Electronics,East,2,320.27,0.03,Wallet,11,2.2,640.54,2026,7,July,224.18899999999996,448.37799999999993,192.16200000000003
11662,2026-07-20,1890,Home,North,7,97.31,0.12,Card,3,1.8,681.1700000000001,2026,7,July,68.11699999999999,476.81899999999996,204.3510000000001
11663,2026-07-21,1951,Clothing,North,7,143.51,0.08,Card,1,1.0,1004.5699999999999,2026,7,July,100.457,703.199,301.371
11664,2026-07-22,1722,Clothing,South,4,296.94,0.25,COD,5,1.6,1187.76,2026,7,July,207.85799999999998,831.4319999999999,356.3280000000001
11665,2026-07-23,1317,Beauty,South,4,39.85,0.17,Card,8,3.4,159.4,2026,7,July,27.895,111.58,47.82000000000001
11666,2026-07-24,1031,Electronics,East,1,285.58,0.26,Card,8,2.6,285.58,2026,7,July,199.90599999999998,199.90599999999998,85.674
11667,2026-07-25,1669,Electronics,North,4,260.08,0.18,Wallet,8,3.9,1040.32,2026,7,July,182.05599999999998,728.2239999999999,312.096
11668,2026-07-26,1284,Electronics,North,3,470.91,0.03,Card,3,3.7,1412.73,2026,7,July,329.637,988.9110000000001,423.81899999999996
11669,2026-07-27,1304,Home,South,5,222.64,0.26,COD,8,4.2,1113.1999999999998,2026,7,July,155.84799999999998,779.2399999999999,333.9599999999999
11670,2026-07-28,1428,Home,South,5,589.79,0.29,Card,4,4.5,2948.95,2026,7,July,412.85299999999995,2064.265,884.685
11671,2026-07-29,1476,Electronics,East,2,120.75,0.32,Card,8,4.3,241.5,2026,7,July,84.52499999999999,169.04999999999998,72.45000000000002
11672,2026-07-30,1285,Home,North,4,360.73,0.2,COD,3,2.8,1442.92,2026,7,July,252.511,1010.044,432.8760000000001
11673,2026-07-31,1143,Clothing,West,1,67.47,0.26,Wallet,3,2.2,67.47,2026,7,July,47.229,47.229,20.241
11674,2026-08-01,1423,Home,South,7,444.31,0.26,Card,1,3.0,3110.17,2026,8,August,311.017,2177.119,933.0509999999999
11675,2026-08-02,1018,Clothing,East,1,596.93,0.05,COD,8,3.1,596.93,2026,8,August,417.85099999999994,417.85099999999994,179.079
11676,2026-08-03,1017,Clothing,North,1,494.2,0.06,Wallet,8,2.3,494.2,2026,8,August,345.94,345.94,148.26
11677,2026-08-04,1768,Beauty,North,6,340.09,0.02,COD,9,3.2,2040.54,2026,8,August,238.06299999999996,1428.3779999999997,612.1620000000003
11678,2026-08-05,1589,Electronics,South,7,298.57,0.11,Card,6,1.4,2089.99,2026,8,August,208.999,1462.993,626.9969999999998
11679,2026-08-06,1370,Electronics,East,3,503.49,0.17,COD,2,1.9,1510.47,2026,8,August,352.443,1057.329,453.1410000000001
11680,2026-08-07,1174,Clothing,West,4,562.54,0.35,COD,1,4.0,2250.16,2026,8,August,393.77799999999996,1575.1119999999999,675.048
11681,2026-08-08,1193,Beauty,South,7,593.69,0.15,COD,8,1.7,4155.83,2026,8,August,415.583,2909.081,1246.7489999999998
11682,2026-08-09,1501,Clothing,East,1,246.98,0.25,COD,10,1.6,246.98,2026,8,August,172.886,172.886,74.094
11683,2026-08-10,1987,Electronics,North,7,594.69,0.24,Card,4,2.1,4162.83,2026,8,August,416.283,2913.981,1248.8489999999997
11684,2026-08-11,1112,Electronics,West,3,106.22,0.07,COD,11,2.5,318.65999999999997,2026,8,August,74.354,223.062,95.59799999999996
11685,2026-08-12,1113,Clothing,East,5,163.33,0.02,COD,11,2.3,816.6500000000001,2026,8,August,114.331,571.655,244.99500000000012
11686,2026-08-13,1221,Electronics,West,2,67.07,0.19,COD,7,2.5,134.14,2026,8,August,46.94899999999999,93.89799999999998,40.242000000000004
11687,2026-08-14,1677,Home,East,4,173.97,0.25,Wallet,10,1.6,695.88,2026,8,August,121.779,487.116,208.764
11688,2026-08-15,1946,Beauty,East,4,464.24,0.35,Wallet,4,1.7,1856.96,2026,8,August,324.96799999999996,1299.8719999999998,557.0880000000002
11689,2026-08-16,1830,Clothing,East,6,513.96,0.13,COD,1,1.9,3083.76,2026,8,August,359.772,2158.632,925.1280000000002
11690,2026-08-17,1643,Clothing,East,5,470.65,0.31,COD,8,2.6,2353.25,2026,8,August,329.455,1647.2749999999999,705.9750000000001
11691,2026-08-18,1896,Clothing,West,4,384.17,0.13,COD,10,2.3,1536.68,2026,8,August,268.919,1075.676,461.00400000000013
11692,2026-08-19,1263,Electronics,South,6,315.67,0.24,COD,9,4.2,1894.02,2026,8,August,220.969,1325.8139999999999,568.2060000000001
11693,2026-08-20,1924,Beauty,West,6,429.59,0.21,Wallet,10,3.1,2577.54,2026,8,August,300.71299999999997,1804.2779999999998,773.2620000000002
11694,2026-08-21,1054,Clothing,East,6,243.64,0.02,COD,9,3.3,1461.84,2026,8,August,170.54799999999997,1023.2879999999998,438.55200000000013
11695,2026-08-22,1870,Clothing,West,4,507.17,0.03,Card,9,3.2,2028.68,2026,8,August,355.019,1420.076,608.604
11696,2026-08-23,1642,Home,West,4,411.16,0.01,COD,11,2.6,1644.64,2026,8,August,287.812,1151.248,493.39200000000005
11697,2026-08-24,1799,Clothing,West,4,423.22,0.13,COD,11,4.9,1692.88,2026,8,August,296.254,1185.016,507.86400000000003
11698,2026-08-25,1777,Clothing,East,3,328.52,0.26,COD,4,1.1,985.56,2026,8,August,229.96399999999997,689.8919999999999,295.668
11699,2026-08-26,1457,Electronics,West,6,532.86,0.06,COD,9,1.9,3197.16,2026,8,August,373.002,2238.012,959.1479999999997
11700,2026-08-27,1978,Home,North,3,162.43,0.21,Card,11,2.1,487.29,2026,8,August,113.701,341.10299999999995,146.18700000000007
11701,2026-08-28,1877,Beauty,East,2,237.97,0.1,Card,4,4.5,475.94,2026,8,August,166.57899999999998,333.15799999999996,142.78200000000004
11702,2026-08-29,1161,Clothing,West,4,469.92,0.28,Card,2,4.7,1879.68,2026,8,August,328.944,1315.776,563.904
11703,2026-08-30,1379,Beauty,North,7,303.26,0.28,Card,10,4.4,2122.8199999999997,2026,8,August,212.28199999999998,1485.974,636.8459999999998
11704,2026-08-31,1992,Electronics,West,5,535.19,0.27,Card,3,2.7,2675.9500000000003,2026,8,August,374.63300000000004,1873.1650000000002,802.7850000000001
11705,2026-09-01,1086,Clothing,South,1,217.64,0.18,Wallet,2,4.7,217.64,2026,9,September,152.34799999999998,152.34799999999998,65.292
11706,2026-09-02,1054,Clothing,West,2,231.06,0.1,Card,1,1.4,462.12,2026,9,September,161.742,323.484,138.63600000000002
11707,2026-09-03,1475,Clothing,West,7,534.91,0.28,Wallet,11,3.6,3744.37,2026,9,September,374.43699999999995,2621.0589999999997,1123.3110000000001
11708,2026-09-04,1799,Clothing,South,1,286.66,0.07,Card,6,4.7,286.66,2026,9,September,200.662,200.662,85.99800000000002
11709,2026-09-05,1177,Electronics,East,1,316.93,0.1,Card,4,4.0,316.93,2026,9,September,221.851,221.851,95.07900000000001
11710,2026-09-06,1390,Electronics,South,4,209.67,0.06,COD,7,2.1,838.68,2026,9,September,146.76899999999998,587.0759999999999,251.60400000000004
11711,2026-09-07,1348,Clothing,East,5,176.85,0.24,Card,7,3.9,884.25,2026,9,September,123.79499999999999,618.9749999999999,265.2750000000001
11712,2026-09-08,1007,Electronics,South,1,398.73,0.24,Wallet,10,2.2,398.73,2026,9,September,279.111,279.111,119.61900000000003
11713,2026-09-09,1832,Home,West,6,85.11,0.23,Card,1,1.4,510.65999999999997,2026,9,September,59.577,357.462,153.19799999999998
11714,2026-09-10,1312,Electronics,West,7,529.37,0.15,Card,9,3.9,3705.59,2026,9,September,370.55899999999997,2593.9129999999996,1111.6770000000006
11715,2026-09-11,1758,Electronics,East,1,470.83,0.04,Wallet,8,1.7,470.83,2026,9,September,329.58099999999996,329.58099999999996,141.24900000000002
11716,2026-09-12,1834,Clothing,East,2,126.59,0.32,Card,10,1.4,253.18,2026,9,September,88.613,177.226,75.95400000000001
11717,2026-09-13,1983,Clothing,North,5,421.0,0.18,Card,1,3.2,2105.0,2026,9,September,294.7,1473.5,631.5
11718,2026-09-14,1982,Beauty,North,5,367.54,0.14,Card,8,3.5,1837.7,2026,9,September,257.278,1286.39,551.31
11719,2026-09-15,1442,Clothing,West,1,122.95,0.21,COD,5,1.2,122.95,2026,9,September,86.065,86.065,36.885000000000005
11720,2026-09-16,1766,Electronics,West,5,174.82,0.07,Card,1,1.0,874.0999999999999,2026,9,September,122.37399999999998,611.8699999999999,262.23
11721,2026-09-17,1327,Home,North,2,254.26,0.05,COD,4,4.5,508.52,2026,9,September,177.98199999999997,355.96399999999994,152.55600000000004
11722,2026-09-18,1053,Clothing,North,7,424.06,0.14,Wallet,7,1.5,2968.42,2026,9,September,296.842,2077.894,890.5260000000003
11723,2026-09-19,1760,Electronics,East,2,388.65,0.08,Wallet,5,3.3,777.3,2026,9,September,272.05499999999995,544.1099999999999,233.19000000000005
11724,2026-09-20,1238,Clothing,South,2,326.36,0.09,Card,11,4.8,652.72,2026,9,September,228.452,456.904,195.81600000000003
11725,2026-09-21,1228,Beauty,East,6,464.52,0.31,Card,3,3.0,2787.12,2026,9,September,325.164,1950.984,836.136
11726,2026-09-22,1578,Clothing,North,4,458.39,0.19,Card,11,1.6,1833.56,2026,9,September,320.873,1283.492,550.068
11727,2026-09-23,1050,Electronics,West,1,376.45,0.17,COD,4,2.6,376.45,2026,9,September,263.515,263.515,112.935
11728,2026-09-24,1608,Electronics,North,7,475.39,0.24,Card,2,3.5,3327.73,2026,9,September,332.77299999999997,2329.4109999999996,998.3190000000004
11729,2026-09-25,1603,Electronics,West,5,210.54,0.33,Wallet,8,4.1,1052.7,2026,9,September,147.378,736.8899999999999,315.8100000000002
11730,2026-09-26,1263,Clothing,West,2,530.53,0.04,COD,2,3.4,1061.06,2026,9,September,371.371,742.742,318.318
11731,2026-09-27,1417,Clothing,West,1,374.72,0.29,Card,11,1.1,374.72,2026,9,September,262.30400000000003,262.30400000000003,112.416
11732,2026-09-28,1802,Electronics,West,7,496.08,0.2,COD,6,1.6,3472.56,2026,9,September,347.256,2430.792,1041.768
11733,2026-09-29,1095,Beauty,South,7,334.57,0.05,Card,7,2.5,2341.99,2026,9,September,234.19899999999998,1639.3929999999998,702.597
11734,2026-09-30,1087,Home,North,1,142.79,0.1,Card,7,3.8,142.79,2026,9,September,99.95299999999999,99.95299999999999,42.837
11735,2026-10-01,1077,Clothing,East,4,332.31,0.17,Card,1,3.3,1329.24,2026,10,October,232.617,930.468,398.77200000000005
11736,2026-10-02,1287,Home,West,6,232.1,0.24,Card,8,1.2,1392.6,2026,10,October,162.47,974.8199999999999,417.78
11737,2026-10-03,1119,Electronics,West,5,423.04,0.08,COD,9,4.2,2115.2000000000003,2026,10,October,296.128,1480.6399999999999,634.5600000000004
11738,2026-10-04,1813,Clothing,East,6,293.34,0.19,COD,7,3.4,1760.04,2026,10,October,205.33799999999997,1232.0279999999998,528.0120000000002
11739,2026-10-05,1490,Clothing,East,7,504.13,0.24,Card,8,4.5,3528.91,2026,10,October,352.89099999999996,2470.2369999999996,1058.6730000000002
11740,2026-10-06,1911,Home,West,5,411.67,0.16,Wallet,4,2.7,2058.35,2026,10,October,288.169,1440.8449999999998,617.5050000000001
11741,2026-10-07,1451,Home,East,7,415.46,0.3,Card,8,3.0,2908.22,2026,10,October,290.82199999999995,2035.7539999999997,872.4660000000001
11742,2026-10-08,1499,Electronics,East,2,142.04,0.3,Card,3,2.6,284.08,2026,10,October,99.42799999999998,198.85599999999997,85.22400000000002
11743,2026-10-09,1164,Beauty,South,2,590.79,0.16,Card,1,3.9,1181.58,2026,10,October,413.55299999999994,827.1059999999999,354.47400000000005
11744,2026-10-10,1181,Electronics,East,1,507.38,0.34,COD,8,4.0,507.38,2026,10,October,355.166,355.166,152.214
11745,2026-10-11,1468,Beauty,North,5,476.57,0.03,Wallet,11,3.9,2382.85,2026,10,October,333.599,1667.995,714.855
11746,2026-10-12,1909,Beauty,North,5,208.18,0.0,COD,6,2.2,1040.9,2026,10,October,145.726,728.63,312.2700000000001
11747,2026-10-13,1734,Electronics,North,7,328.34,0.13,Wallet,9,3.5,2298.3799999999997,2026,10,October,229.83799999999997,1608.8659999999998,689.5139999999999
11748,2026-10-14,1822,Home,West,6,95.21,0.21,Card,3,2.4,571.26,2026,10,October,66.64699999999999,399.88199999999995,171.37800000000004
11749,2026-10-15,1943,Electronics,North,2,330.01,0.22,Card,8,4.3,660.02,2026,10,October,231.00699999999998,462.01399999999995,198.00600000000003
11750,2026-10-16,1977,Clothing,South,3,100.35,0.17,COD,9,1.2,301.04999999999995,2026,10,October,70.24499999999999,210.73499999999996,90.315
11751,2026-10-17,1006,Clothing,North,1,338.53,0.04,COD,9,1.2,338.53,2026,10,October,236.97099999999998,236.97099999999998,101.559
11752,2026-10-18,1329,Clothing,West,5,394.5,0.06,Card,7,1.4,1972.5,2026,10,October,276.15,1380.75,591.75
11753,2026-10-19,1774,Beauty,South,4,243.26,0.3,Wallet,11,1.8,973.04,2026,10,October,170.28199999999998,681.1279999999999,291.91200000000003
11754,2026-10-20,1672,Home,North,4,306.65,0.3,Card,10,1.2,1226.6,2026,10,October,214.65499999999997,858.6199999999999,367.98
11755,2026-10-21,1150,Clothing,South,3,527.26,0.24,Card,3,1.3,1581.78,2026,10,October,369.082,1107.246,474.5339999999999
11756,2026-10-22,1084,Home,South,2,78.51,0.23,COD,3,2.2,157.02,2026,10,October,54.957,109.914,47.10600000000001
11757,2026-10-23,1146,Beauty,West,2,478.16,0.21,COD,2,1.4,956.32,2026,10,October,334.712,669.424,286.8960000000001
11758,2026-10-24,1623,Electronics,West,2,114.89,0.07,Card,1,4.2,229.78,2026,10,October,80.423,160.846,68.934
11759,2026-10-25,1380,Beauty,South,6,36.47,0.15,Card,2,1.2,218.82,2026,10,October,25.528999999999996,153.17399999999998,65.64600000000002
11760,2026-10-26,1914,Electronics,North,7,123.56,0.24,COD,5,4.6,864.9200000000001,2026,10,October,86.49199999999999,605.444,259.4760000000001
11761,2026-10-27,1547,Home,West,4,462.55,0.19,COD,1,4.5,1850.2,2026,10,October,323.78499999999997,1295.1399999999999,555.0600000000002
11762,2026-10-28,1284,Electronics,South,2,252.0,0.01,COD,10,1.8,504.0,2026,10,October,176.39999999999998,352.79999999999995,151.20000000000005
11763,2026-10-29,1699,Electronics,East,4,525.42,0.33,COD,4,1.3,2101.68,2026,10,October,367.7939999999999,1471.1759999999997,630.5040000000001
11764,2026-10-30,1081,Clothing,East,3,321.95,0.3,Card,11,1.4,965.8499999999999,2026,10,October,225.36499999999998,676.0949999999999,289.755
11765,2026-10-31,1513,Clothing,West,1,28.02,0.09,Wallet,10,3.2,28.02,2026,10,October,19.613999999999997,19.613999999999997,8.406000000000002
11766,2026-11-01,1896,Clothing,North,7,434.28,0.22,Wallet,10,3.4,3039.96,2026,11,November,303.996,2127.9719999999998,911.9880000000003
11767,2026-11-02,1814,Electronics,East,6,79.49,0.32,Card,1,2.3,476.93999999999994,2026,11,November,55.642999999999994,333.85799999999995,143.082
11768,2026-11-03,1708,Clothing,East,5,476.79,0.03,Card,10,2.2,2383.9500000000003,2026,11,November,333.753,1668.7649999999999,715.1850000000004
11769,2026-11-04,1915,Beauty,East,3,113.34,0.18,Card,8,3.1,340.02,2026,11,November,79.338,238.01399999999998,102.006
11770,2026-11-05,1522,Clothing,North,7,217.09,0.16,COD,5,2.2,1519.63,2026,11,November,151.963,1063.741,455.8890000000001
11771,2026-11-06,1745,Electronics,North,4,460.34,0.14,Wallet,10,4.7,1841.36,2026,11,November,322.23799999999994,1288.9519999999998,552.4080000000001
11772,2026-11-07,1385,Clothing,West,3,573.23,0.29,COD,4,2.5,1719.69,2026,11,November,401.26099999999997,1203.783,515.9070000000002
11773,2026-11-08,1706,Electronics,West,5,232.29,0.13,Wallet,3,1.9,1161.45,2026,11,November,162.60299999999998,813.0149999999999,348.4350000000002
11774,2026-11-09,1470,Home,East,7,500.2,0.02,Card,9,1.6,3501.4,2026,11,November,350.14,2450.98,1050.42
11775,2026-11-10,1118,Home,North,6,126.61,0.02,COD,6,3.5,759.66,2026,11,November,88.627,531.762,227.89800000000002
11776,2026-11-11,1395,Clothing,South,1,487.2,0.01,Card,1,2.3,487.2,2026,11,November,341.03999999999996,341.03999999999996,146.16000000000003
11777,2026-11-12,1531,Clothing,East,5,399.63,0.14,Card,8,1.8,1998.15,2026,11,November,279.741,1398.705,599.4450000000002
11778,2026-11-13,1260,Home,West,7,127.75,0.25,COD,10,2.1,894.25,2026,11,November,89.425,625.975,268.275
11779,2026-11-14,1804,Clothing,North,6,191.96,0.07,Card,2,2.2,1151.76,2026,11,November,134.37199999999999,806.232,345.528
11780,2026-11-15,1933,Home,West,4,92.09,0.23,COD,9,3.5,368.36,2026,11,November,64.463,257.852,110.50800000000004
11781,2026-11-16,1255,Clothing,West,5,239.04,0.24,COD,11,1.7,1195.2,2026,11,November,167.32799999999997,836.6399999999999,358.5600000000002
11782,2026-11-17,1733,Home,North,3,134.13,0.09,Wallet,7,3.9,402.39,2026,11,November,93.89099999999999,281.673,120.71699999999998
11783,2026-11-18,1904,Clothing,East,2,391.74,0.21,Card,3,2.2,783.48,2026,11,November,274.21799999999996,548.4359999999999,235.0440000000001
11784,2026-11-19,1225,Clothing,North,3,596.79,0.24,COD,4,3.0,1790.37,2026,11,November,417.75299999999993,1253.2589999999998,537.1110000000001
11785,2026-11-20,1052,Beauty,East,4,22.03,0.16,Wallet,3,3.6,88.12,2026,11,November,15.421,61.684,26.436000000000007
11786,2026-11-21,1939,Clothing,West,7,331.44,0.12,Wallet,6,3.2,2320.08,2026,11,November,232.00799999999998,1624.0559999999998,696.0240000000001
11787,2026-11-22,1866,Clothing,North,1,350.59,0.22,COD,9,3.6,350.59,2026,11,November,245.41299999999995,245.41299999999995,105.17700000000002
11788,2026-11-23,1499,Electronics,South,5,549.81,0.34,COD,10,2.3,2749.0499999999997,2026,11,November,384.86699999999996,1924.3349999999998,824.7149999999999
11789,2026-11-24,1505,Clothing,East,7,311.01,0.15,Card,9,4.9,2177.0699999999997,2026,11,November,217.707,1523.949,653.1209999999996
11790,2026-11-25,1853,Clothing,South,1,333.07,0.14,COD,1,2.8,333.07,2026,11,November,233.14899999999997,233.14899999999997,99.92100000000002
11791,2026-11-26,1363,Electronics,East,4,290.92,0.16,COD,10,2.3,1163.68,2026,11,November,203.644,814.576,349.10400000000004
11792,2026-11-27,1279,Electronics,North,5,172.31,0.03,COD,6,2.2,861.55,2026,11,November,120.61699999999999,603.0849999999999,258.46500000000003
11793,2026-11-28,1592,Clothing,South,6,47.78,0.19,COD,1,1.2,286.68,2026,11,November,33.446,200.676,86.00400000000002
11794,2026-11-29,1713,Home,North,6,254.06,0.12,Card,11,3.7,1524.3600000000001,2026,11,November,177.84199999999998,1067.052,457.3080000000002
11795,2026-11-30,1157,Clothing,East,7,45.77,0.04,Card,4,2.1,320.39000000000004,2026,11,November,32.039,224.27300000000002,96.11700000000002
11796,2026-12-01,1631,Electronics,East,3,337.04,0.16,COD,7,4.8,1011.1200000000001,2026,12,December,235.928,707.784,303.3360000000001
11797,2026-12-02,1058,Home,East,7,194.77,0.0,Card,4,1.8,1363.39,2026,12,December,136.339,954.373,409.01700000000005
11798,2026-12-03,1726,Electronics,East,3,327.16,0.14,Card,9,3.1,981.48,2026,12,December,229.012,687.0360000000001,294.44399999999996
11799,2026-12-04,1127,Clothing,West,4,93.56,0.04,Card,10,3.9,374.24,2026,12,December,65.492,261.968,112.27199999999999
11800,2026-12-05,1735,Electronics,East,6,560.59,0.01,Card,5,4.5,3363.54,2026,12,December,392.413,2354.478,1009.0619999999999
11801,2026-12-06,1720,Electronics,South,5,538.29,0.29,Wallet,9,1.6,2691.45,2026,12,December,376.80299999999994,1884.0149999999996,807.4350000000002
11802,2026-12-07,1881,Electronics,East,6,126.15,0.32,COD,1,4.9,756.9000000000001,2026,12,December,88.30499999999999,529.8299999999999,227.07000000000016
11803,2026-12-08,1114,Clothing,North,3,215.91,0.07,Card,4,4.6,647.73,2026,12,December,151.137,453.411,194.31900000000002
11804,2026-12-09,1208,Electronics,West,7,373.89,0.19,COD,7,4.9,2617.23,2026,12,December,261.72299999999996,1832.0609999999997,785.1690000000003
11805,2026-12-10,1525,Clothing,South,4,70.98,0.1,Card,2,4.4,283.92,2026,12,December,49.686,198.744,85.17600000000002
11806,2026-12-11,1520,Clothing,West,6,222.42,0.17,COD,9,4.5,1334.52,2026,12,December,155.694,934.164,400.356
11807,2026-12-12,1551,Clothing,West,4,161.9,0.15,Card,3,3.4,647.6,2026,12,December,113.33,453.32,194.28000000000003
11808,2026-12-13,1961,Clothing,West,6,550.58,0.09,Wallet,4,4.4,3303.4800000000005,2026,12,December,385.406,2312.436,991.0440000000003
11809,2026-12-14,1236,Home,North,7,513.72,0.25,Card,4,3.1,3596.04,2026,12,December,359.604,2517.228,1078.812
11810,2026-12-15,1280,Electronics,West,1,354.2,0.04,COD,8,3.2,354.2,2026,12,December,247.93999999999997,247.93999999999997,106.26000000000002
11811,2026-12-16,1358,Clothing,West,7,319.4,0.02,Wallet,2,3.3,2235.7999999999997,2026,12,December,223.57999999999998,1565.06,670.7399999999998
11812,2026-12-17,1200,Electronics,East,6,559.47,0.27,Wallet,5,5.0,3356.82,2026,12,December,391.629,2349.7740000000003,1007.0459999999998
11813,2026-12-18,1757,Electronics,North,3,560.47,0.23,Card,2,1.4,1681.41,2026,12,December,392.329,1176.987,504.423
11814,2026-12-19,1277,Clothing,South,7,582.06,0.17,COD,6,4.2,4074.4199999999996,2026,12,December,407.44199999999995,2852.0939999999996,1222.326
11815,2026-12-20,1234,Clothing,South,5,88.35,0.16,Card,9,2.1,441.75,2026,12,December,61.84499999999999,309.22499999999997,132.52500000000003
11816,2026-12-21,1493,Beauty,South,3,108.93,0.17,COD,9,2.4,326.79,2026,12,December,76.251,228.75300000000001,98.037
11817,2026-12-22,1003,Clothing,North,3,410.89,0.15,Card,1,1.3,1232.67,2026,12,December,287.623,862.8689999999999,369.80100000000016
11818,2026-12-23,1665,Beauty,South,3,331.74,0.14,Wallet,4,2.4,995.22,2026,12,December,232.218,696.654,298.56600000000003
11819,2026-12-24,1441,Electronics,North,4,25.8,0.17,Card,4,5.0,103.2,2026,12,December,18.06,72.24,30.960000000000008
11820,2026-12-25,1028,Electronics,East,2,51.26,0.18,COD,1,2.6,102.52,2026,12,December,35.882,71.764,30.756
11821,2026-12-26,1108,Electronics,East,2,534.53,0.24,COD,10,3.7,1069.06,2026,12,December,374.17099999999994,748.3419999999999,320.7180000000001
11822,2026-12-27,1609,Electronics,North,1,523.29,0.25,Wallet,2,1.5,523.29,2026,12,December,366.30299999999994,366.30299999999994,156.98700000000002
11823,2026-12-28,1726,Clothing,South,3,224.0,0.13,COD,6,4.7,672.0,2026,12,December,156.79999999999998,470.4,201.60000000000002
11824,2026-12-29,1804,Clothing,North,2,536.26,0.14,Card,10,4.3,1072.52,2026,12,December,375.38199999999995,750.7639999999999,321.7560000000001
11825,2026-12-30,1074,Electronics,North,1,362.3,0.13,Card,3,2.5,362.3,2026,12,December,253.60999999999999,253.60999999999999,108.69000000000003
11826,2026-12-31,1837,Beauty,West,4,486.45,0.19,Card,9,2.4,1945.8,2026,12,December,340.515,1362.06,583.74
11827,2027-01-01,1145,Home,North,3,265.05,0.16,COD,3,2.7,795.1500000000001,2027,1,January,185.535,556.605,238.54500000000007
11828,2027-01-02,1127,Electronics,West,5,81.34,0.31,COD,3,2.6,406.70000000000005,2027,1,January,56.937999999999995,284.69,122.01000000000005
11829,2027-01-03,1852,Electronics,East,4,268.73,0.24,COD,9,2.0,1074.92,2027,1,January,188.111,752.444,322.4760000000001
11830,2027-01-04,1041,Electronics,West,1,282.52,0.31,Card,3,5.0,282.52,2027,1,January,197.76399999999998,197.76399999999998,84.756
11831,2027-01-05,1355,Electronics,North,4,337.3,0.25,COD,6,4.2,1349.2,2027,1,January,236.10999999999999,944.4399999999999,404.7600000000001
11832,2027-01-06,1040,Electronics,East,5,76.77,0.34,COD,6,2.1,383.84999999999997,2027,1,January,53.739,268.695,115.15499999999997
11833,2027-01-07,1933,Clothing,West,4,594.97,0.22,Wallet,1,4.9,2379.88,2027,1,January,416.479,1665.916,713.9640000000002
11834,2027-01-08,1033,Electronics,North,1,157.82,0.34,COD,7,1.1,157.82,2027,1,January,110.47399999999999,110.47399999999999,47.346000000000004
11835,2027-01-09,1016,Clothing,East,5,131.15,0.06,Card,9,2.8,655.75,2027,1,January,91.80499999999999,459.025,196.72500000000002
11836,2027-01-10,1676,Beauty,West,5,323.18,0.02,Card,9,3.3,1615.9,2027,1,January,226.226,1131.13,484.77
11837,2027-01-11,1152,Home,North,4,329.27,0.2,Card,9,1.2,1317.08,2027,1,January,230.48899999999998,921.9559999999999,395.124
11838,2027-01-12,1997,Beauty,North,5,272.3,0.34,COD,2,1.6,1361.5,2027,1,January,190.60999999999999,953.05,408.45000000000005
11839,2027-01-13,1377,Electronics,South,7,466.56,0.15,COD,1,2.0,3265.92,2027,1,January,326.592,2286.144,979.7760000000003
11840,2027-01-14,1587,Clothing,South,4,317.24,0.07,Card,6,3.9,1268.96,2027,1,January,222.06799999999998,888.2719999999999,380.6880000000001
11841,2027-01-15,1598,Clothing,West,3,371.67,0.18,Card,6,4.8,1115.01,2027,1,January,260.169,780.507,334.50300000000004
11842,2027-01-16,1628,Electronics,West,5,438.39,0.23,Card,4,3.5,2191.95,2027,1,January,306.873,1534.365,657.5849999999998
11843,2027-01-17,1873,Electronics,West,4,29.64,0.11,Wallet,8,3.3,118.56,2027,1,January,20.747999999999998,82.99199999999999,35.56800000000001
11844,2027-01-18,1341,Home,North,3,348.83,0.25,Card,5,3.1,1046.49,2027,1,January,244.18099999999998,732.5429999999999,313.9470000000001
11845,2027-01-19,1980,Clothing,West,5,532.25,0.34,Card,7,2.4,2661.25,2027,1,January,372.575,1862.875,798.375
11846,2027-01-20,1026,Clothing,North,3,25.17,0.31,Card,9,4.3,75.51,2027,1,January,17.619,52.857,22.653000000000006
11847,2027-01-21,1824,Clothing,West,6,252.03,0.1,Card,1,3.2,1512.18,2027,1,January,176.421,1058.5259999999998,453.6540000000002
11848,2027-01-22,1286,Clothing,North,5,556.84,0.11,COD,9,1.9,2784.2000000000003,2027,1,January,389.788,1948.94,835.2600000000002
11849,2027-01-23,1645,Electronics,North,6,221.6,0.13,Wallet,4,1.5,1329.6,2027,1,January,155.11999999999998,930.7199999999998,398.8800000000001
11850,2027-01-24,1730,Electronics,South,1,283.36,0.14,Card,7,4.9,283.36,2027,1,January,198.352,198.352,85.00800000000001
11851,2027-01-25,1167,Electronics,East,1,589.2,0.04,COD,11,1.1,589.2,2027,1,January,412.44,412.44,176.76000000000005
11852,2027-01-26,1609,Electronics,North,4,131.6,0.27,Card,4,4.7,526.4,2027,1,January,92.11999999999999,368.47999999999996,157.92000000000002
11853,2027-01-27,1267,Beauty,West,2,53.17,0.13,Wallet,4,1.9,106.34,2027,1,January,37.219,74.438,31.902
11854,2027-01-28,1748,Clothing,South,6,517.76,0.31,Card,4,3.6,3106.56,2027,1,January,362.43199999999996,2174.5919999999996,931.9680000000003
11855,2027-01-29,1820,Home,West,6,523.05,0.32,Card,6,2.2,3138.2999999999997,2027,1,January,366.13499999999993,2196.8099999999995,941.4900000000002
11856,2027-01-30,1454,Electronics,West,1,291.17,0.01,COD,5,4.4,291.17,2027,1,January,203.819,203.819,87.35100000000003
11857,2027-01-31,1905,Clothing,North,6,315.81,0.35,Card,2,3.2,1894.8600000000001,2027,1,January,221.06699999999998,1326.4019999999998,568.4580000000003
11858,2027-02-01,1684,Electronics,North,2,503.95,0.25,Card,9,1.6,1007.9,2027,2,February,352.765,705.53,302.37
11859,2027-02-02,1400,Electronics,East,3,447.06,0.18,COD,11,2.1,1341.18,2027,2,February,312.942,938.826,402.35400000000004
11860,2027-02-03,1921,Electronics,North,3,170.11,0.14,COD,6,2.3,510.33000000000004,2027,2,February,119.077,357.231,153.09900000000005
11861,2027-02-04,1980,Home,North,2,24.88,0.18,COD,10,4.5,49.76,2027,2,February,17.415999999999997,34.831999999999994,14.928000000000004
11862,2027-02-05,1475,Home,East,6,295.62,0.11,COD,6,4.1,1773.72,2027,2,February,206.934,1241.604,532.116
11863,2027-02-06,1701,Clothing,West,6,517.46,0.22,COD,9,4.3,3104.76,2027,2,February,362.222,2173.332,931.4280000000003
11864,2027-02-07,1633,Clothing,East,6,539.06,0.03,COD,1,1.2,3234.3599999999997,2027,2,February,377.3419999999999,2264.0519999999997,970.308
11865,2027-02-08,1557,Beauty,East,7,574.39,0.22,COD,7,3.3,4020.73,2027,2,February,402.073,2814.511,1206.219
11866,2027-02-09,1575,Electronics,East,4,529.54,0.1,COD,3,5.0,2118.16,2027,2,February,370.67799999999994,1482.7119999999998,635.4480000000001
11867,2027-02-10,1129,Electronics,South,5,354.33,0.01,Card,4,4.1,1771.6499999999999,2027,2,February,248.03099999999998,1240.155,531.4949999999999
11868,2027-02-11,1821,Electronics,West,2,275.09,0.19,Card,1,1.5,550.18,2027,2,February,192.56299999999996,385.1259999999999,165.05400000000003
11869,2027-02-12,1362,Home,South,2,468.29,0.2,Card,3,3.7,936.58,2027,2,February,327.803,655.606,280.97400000000005
11870,2027-02-13,1704,Beauty,South,7,447.8,0.15,Card,7,4.0,3134.6,2027,2,February,313.46,2194.22,940.3800000000001
11871,2027-02-14,1818,Electronics,North,2,329.81,0.03,COD,6,3.1,659.62,2027,2,February,230.867,461.734,197.88600000000002
11872,2027-02-15,1692,Beauty,East,2,66.09,0.31,Card,1,1.3,132.18,2027,2,February,46.263,92.526,39.65400000000001
11873,2027-02-16,1291,Home,East,7,556.76,0.21,Card,9,1.1,3897.3199999999997,2027,2,February,389.73199999999997,2728.124,1169.196
11874,2027-02-17,1370,Electronics,South,2,281.53,0.04,Card,4,4.8,563.06,2027,2,February,197.07099999999997,394.14199999999994,168.918
11875,2027-02-18,1793,Clothing,North,6,227.55,0.18,Card,7,2.0,1365.3000000000002,2027,2,February,159.285,955.71,409.59000000000015
11876,2027-02-19,1028,Clothing,North,7,383.3,0.17,COD,4,2.5,2683.1,2027,2,February,268.31,1878.17,804.9299999999998
11877,2027-02-20,1148,Beauty,North,4,409.2,0.02,COD,7,4.2,1636.8,2027,2,February,286.44,1145.76,491.03999999999996
11878,2027-02-21,1778,Electronics,West,1,138.25,0.21,COD,5,3.8,138.25,2027,2,February,96.77499999999999,96.77499999999999,41.47500000000001
11879,2027-02-22,1295,Home,South,6,504.61,0.28,Card,1,4.9,3027.66,2027,2,February,353.227,2119.362,908.2979999999998
11880,2027-02-23,1010,Electronics,West,6,184.61,0.26,Wallet,4,1.4,1107.66,2027,2,February,129.227,775.3620000000001,332.298
11881,2027-02-24,1511,Home,North,5,124.21,0.07,Wallet,3,3.8,621.05,2027,2,February,86.94699999999999,434.73499999999996,186.315
11882,2027-02-25,1675,Clothing,North,7,252.74,0.3,COD,6,1.3,1769.18,2027,2,February,176.918,1238.426,530.7540000000001
11883,2027-02-26,1112,Clothing,North,1,442.38,0.12,Wallet,6,1.0,442.38,2027,2,February,309.666,309.666,132.714
11884,2027-02-27,1186,Home,East,2,579.79,0.33,COD,1,1.5,1159.58,2027,2,February,405.85299999999995,811.7059999999999,347.874
11885,2027-02-28,1806,Home,South,1,488.43,0.03,Wallet,11,3.5,488.43,2027,2,February,341.901,341.901,146.529
11886,2027-03-01,1743,Beauty,East,4,565.1,0.17,Wallet,2,3.7,2260.4,2027,3,March,395.57,1582.28,678.1200000000001
11887,2027-03-02,1226,Electronics,West,3,97.25,0.21,Wallet,2,2.8,291.75,2027,3,March,68.07499999999999,204.22499999999997,87.52500000000003
11888,2027-03-03,1309,Home,East,6,56.64,0.09,COD,10,1.2,339.84000000000003,2027,3,March,39.647999999999996,237.88799999999998,101.95200000000006
11889,2027-03-04,1097,Electronics,South,7,341.26,0.27,COD,4,3.5,2388.8199999999997,2027,3,March,238.88199999999998,1672.1739999999998,716.646
11890,2027-03-05,1054,Clothing,East,7,184.82,0.22,COD,9,1.3,1293.74,2027,3,March,129.374,905.6179999999999,388.12200000000007
11891,2027-03-06,1622,Clothing,North,1,499.41,0.01,Card,11,1.6,499.41,2027,3,March,349.587,349.587,149.82300000000004
11892,2027-03-07,1663,Clothing,West,5,408.11,0.21,Card,2,3.1,2040.5500000000002,2027,3,March,285.67699999999996,1428.3849999999998,612.1650000000004
11893,2027-03-08,1757,Clothing,West,4,582.88,0.17,Wallet,11,2.4,2331.52,2027,3,March,408.01599999999996,1632.0639999999999,699.4560000000001
11894,2027-03-09,1405,Beauty,North,3,164.05,0.07,Card,8,2.9,492.15000000000003,2027,3,March,114.835,344.505,147.64500000000004
11895,2027-03-10,1068,Electronics,North,4,299.18,0.35,COD,11,3.5,1196.72,2027,3,March,209.426,837.704,359.0160000000001
11896,2027-03-11,1311,Home,North,7,308.23,0.31,Card,1,1.6,2157.61,2027,3,March,215.761,1510.327,647.2830000000001
11897,2027-03-12,1288,Clothing,South,2,154.92,0.1,Card,8,4.6,309.84,2027,3,March,108.44399999999999,216.88799999999998,92.952
11898,2027-03-13,1761,Electronics,East,3,360.2,0.19,Wallet,3,3.2,1080.6,2027,3,March,252.14,756.42,324.17999999999995
11899,2027-03-14,1547,Electronics,West,7,274.32,0.11,Wallet,5,1.1,1920.24,2027,3,March,192.02399999999997,1344.168,576.0720000000001
11900,2027-03-15,1750,Beauty,East,5,276.33,0.27,COD,1,3.5,1381.6499999999999,2027,3,March,193.43099999999998,967.155,414.4949999999999
11901,2027-03-16,1147,Beauty,North,3,227.2,0.33,Card,1,2.9,681.5999999999999,2027,3,March,159.04,477.12,204.4799999999999
11902,2027-03-17,1466,Beauty,North,7,24.9,0.13,COD,6,3.8,174.29999999999998,2027,3,March,17.429999999999996,122.00999999999998,52.290000000000006
11903,2027-03-18,1738,Beauty,East,5,320.43,0.28,Card,3,4.1,1602.15,2027,3,March,224.301,1121.5049999999999,480.6450000000002
11904,2027-03-19,1243,Electronics,West,2,211.12,0.17,Card,8,4.8,422.24,2027,3,March,147.784,295.568,126.67200000000003
11905,2027-03-20,1490,Clothing,South,5,15.77,0.14,Card,4,5.0,78.85,2027,3,March,11.039,55.195,23.654999999999994
11906,2027-03-21,1848,Home,East,4,195.15,0.33,COD,6,3.2,780.6,2027,3,March,136.605,546.42,234.18000000000006
11907,2027-03-22,1957,Clothing,North,1,178.0,0.18,Card,10,3.2,178.0,2027,3,March,124.6,124.6,53.400000000000006
11908,2027-03-23,1506,Clothing,North,4,245.17,0.16,COD,9,1.1,980.68,2027,3,March,171.61899999999997,686.4759999999999,294.20400000000006
11909,2027-03-24,1364,Clothing,South,7,92.13,0.24,Card,8,4.5,644.91,2027,3,March,64.491,451.437,193.47299999999996
11910,2027-03-25,1481,Clothing,East,7,312.0,0.09,Card,4,1.1,2184.0,2027,3,March,218.39999999999998,1528.7999999999997,655.2000000000003
11911,2027-03-26,1200,Clothing,South,6,420.08,0.11,Card,10,3.5,2520.48,2027,3,March,294.056,1764.3359999999998,756.1440000000002
11912,2027-03-27,1153,Electronics,South,4,383.66,0.33,Wallet,8,1.4,1534.64,2027,3,March,268.562,1074.248,460.39200000000005
11913,2027-03-28,1449,Clothing,West,3,485.2,0.24,COD,7,2.1,1455.6,2027,3,March,339.64,1018.92,436.67999999999995
11914,2027-03-29,1500,Clothing,West,2,279.42,0.29,Card,5,1.6,558.84,2027,3,March,195.594,391.188,167.65200000000004
11915,2027-03-30,1072,Clothing,North,6,318.67,0.09,COD,7,1.5,1912.02,2027,3,March,223.069,1338.414,573.606
11916,2027-03-31,1712,Electronics,East,6,489.09,0.19,Wallet,7,1.3,2934.54,2027,3,March,342.36299999999994,2054.178,880.3620000000001
11917,2027-04-01,1295,Home,West,6,265.21,0.34,COD,10,2.3,1591.2599999999998,2027,4,April,185.64699999999996,1113.8819999999998,477.37799999999993
11918,2027-04-02,1016,Electronics,North,7,425.44,0.11,COD,2,2.7,2978.08,2027,4,April,297.808,2084.656,893.424
11919,2027-04-03,1640,Clothing,East,1,269.24,0.06,Card,7,2.9,269.24,2027,4,April,188.468,188.468,80.77200000000002
11920,2027-04-04,1216,Home,North,5,259.38,0.18,COD,3,2.8,1296.9,2027,4,April,181.56599999999997,907.8299999999999,389.07000000000016
11921,2027-04-05,1060,Clothing,West,3,459.72,0.14,COD,8,3.1,1379.16,2027,4,April,321.804,965.4119999999999,413.74800000000016
11922,2027-04-06,1938,Electronics,North,7,117.28,0.06,COD,8,4.4,820.96,2027,4,April,82.09599999999999,574.6719999999999,246.28800000000012
11923,2027-04-07,1615,Home,East,2,213.07,0.31,Wallet,9,3.5,426.14,2027,4,April,149.14899999999997,298.29799999999994,127.84200000000004
11924,2027-04-08,1041,Clothing,East,7,146.14,0.35,Card,11,1.1,1022.9799999999999,2027,4,April,102.29799999999999,716.0859999999999,306.894
11925,2027-04-09,1024,Home,North,1,225.08,0.2,Card,4,1.7,225.08,2027,4,April,157.556,157.556,67.524
11926,2027-04-10,1038,Home,East,7,149.77,0.27,Wallet,10,2.4,1048.39,2027,4,April,104.839,733.873,314.51700000000005
11927,2027-04-11,1802,Clothing,North,7,353.95,0.3,COD,3,4.8,2477.65,2027,4,April,247.765,1734.355,743.2950000000001
11928,2027-04-12,1130,Clothing,East,4,481.93,0.25,Card,9,1.3,1927.72,2027,4,April,337.351,1349.404,578.316
11929,2027-04-13,1497,Electronics,North,2,475.17,0.02,Card,9,3.8,950.34,2027,4,April,332.61899999999997,665.2379999999999,285.1020000000001
11930,2027-04-14,1228,Electronics,North,6,228.23,0.06,Wallet,2,1.1,1369.3799999999999,2027,4,April,159.761,958.566,410.81399999999985
11931,2027-04-15,1107,Clothing,North,2,593.42,0.02,Card,6,2.5,1186.84,2027,4,April,415.39399999999995,830.7879999999999,356.052
11932,2027-04-16,1171,Clothing,South,2,362.4,0.0,Card,3,4.1,724.8,2027,4,April,253.67999999999998,507.35999999999996,217.44
11933,2027-04-17,1434,Clothing,East,4,248.65,0.11,Card,5,2.4,994.6,2027,4,April,174.055,696.22,298.38
11934,2027-04-18,1477,Electronics,West,5,503.79,0.14,Wallet,2,2.7,2518.9500000000003,2027,4,April,352.653,1763.265,755.6850000000002
11935,2027-04-19,1101,Electronics,North,7,441.98,0.08,Wallet,4,4.6,3093.86,2027,4,April,309.38599999999997,2165.7019999999998,928.1580000000004
11936,2027-04-20,1865,Clothing,South,3,453.33,0.02,COD,11,1.3,1359.99,2027,4,April,317.33099999999996,951.9929999999999,407.99700000000007
11937,2027-04-21,1523,Electronics,West,6,129.74,0.19,COD,3,3.1,778.44,2027,4,April,90.818,544.908,233.53200000000004
11938,2027-04-22,1274,Home,North,5,288.97,0.1,Card,2,2.5,1444.8500000000001,2027,4,April,202.279,1011.395,433.45500000000015
11939,2027-04-23,1612,Electronics,West,1,519.17,0.28,Card,6,4.9,519.17,2027,4,April,363.4189999999999,363.4189999999999,155.75100000000003
11940,2027-04-24,1043,Clothing,South,7,309.86,0.0,Wallet,11,4.2,2169.02,2027,4,April,216.902,1518.3139999999999,650.7060000000001
11941,2027-04-25,1954,Beauty,West,6,414.82,0.29,Card,3,1.5,2488.92,2027,4,April,290.37399999999997,1742.2439999999997,746.6760000000004
11942,2027-04-26,1816,Electronics,North,3,358.94,0.33,COD,4,4.7,1076.82,2027,4,April,251.25799999999998,753.7739999999999,323.04600000000005
11943,2027-04-27,1956,Clothing,West,7,507.78,0.25,COD,6,1.8,3554.46,2027,4,April,355.44599999999997,2488.122,1066.3380000000002
11944,2027-04-28,1016,Electronics,West,1,181.47,0.26,Card,5,1.3,181.47,2027,4,April,127.029,127.029,54.441
11945,2027-04-29,1329,Clothing,North,4,351.65,0.33,COD,4,3.2,1406.6,2027,4,April,246.15499999999997,984.6199999999999,421.98
11946,2027-04-30,1568,Clothing,South,5,87.09,0.07,COD,4,3.9,435.45000000000005,2027,4,April,60.963,304.815,130.63500000000005
11947,2027-05-01,1822,Clothing,South,7,418.77,0.35,COD,2,3.9,2931.39,2027,5,May,293.13899999999995,2051.9729999999995,879.4170000000004
11948,2027-05-02,1496,Clothing,West,6,443.2,0.27,Card,10,3.1,2659.2,2027,5,May,310.23999999999995,1861.4399999999996,797.7600000000002
11949,2027-05-03,1814,Beauty,East,2,40.06,0.25,Card,4,3.0,80.12,2027,5,May,28.041999999999998,56.083999999999996,24.03600000000001
11950,2027-05-04,1011,Electronics,West,3,410.34,0.13,COD,8,4.9,1231.02,2027,5,May,287.23799999999994,861.7139999999998,369.30600000000015
11951,2027-05-05,1317,Electronics,East,7,257.59,0.19,Wallet,5,4.3,1803.1299999999999,2027,5,May,180.31299999999996,1262.1909999999998,540.9390000000001
11952,2027-05-06,1591,Beauty,West,6,87.6,0.23,Card,11,3.8,525.5999999999999,2027,5,May,61.31999999999999,367.91999999999996,157.67999999999995
11953,2027-05-07,1215,Clothing,South,2,260.65,0.22,Wallet,10,1.8,521.3,2027,5,May,182.45499999999998,364.90999999999997,156.39
11954,2027-05-08,1338,Beauty,West,6,128.63,0.25,COD,10,4.3,771.78,2027,5,May,90.041,540.246,231.534
11955,2027-05-09,1775,Clothing,West,7,258.1,0.03,Wallet,8,4.0,1806.7000000000003,2027,5,May,180.67000000000002,1264.69,542.0100000000002
11956,2027-05-10,1990,Home,East,1,239.84,0.12,Card,6,5.0,239.84,2027,5,May,167.888,167.888,71.952
11957,2027-05-11,1660,Clothing,South,2,446.96,0.15,Card,10,1.5,893.92,2027,5,May,312.87199999999996,625.7439999999999,268.17600000000004
11958,2027-05-12,1080,Home,East,2,467.92,0.09,Card,5,3.9,935.84,2027,5,May,327.544,655.088,280.75200000000007
11959,2027-05-13,1726,Beauty,West,6,370.11,0.06,Card,4,4.9,2220.66,2027,5,May,259.077,1554.462,666.1979999999999
11960,2027-05-14,1484,Clothing,North,4,28.27,0.05,Wallet,10,2.9,113.08,2027,5,May,19.788999999999998,79.15599999999999,33.92400000000001
11961,2027-05-15,1373,Electronics,West,7,559.65,0.13,Card,9,3.9,3917.5499999999997,2027,5,May,391.75499999999994,2742.2849999999994,1175.2650000000003
11962,2027-05-16,1975,Electronics,West,4,416.45,0.17,COD,10,4.9,1665.8,2027,5,May,291.515,1166.06,499.74
11963,2027-05-17,1709,Electronics,East,5,35.0,0.02,Card,5,3.2,175.0,2027,5,May,24.5,122.5,52.5
11964,2027-05-18,1199,Electronics,North,1,494.02,0.33,COD,10,3.8,494.02,2027,5,May,345.81399999999996,345.81399999999996,148.20600000000002
11965,2027-05-19,1536,Electronics,North,4,132.16,0.27,Card,11,1.1,528.64,2027,5,May,92.51199999999999,370.04799999999994,158.59200000000004
11966,2027-05-20,1465,Clothing,East,6,353.84,0.26,Card,6,3.1,2123.04,2027,5,May,247.68799999999996,1486.1279999999997,636.9120000000003
11967,2027-05-21,1088,Clothing,South,7,287.98,0.06,Card,7,2.0,2015.8600000000001,2027,5,May,201.586,1411.102,604.758
11968,2027-05-22,1267,Clothing,North,4,260.61,0.21,COD,11,1.5,1042.44,2027,5,May,182.427,729.708,312.7320000000001
11969,2027-05-23,1654,Clothing,North,5,535.48,0.19,Card,11,3.8,2677.4,2027,5,May,374.836,1874.18,803.22
11970,2027-05-24,1570,Electronics,East,3,270.86,0.34,Card,1,1.2,812.58,2027,5,May,189.602,568.806,243.774
11971,2027-05-25,1921,Electronics,South,5,59.08,0.26,Card,9,4.6,295.4,2027,5,May,41.355999999999995,206.77999999999997,88.62
11972,2027-05-26,1488,Electronics,South,2,568.78,0.2,Wallet,8,3.1,1137.56,2027,5,May,398.14599999999996,796.2919999999999,341.26800000000003
11973,2027-05-27,1876,Clothing,West,7,553.51,0.3,COD,11,3.6,3874.5699999999997,2027,5,May,387.457,2712.199,1162.3709999999996
11974,2027-05-28,1537,Electronics,West,2,415.39,0.05,COD,5,2.0,830.78,2027,5,May,290.77299999999997,581.5459999999999,249.23400000000004
11975,2027-05-29,1046,Electronics,East,4,288.72,0.01,COD,3,1.7,1154.88,2027,5,May,202.104,808.416,346.46400000000006
11976,2027-05-30,1287,Clothing,South,4,69.32,0.24,Card,5,2.0,277.28,2027,5,May,48.523999999999994,194.09599999999998,83.184
11977,2027-05-31,1777,Home,East,5,477.59,0.03,COD,5,1.9,2387.95,2027,5,May,334.313,1671.565,716.3849999999998
11978,2027-06-01,1015,Electronics,West,5,59.15,0.04,Card,9,4.5,295.75,2027,6,June,41.404999999999994,207.02499999999998,88.72500000000002
11979,2027-06-02,1710,Clothing,East,6,55.13,0.26,Card,7,4.1,330.78000000000003,2027,6,June,38.591,231.546,99.23400000000004
11980,2027-06-03,1400,Home,East,1,329.37,0.09,COD,2,4.4,329.37,2027,6,June,230.559,230.559,98.811
11981,2027-06-04,1918,Home,North,6,108.68,0.22,COD,5,3.9,652.08,2027,6,June,76.076,456.45599999999996,195.62400000000008
11982,2027-06-05,1793,Beauty,North,2,19.52,0.32,Card,9,3.6,39.04,2027,6,June,13.664,27.328,11.712
11983,2027-06-06,1980,Electronics,North,6,262.52,0.11,Card,11,3.1,1575.12,2027,6,June,183.76399999999998,1102.5839999999998,472.53600000000006
11984,2027-06-07,1085,Electronics,West,5,95.27,0.08,COD,2,2.1,476.34999999999997,2027,6,June,66.689,333.44499999999994,142.90500000000003
11985,2027-06-08,1249,Beauty,East,7,108.9,0.04,COD,8,3.8,762.3000000000001,2027,6,June,76.23,533.61,228.69000000000005
11986,2027-06-09,1390,Clothing,North,6,59.99,0.05,Card,3,1.5,359.94,2027,6,June,41.993,251.95800000000003,107.98199999999997
11987,2027-06-10,1781,Clothing,North,3,134.98,0.02,Card,4,3.0,404.93999999999994,2027,6,June,94.48599999999999,283.45799999999997,121.48199999999997
11988,2027-06-11,1334,Home,North,1,433.56,0.03,Wallet,2,1.8,433.56,2027,6,June,303.49199999999996,303.49199999999996,130.06800000000004
11989,2027-06-12,1628,Home,West,5,488.22,0.15,COD,9,3.0,2441.1000000000004,2027,6,June,341.754,1708.77,732.3300000000004
11990,2027-06-13,1518,Beauty,West,7,279.73,0.11,Wallet,6,2.2,1958.1100000000001,2027,6,June,195.811,1370.6770000000001,587.433
11991,2027-06-14,1136,Beauty,East,4,311.33,0.25,Card,9,1.2,1245.32,2027,6,June,217.93099999999998,871.7239999999999,373.596
11992,2027-06-15,1882,Home,East,6,34.1,0.3,COD,11,3.0,204.60000000000002,2027,6,June,23.87,143.22,61.380000000000024
11993,2027-06-16,1687,Electronics,East,5,55.55,0.27,Card,8,1.7,277.75,2027,6,June,38.885,194.42499999999998,83.32500000000002
11994,2027-06-17,1839,Beauty,North,4,165.68,0.19,COD,9,1.6,662.72,2027,6,June,115.976,463.904,198.81600000000003
11995,2027-06-18,1497,Electronics,South,4,333.18,0.04,Card,5,2.5,1332.72,2027,6,June,233.226,932.904,399.81600000000003
11996,2027-06-19,1826,Electronics,West,2,447.64,0.25,Card,6,2.4,895.28,2027,6,June,313.34799999999996,626.6959999999999,268.58400000000006
11997,2027-06-20,1726,Beauty,North,2,368.93,0.13,Card,7,4.5,737.86,2027,6,June,258.251,516.502,221.35800000000006
11998,2027-06-21,1476,Electronics,North,7,244.39,0.03,COD,5,3.3,1710.73,2027,6,June,171.07299999999998,1197.511,513.219
11999,2027-06-22,1593,Electronics,East,5,84.22,0.29,COD,1,4.4,421.1,2027,6,June,58.95399999999999,294.77,126.33000000000004
12000,2027-06-23,1222,Electronics,East,7,471.75,0.12,COD,9,1.6,3302.25,2027,6,June,330.22499999999997,2311.575,990.6750000000002
12001,2027-06-24,1989,Beauty,North,5,227.81,0.08,Wallet,2,2.4,1139.05,2027,6,June,159.46699999999998,797.3349999999999,341.71500000000003
12002,2027-06-25,1371,Clothing,West,3,445.59,0.31,COD,7,3.2,1336.77,2027,6,June,311.91299999999995,935.7389999999998,401.0310000000002
12003,2027-06-26,1934,Home,West,1,315.09,0.32,COD,8,1.6,315.09,2027,6,June,220.56299999999996,220.56299999999996,94.52700000000002
12004,2027-06-27,1994,Electronics,North,1,447.12,0.12,Wallet,8,1.5,447.12,2027,6,June,312.984,312.984,134.13600000000002
12005,2027-06-28,1401,Home,South,5,545.76,0.12,COD,1,3.6,2728.8,2027,6,June,382.032,1910.1599999999999,818.6400000000003
12006,2027-06-29,1442,Home,South,2,553.8,0.2,Card,10,3.6,1107.6,2027,6,June,387.65999999999997,775.3199999999999,332.28
12007,2027-06-30,1489,Electronics,West,6,328.04,0.26,Wallet,7,1.9,1968.2400000000002,2027,6,June,229.628,1377.768,590.4720000000002
12008,2027-07-01,1614,Clothing,East,7,314.23,0.02,Card,9,1.9,2199.61,2027,7,July,219.961,1539.727,659.883
12009,2027-07-02,1272,Electronics,South,3,170.42,0.21,COD,11,4.0,511.26,2027,7,July,119.29399999999998,357.88199999999995,153.37800000000004
12010,2027-07-03,1525,Beauty,South,1,562.44,0.33,Card,11,1.5,562.44,2027,7,July,393.708,393.708,168.73200000000003
12011,2027-07-04,1158,Clothing,East,5,282.88,0.09,COD,3,4.7,1414.4,2027,7,July,198.016,990.0799999999999,424.32000000000016
12012,2027-07-05,1151,Beauty,South,2,89.64,0.32,COD,8,4.8,179.28,2027,7,July,62.748,125.496,53.784000000000006
12013,2027-07-06,1994,Electronics,North,2,268.13,0.33,Card,8,4.5,536.26,2027,7,July,187.69099999999997,375.38199999999995,160.87800000000004
12014,2027-07-07,1619,Home,South,2,89.33,0.09,COD,9,1.8,178.66,2027,7,July,62.53099999999999,125.06199999999998,53.59800000000001
12015,2027-07-08,1187,Home,East,7,308.98,0.26,COD,8,1.1,2162.86,2027,7,July,216.286,1514.002,648.8580000000002
12016,2027-07-09,1812,Home,North,6,343.35,0.08,Card,5,4.7,2060.1000000000004,2027,7,July,240.345,1442.07,618.0300000000004
12017,2027-07-10,1097,Beauty,South,4,212.59,0.26,Card,5,2.4,850.36,2027,7,July,148.813,595.252,255.10800000000006
12018,2027-07-11,1130,Clothing,West,7,56.92,0.28,Card,3,2.2,398.44,2027,7,July,39.844,278.908,119.53199999999998
12019,2027-07-12,1804,Electronics,North,6,566.95,0.09,Wallet,6,2.0,3401.7000000000003,2027,7,July,396.865,2381.19,1020.5100000000002
12020,2027-07-13,1170,Home,North,2,467.41,0.25,COD,10,2.0,934.82,2027,7,July,327.187,654.374,280.446
12021,2027-07-14,1935,Home,West,5,505.75,0.28,Wallet,3,3.9,2528.75,2027,7,July,354.025,1770.125,758.625
12022,2027-07-15,1985,Clothing,West,3,229.62,0.13,Card,2,4.6,688.86,2027,7,July,160.73399999999998,482.20199999999994,206.65800000000007
12023,2027-07-16,1182,Electronics,South,6,460.09,0.06,Card,7,4.1,2760.54,2027,7,July,322.063,1932.378,828.162
12024,2027-07-17,1982,Clothing,South,5,298.94,0.03,Card,10,3.7,1494.7,2027,7,July,209.25799999999998,1046.29,448.4100000000001
12025,2027-07-18,1363,Electronics,East,7,132.63,0.2,Card,3,2.2,928.41,2027,7,July,92.841,649.887,278.523
12026,2027-07-19,1038,Clothing,East,7,87.79,0.34,COD,4,3.2,614.5300000000001,2027,7,July,61.453,430.17100000000005,184.35900000000004
12027,2027-07-20,1526,Clothing,North,2,216.85,0.29,Wallet,11,1.9,433.7,2027,7,July,151.795,303.59,130.11
12028,2027-07-21,1887,Home,West,3,95.47,0.15,Card,10,1.4,286.40999999999997,2027,7,July,66.829,200.48699999999997,85.923
12029,2027-07-22,1496,Electronics,West,1,598.99,0.19,Wallet,8,1.5,598.99,2027,7,July,419.293,419.293,179.697
12030,2027-07-23,1515,Clothing,East,1,43.78,0.1,Card,1,3.4,43.78,2027,7,July,30.645999999999997,30.645999999999997,13.134000000000004
12031,2027-07-24,1348,Electronics,North,7,273.07,0.06,Wallet,9,1.2,1911.49,2027,7,July,191.14899999999997,1338.043,573.4470000000001
12032,2027-07-25,1981,Electronics,North,5,279.47,0.17,Card,6,4.9,1397.3500000000001,2027,7,July,195.62900000000002,978.1450000000001,419.20500000000004
12033,2027-07-26,1920,Home,East,3,190.87,0.16,Wallet,2,5.0,572.61,2027,7,July,133.609,400.827,171.78300000000002
12034,2027-07-27,1396,Beauty,East,5,349.24,0.18,Card,3,1.6,1746.2,2027,7,July,244.468,1222.34,523.8600000000001
12035,2027-07-28,1721,Clothing,East,3,102.74,0.33,Wallet,5,2.7,308.21999999999997,2027,7,July,71.91799999999999,215.75399999999996,92.46600000000001
12036,2027-07-29,1160,Home,South,3,473.59,0.21,Card,11,4.1,1420.77,2027,7,July,331.513,994.539,426.231
12037,2027-07-30,1015,Beauty,North,7,209.48,0.21,Card,6,4.8,1466.36,2027,7,July,146.636,1026.452,439.9079999999999
12038,2027-07-31,1492,Home,North,5,360.94,0.04,COD,9,4.6,1804.7,2027,7,July,252.658,1263.29,541.4100000000001
12039,2027-08-01,1425,Electronics,North,7,433.65,0.35,Card,2,2.0,3035.5499999999997,2027,8,August,303.55499999999995,2124.8849999999998,910.665
12040,2027-08-02,1107,Beauty,East,3,535.09,0.27,COD,5,1.3,1605.27,2027,8,August,374.563,1123.6889999999999,481.58100000000013
12041,2027-08-03,1893,Clothing,East,6,503.94,0.31,Wallet,7,2.2,3023.64,2027,8,August,352.758,2116.548,907.0920000000001
12042,2027-08-04,1449,Electronics,East,2,370.86,0.15,COD,11,2.7,741.72,2027,8,August,259.602,519.204,222.51600000000008
12043,2027-08-05,1310,Electronics,East,3,242.21,0.18,COD,11,2.4,726.63,2027,8,August,169.547,508.64099999999996,217.98900000000003
12044,2027-08-06,1738,Clothing,West,6,309.37,0.18,Card,7,4.1,1856.22,2027,8,August,216.559,1299.354,556.866
12045,2027-08-07,1169,Electronics,East,3,464.71,0.07,COD,4,2.0,1394.1299999999999,2027,8,August,325.29699999999997,975.8909999999998,418.23900000000003
12046,2027-08-08,1545,Electronics,South,6,528.36,0.24,COD,3,4.4,3170.16,2027,8,August,369.852,2219.112,951.0479999999998
12047,2027-08-09,1413,Electronics,West,5,75.71,0.32,Wallet,8,1.9,378.54999999999995,2027,8,August,52.99699999999999,264.98499999999996,113.565
12048,2027-08-10,1250,Home,West,1,240.14,0.06,Card,2,2.4,240.14,2027,8,August,168.09799999999998,168.09799999999998,72.042
12049,2027-08-11,1758,Beauty,East,4,469.03,0.03,COD,5,2.8,1876.12,2027,8,August,328.32099999999997,1313.2839999999999,562.836
12050,2027-08-12,1780,Electronics,North,3,267.52,0.26,Card,10,2.2,802.56,2027,8,August,187.26399999999998,561.7919999999999,240.76800000000003
12051,2027-08-13,1140,Beauty,East,4,209.35,0.1,Card,5,4.1,837.4,2027,8,August,146.545,586.18,251.22000000000003
12052,2027-08-14,1273,Beauty,North,3,255.62,0.22,Card,1,2.6,766.86,2027,8,August,178.934,536.802,230.058
12053,2027-08-15,1415,Home,East,5,367.66,0.24,Card,7,4.5,1838.3000000000002,2027,8,August,257.362,1286.8100000000002,551.49
12054,2027-08-16,1607,Electronics,East,5,599.89,0.11,Card,4,4.9,2999.45,2027,8,August,419.92299999999994,2099.615,899.835
12055,2027-08-17,1738,Home,North,6,303.4,0.29,Card,10,4.4,1820.3999999999999,2027,8,August,212.37999999999997,1274.2799999999997,546.1200000000001
12056,2027-08-18,1890,Beauty,North,3,136.97,0.19,Wallet,2,3.1,410.90999999999997,2027,8,August,95.87899999999999,287.63699999999994,123.27300000000002
12057,2027-08-19,1038,Home,North,5,110.27,0.3,Card,8,3.0,551.35,2027,8,August,77.189,385.94499999999994,165.4050000000001
12058,2027-08-20,1813,Electronics,North,5,39.77,0.27,Wallet,4,1.9,198.85000000000002,2027,8,August,27.839000000000002,139.19500000000002,59.655
12059,2027-08-21,1028,Clothing,South,3,341.91,0.3,Card,1,3.4,1025.73,2027,8,August,239.337,718.011,307.71900000000005
12060,2027-08-22,1957,Clothing,North,6,333.57,0.01,Card,8,4.8,2001.42,2027,8,August,233.49899999999997,1400.9939999999997,600.4260000000004
12061,2027-08-23,1476,Clothing,East,6,135.06,0.09,COD,11,1.3,810.36,2027,8,August,94.542,567.252,243.10800000000006
12062,2027-08-24,1317,Electronics,East,6,421.77,0.03,COD,7,4.0,2530.62,2027,8,August,295.239,1771.4339999999997,759.1860000000001
12063,2027-08-25,1244,Electronics,South,6,448.55,0.15,COD,3,4.5,2691.3,2027,8,August,313.985,1883.91,807.3900000000001
12064,2027-08-26,1747,Home,North,1,166.57,0.31,COD,3,4.9,166.57,2027,8,August,116.59899999999999,116.59899999999999,49.971000000000004
12065,2027-08-27,1696,Beauty,East,3,216.3,0.16,Card,7,2.3,648.9000000000001,2027,8,August,151.41,454.23,194.67000000000007
12066,2027-08-28,1271,Electronics,South,7,594.43,0.3,COD,2,2.4,4161.009999999999,2027,8,August,416.10099999999994,2912.7069999999994,1248.3029999999999
12067,2027-08-29,1439,Beauty,East,1,233.94,0.11,COD,5,1.9,233.94,2027,8,August,163.75799999999998,163.75799999999998,70.18200000000002
12068,2027-08-30,1747,Electronics,South,5,460.07,0.12,Card,7,4.2,2300.35,2027,8,August,322.049,1610.245,690.105
12069,2027-08-31,1238,Home,South,1,279.84,0.31,Wallet,6,1.6,279.84,2027,8,August,195.88799999999998,195.88799999999998,83.952
12070,2027-09-01,1376,Home,West,7,479.11,0.15,COD,10,2.1,3353.77,2027,9,September,335.377,2347.639,1006.1309999999999
12071,2027-09-02,1265,Home,West,7,464.88,0.28,Card,7,2.2,3254.16,2027,9,September,325.416,2277.912,976.248
12072,2027-09-03,1925,Beauty,North,7,405.64,0.08,Wallet,2,2.5,2839.48,2027,9,September,283.948,1987.636,851.844
12073,2027-09-04,1920,Electronics,West,6,515.05,0.33,Wallet,7,2.7,3090.2999999999997,2027,9,September,360.53499999999997,2163.21,927.0899999999997
12074,2027-09-05,1358,Beauty,South,5,564.44,0.2,COD,2,3.2,2822.2000000000003,2027,9,September,395.108,1975.54,846.6600000000003
12075,2027-09-06,1339,Electronics,East,1,354.29,0.27,Card,7,4.8,354.29,2027,9,September,248.003,248.003,106.28700000000003
12076,2027-09-07,1388,Home,East,1,153.92,0.03,Wallet,8,2.0,153.92,2027,9,September,107.74399999999999,107.74399999999999,46.176
12077,2027-09-08,1576,Home,North,3,248.2,0.17,Card,10,4.1,744.5999999999999,2027,9,September,173.73999999999998,521.2199999999999,223.38
12078,2027-09-09,1989,Home,West,1,458.61,0.32,Card,8,3.7,458.61,2027,9,September,321.027,321.027,137.58300000000003
12079,2027-09-10,1688,Electronics,North,5,395.77,0.31,Card,5,1.5,1978.85,2027,9,September,277.039,1385.195,593.655
12080,2027-09-11,1002,Beauty,South,6,119.01,0.02,COD,7,4.2,714.0600000000001,2027,9,September,83.307,499.842,214.21800000000007
12081,2027-09-12,1428,Electronics,West,3,44.98,0.11,Wallet,11,1.4,134.94,2027,9,September,31.485999999999997,94.458,40.482
12082,2027-09-13,1141,Electronics,North,1,414.53,0.16,COD,8,4.0,414.53,2027,9,September,290.17099999999994,290.17099999999994,124.35900000000004
12083,2027-09-14,1375,Home,East,3,161.88,0.06,Wallet,4,3.9,485.64,2027,9,September,113.31599999999999,339.948,145.692
12084,2027-09-15,1669,Clothing,East,4,307.31,0.26,Card,2,3.8,1229.24,2027,9,September,215.117,860.468,368.77200000000005
12085,2027-09-16,1323,Home,North,3,451.85,0.06,Card,7,2.1,1355.5500000000002,2027,9,September,316.295,948.885,406.6650000000002
12086,2027-09-17,1145,Clothing,North,7,344.16,0.12,COD,1,3.3,2409.1200000000003,2027,9,September,240.912,1686.384,722.7360000000003
12087,2027-09-18,1957,Electronics,North,6,63.73,0.23,Wallet,2,4.0,382.38,2027,9,September,44.611,267.666,114.714
12088,2027-09-19,1292,Home,South,7,123.56,0.17,COD,10,3.6,864.9200000000001,2027,9,September,86.49199999999999,605.444,259.4760000000001
12089,2027-09-20,1664,Clothing,South,4,143.31,0.26,Card,7,4.2,573.24,2027,9,September,100.317,401.268,171.97200000000004
12090,2027-09-21,1431,Electronics,East,7,165.85,0.34,Card,10,3.8,1160.95,2027,9,September,116.09499999999998,812.6649999999998,348.2850000000002
12091,2027-09-22,1704,Home,South,4,345.76,0.04,Card,1,2.1,1383.04,2027,9,September,242.03199999999998,968.1279999999999,414.91200000000003
12092,2027-09-23,1948,Clothing,South,3,309.82,0.25,Card,7,1.6,929.46,2027,9,September,216.874,650.622,278.8380000000001
12093,2027-09-24,1974,Clothing,West,5,133.85,0.08,Card,5,3.5,669.25,2027,9,September,93.695,468.47499999999997,200.77500000000003
12094,2027-09-25,1584,Clothing,South,6,54.52,0.15,Wallet,11,4.0,327.12,2027,9,September,38.164,228.984,98.136
12095,2027-09-26,1398,Home,West,5,115.29,0.01,COD,3,1.6,576.45,2027,9,September,80.703,403.515,172.93500000000006
12096,2027-09-27,1816,Home,South,6,590.86,0.05,COD,11,1.7,3545.16,2027,9,September,413.602,2481.612,1063.5479999999998
12097,2027-09-28,1888,Home,East,6,289.1,0.11,Card,2,1.0,1734.6000000000001,2027,9,September,202.37,1214.22,520.3800000000001
12098,2027-09-29,1343,Electronics,North,7,522.4,0.12,Card,7,3.1,3656.7999999999997,2027,9,September,365.67999999999995,2559.7599999999998,1097.04
12099,2027-09-30,1963,Home,East,7,511.52,0.31,COD,9,3.2,3580.64,2027,9,September,358.06399999999996,2506.448,1074.192
12100,2027-10-01,1139,Home,South,5,314.24,0.26,Wallet,9,3.0,1571.2,2027,10,October,219.968,1099.84,471.3600000000001
12101,2027-10-02,1186,Home,North,2,428.41,0.34,COD,10,2.3,856.82,2027,10,October,299.887,599.774,257.04600000000005
12102,2027-10-03,1804,Clothing,North,4,127.76,0.21,Wallet,10,2.7,511.04,2027,10,October,89.432,357.728,153.312
12103,2027-10-04,1060,Beauty,North,7,417.71,0.08,Wallet,8,4.1,2923.97,2027,10,October,292.397,2046.779,877.1909999999998
12104,2027-10-05,1996,Home,West,7,174.34,0.11,Card,2,1.7,1220.38,2027,10,October,122.038,854.266,366.11400000000015
12105,2027-10-06,1938,Electronics,East,7,501.76,0.11,Card,1,1.8,3512.3199999999997,2027,10,October,351.23199999999997,2458.624,1053.696
12106,2027-10-07,1379,Clothing,West,3,63.98,0.11,COD,8,3.7,191.94,2027,10,October,44.785999999999994,134.35799999999998,57.58200000000002
12107,2027-10-08,1709,Beauty,North,5,467.29,0.24,Card,2,4.5,2336.4500000000003,2027,10,October,327.103,1635.515,700.9350000000002
12108,2027-10-09,1806,Electronics,East,5,73.46,0.19,Card,4,2.4,367.29999999999995,2027,10,October,51.42199999999999,257.10999999999996,110.19
12109,2027-10-10,1439,Beauty,East,7,530.5,0.13,Card,4,4.7,3713.5,2027,10,October,371.34999999999997,2599.45,1114.0500000000002
12110,2027-10-11,1318,Home,South,3,192.96,0.05,Card,2,1.2,578.88,2027,10,October,135.072,405.216,173.664
12111,2027-10-12,1301,Clothing,West,7,397.82,0.01,Wallet,4,1.5,2784.74,2027,10,October,278.474,1949.318,835.4219999999998
12112,2027-10-13,1343,Electronics,West,4,300.19,0.08,Card,7,2.8,1200.76,2027,10,October,210.13299999999998,840.5319999999999,360.22800000000007
12113,2027-10-14,1010,Electronics,South,3,229.29,0.04,Card,6,3.9,687.87,2027,10,October,160.503,481.50899999999996,206.36100000000005
12114,2027-10-15,1061,Beauty,West,7,392.58,0.27,COD,10,2.5,2748.06,2027,10,October,274.806,1923.6419999999998,824.4180000000001
12115,2027-10-16,1844,Electronics,North,6,569.3,0.04,COD,6,3.2,3415.7999999999997,2027,10,October,398.50999999999993,2391.0599999999995,1024.7400000000002
12116,2027-10-17,1225,Home,North,2,39.14,0.25,COD,4,1.1,78.28,2027,10,October,27.398,54.796,23.484
12117,2027-10-18,1152,Clothing,West,6,552.53,0.13,Wallet,2,2.8,3315.18,2027,10,October,386.77099999999996,2320.6259999999997,994.5540000000001
12118,2027-10-19,1710,Electronics,South,2,371.31,0.03,COD,5,2.0,742.62,2027,10,October,259.917,519.834,222.78600000000006
12119,2027-10-20,1563,Electronics,East,3,487.28,0.28,COD,11,3.1,1461.84,2027,10,October,341.09599999999995,1023.2879999999998,438.55200000000013
12120,2027-10-21,1771,Clothing,West,6,239.57,0.2,Card,3,3.1,1437.42,2027,10,October,167.69899999999998,1006.194,431.2260000000001
12121,2027-10-22,1570,Beauty,East,4,291.03,0.08,COD,3,4.0,1164.12,2027,10,October,203.72099999999998,814.8839999999999,349.236
12122,2027-10-23,1583,Clothing,South,6,523.28,0.31,COD,4,3.2,3139.68,2027,10,October,366.29599999999994,2197.776,941.904
12123,2027-10-24,1659,Clothing,East,5,257.69,0.02,Wallet,11,3.5,1288.45,2027,10,October,180.38299999999998,901.915,386.5350000000001
12124,2027-10-25,1860,Electronics,South,2,327.78,0.07,Wallet,11,3.1,655.56,2027,10,October,229.44599999999997,458.89199999999994,196.668
12125,2027-10-26,1574,Clothing,South,2,26.81,0.26,COD,5,5.0,53.62,2027,10,October,18.767,37.534,16.086
12126,2027-10-27,1309,Clothing,North,7,107.78,0.25,COD,11,4.2,754.46,2027,10,October,75.446,528.122,226.33800000000008
12127,2027-10-28,1884,Beauty,North,4,390.39,0.1,Card,2,4.0,1561.56,2027,10,October,273.27299999999997,1093.0919999999999,468.4680000000001
12128,2027-10-29,1242,Clothing,South,2,434.43,0.02,Card,6,3.5,868.86,2027,10,October,304.101,608.202,260.658
12129,2027-10-30,1492,Clothing,West,2,355.82,0.3,Card,6,3.1,711.64,2027,10,October,249.07399999999998,498.14799999999997,213.49200000000002
12130,2027-10-31,1365,Electronics,North,7,98.84,0.11,Card,8,2.4,691.88,2027,10,October,69.188,484.31600000000003,207.56399999999996
12131,2027-11-01,1329,Beauty,South,4,275.56,0.07,Card,2,4.1,1102.24,2027,11,November,192.892,771.568,330.672
12132,2027-11-02,1106,Electronics,East,6,222.73,0.18,Card,8,1.8,1336.3799999999999,2027,11,November,155.91099999999997,935.4659999999999,400.914
12133,2027-11-03,1225,Electronics,East,3,304.96,0.32,COD,8,1.1,914.8799999999999,2027,11,November,213.47199999999998,640.4159999999999,274.46399999999994
12134,2027-11-04,1824,Home,West,6,524.14,0.02,COD,4,3.8,3144.84,2027,11,November,366.89799999999997,2201.388,943.4520000000002
12135,2027-11-05,1217,Clothing,East,5,468.88,0.27,COD,7,1.6,2344.4,2027,11,November,328.21599999999995,1641.0799999999997,703.3200000000004
12136,2027-11-06,1936,Clothing,East,5,64.13,0.2,COD,7,4.6,320.65,2027,11,November,44.89099999999999,224.45499999999996,96.19500000000002
12137,2027-11-07,1752,Clothing,South,2,535.83,0.15,Card,1,4.1,1071.66,2027,11,November,375.081,750.162,321.49800000000005
12138,2027-11-08,1505,Home,East,5,290.98,0.26,Wallet,1,3.4,1454.9,2027,11,November,203.686,1018.4300000000001,436.47
12139,2027-11-09,1258,Electronics,East,3,450.16,0.34,Card,8,2.3,1350.48,2027,11,November,315.112,945.336,405.144
12140,2027-11-10,1887,Home,East,2,96.92,0.08,Wallet,11,3.6,193.84,2027,11,November,67.844,135.688,58.152000000000015
12141,2027-11-11,1773,Clothing,East,7,407.37,0.05,Card,1,2.9,2851.59,2027,11,November,285.159,1996.1129999999998,855.4770000000003
12142,2027-11-12,1516,Clothing,South,5,153.25,0.32,COD,3,2.2,766.25,2027,11,November,107.27499999999999,536.375,229.875
12143,2027-11-13,1772,Clothing,East,7,271.45,0.23,Card,6,4.8,1900.1499999999999,2027,11,November,190.015,1330.105,570.0449999999998
12144,2027-11-14,1053,Electronics,West,1,24.86,0.15,Card,8,1.6,24.86,2027,11,November,17.401999999999997,17.401999999999997,7.458000000000002
12145,2027-11-15,1046,Home,North,1,103.69,0.2,Card,5,4.0,103.69,2027,11,November,72.583,72.583,31.107
12146,2027-11-16,1726,Clothing,West,1,68.87,0.26,COD,5,4.2,68.87,2027,11,November,48.209,48.209,20.661
12147,2027-11-17,1688,Electronics,North,7,155.25,0.27,Card,4,4.8,1086.75,2027,11,November,108.675,760.725,326.025
12148,2027-11-18,1520,Clothing,West,1,73.51,0.32,COD,4,3.2,73.51,2027,11,November,51.457,51.457,22.053000000000004
12149,2027-11-19,1098,Beauty,North,6,419.77,0.15,Card,7,3.1,2518.62,2027,11,November,293.83899999999994,1763.0339999999997,755.5860000000002
12150,2027-11-20,1019,Clothing,North,1,31.99,0.1,Card,6,4.7,31.99,2027,11,November,22.392999999999997,22.392999999999997,9.597000000000001
12151,2027-11-21,1889,Beauty,North,2,376.38,0.22,Wallet,8,4.2,752.76,2027,11,November,263.466,526.932,225.82799999999997
12152,2027-11-22,1752,Electronics,North,4,97.31,0.15,Wallet,11,4.1,389.24,2027,11,November,68.11699999999999,272.46799999999996,116.77200000000005
12153,2027-11-23,1572,Electronics,South,6,567.92,0.21,COD,6,4.2,3407.5199999999995,2027,11,November,397.5439999999999,2385.2639999999997,1022.2559999999999
12154,2027-11-24,1890,Electronics,West,4,560.86,0.15,Card,11,3.0,2243.44,2027,11,November,392.602,1570.408,673.0320000000002
12155,2027-11-25,1489,Clothing,North,2,146.92,0.05,Card,10,1.2,293.84,2027,11,November,102.84399999999998,205.68799999999996,88.15200000000002
12156,2027-11-26,1418,Electronics,West,2,374.44,0.16,Wallet,7,1.8,748.88,2027,11,November,262.108,524.216,224.664
12157,2027-11-27,1689,Electronics,East,3,31.38,0.24,Card,10,3.6,94.14,2027,11,November,21.965999999999998,65.898,28.242000000000004
12158,2027-11-28,1849,Beauty,North,6,560.1,0.28,Wallet,10,2.6,3360.6000000000004,2027,11,November,392.07,2352.42,1008.1800000000003
12159,2027-11-29,1061,Home,West,4,320.95,0.17,Card,5,3.4,1283.8,2027,11,November,224.66499999999996,898.6599999999999,385.1400000000001
12160,2027-11-30,1144,Home,South,1,40.29,0.06,Wallet,6,3.2,40.29,2027,11,November,28.202999999999996,28.202999999999996,12.087000000000003
12161,2027-12-01,1215,Electronics,West,2,215.36,0.15,Card,1,2.8,430.72,2027,12,December,150.752,301.504,129.216
12162,2027-12-02,1002,Electronics,North,1,59.96,0.28,Card,3,1.9,59.96,2027,12,December,41.972,41.972,17.988
12163,2027-12-03,1159,Electronics,East,4,244.87,0.14,COD,8,3.9,979.48,2027,12,December,171.409,685.636,293.84400000000005
12164,2027-12-04,1738,Home,West,7,406.91,0.24,Wallet,3,4.6,2848.3700000000003,2027,12,December,284.837,1993.859,854.5110000000004
12165,2027-12-05,1997,Beauty,East,6,289.89,0.18,Wallet,1,4.1,1739.34,2027,12,December,202.92299999999997,1217.5379999999998,521.8020000000001
12166,2027-12-06,1780,Clothing,South,5,239.48,0.08,COD,3,1.5,1197.3999999999999,2027,12,December,167.636,838.18,359.2199999999999
12167,2027-12-07,1119,Electronics,West,7,84.71,0.28,COD,4,3.2,592.9699999999999,2027,12,December,59.29699999999999,415.07899999999995,177.89099999999996
12168,2027-12-08,1892,Clothing,West,7,158.29,0.03,COD,8,4.3,1108.03,2027,12,December,110.80299999999998,775.6209999999999,332.4090000000001
12169,2027-12-09,1088,Electronics,South,5,73.58,0.18,COD,9,3.4,367.9,2027,12,December,51.50599999999999,257.53,110.37
12170,2027-12-10,1328,Clothing,South,2,487.39,0.07,Wallet,4,2.8,974.78,2027,12,December,341.17299999999994,682.3459999999999,292.4340000000001
12171,2027-12-11,1579,Clothing,South,3,94.12,0.02,COD,7,2.1,282.36,2027,12,December,65.884,197.652,84.70800000000003
12172,2027-12-12,1909,Home,North,1,363.29,0.18,COD,1,2.3,363.29,2027,12,December,254.303,254.303,108.98700000000002
12173,2027-12-13,1356,Electronics,North,2,215.5,0.17,COD,9,2.0,431.0,2027,12,December,150.85,301.7,129.3
12174,2027-12-14,1609,Electronics,West,3,147.2,0.25,COD,11,1.8,441.59999999999997,2027,12,December,103.03999999999999,309.12,132.47999999999996
12175,2027-12-15,1266,Beauty,West,1,389.09,0.26,Wallet,4,3.4,389.09,2027,12,December,272.36299999999994,272.36299999999994,116.72700000000003
12176,2027-12-16,1616,Electronics,West,4,282.35,0.25,Card,9,3.0,1129.4,2027,12,December,197.645,790.58,338.82000000000005
12177,2027-12-17,1951,Electronics,East,7,249.09,0.14,Card,3,3.9,1743.63,2027,12,December,174.363,1220.541,523.0890000000002
12178,2027-12-18,1322,Electronics,South,7,361.82,0.22,COD,11,2.2,2532.74,2027,12,December,253.27399999999997,1772.918,759.8219999999999
12179,2027-12-19,1634,Electronics,West,5,302.39,0.2,Card,5,2.8,1511.9499999999998,2027,12,December,211.67299999999997,1058.3649999999998,453.58500000000004
12180,2027-12-20,1987,Clothing,South,3,192.54,0.15,COD,1,3.7,577.62,2027,12,December,134.778,404.33399999999995,173.28600000000006
12181,2027-12-21,1540,Home,North,1,342.05,0.21,Wallet,11,4.9,342.05,2027,12,December,239.435,239.435,102.61500000000001
12182,2027-12-22,1648,Electronics,South,2,406.66,0.33,COD,3,2.4,813.32,2027,12,December,284.662,569.324,243.9960000000001
12183,2027-12-23,1194,Clothing,East,1,30.62,0.07,Wallet,5,2.2,30.62,2027,12,December,21.434,21.434,9.186
12184,2027-12-24,1920,Home,East,2,287.53,0.32,Card,6,2.8,575.06,2027,12,December,201.27099999999996,402.5419999999999,172.51800000000003
12185,2027-12-25,1737,Clothing,South,7,48.74,0.02,Wallet,8,3.9,341.18,2027,12,December,34.118,238.82600000000002,102.35399999999998
12186,2027-12-26,1331,Beauty,East,5,124.05,0.11,COD,1,4.8,620.25,2027,12,December,86.835,434.17499999999995,186.07500000000005
12187,2027-12-27,1169,Beauty,East,5,342.9,0.1,Card,3,3.1,1714.5,2027,12,December,240.02999999999997,1200.1499999999999,514.3500000000001
12188,2027-12-28,1520,Electronics,North,1,521.72,0.22,COD,1,4.2,521.72,2027,12,December,365.204,365.204,156.51600000000002
12189,2027-12-29,1462,Home,West,1,531.44,0.05,Wallet,5,2.9,531.44,2027,12,December,372.00800000000004,372.00800000000004,159.43200000000002
12190,2027-12-30,1039,Clothing,East,2,55.92,0.31,Card,8,1.2,111.84,2027,12,December,39.144,78.288,33.55200000000001
12191,2027-12-31,1536,Beauty,West,2,260.18,0.29,COD,4,4.6,520.36,2027,12,December,182.126,364.252,156.108
12192,2028-01-01,1260,Clothing,South,3,356.06,0.23,Wallet,11,2.2,1068.18,2028,1,January,249.242,747.726,320.45400000000006
12193,2028-01-02,1394,Beauty,South,7,101.04,0.16,Card,9,1.6,707.2800000000001,2028,1,January,70.728,495.09599999999995,212.18400000000014
12194,2028-01-03,1954,Home,East,3,462.78,0.33,COD,6,5.0,1388.34,2028,1,January,323.94599999999997,971.838,416.50199999999995
12195,2028-01-04,1225,Electronics,South,3,450.38,0.29,COD,6,2.4,1351.1399999999999,2028,1,January,315.26599999999996,945.7979999999999,405.342
12196,2028-01-05,1983,Clothing,North,1,543.45,0.17,Card,11,1.5,543.45,2028,1,January,380.415,380.415,163.03500000000003
12197,2028-01-06,1123,Beauty,East,6,19.96,0.25,COD,5,2.2,119.76,2028,1,January,13.972,83.832,35.92800000000001
12198,2028-01-07,1974,Beauty,East,6,141.76,0.2,Card,10,3.1,850.56,2028,1,January,99.23199999999999,595.3919999999999,255.168
12199,2028-01-08,1037,Electronics,East,6,498.9,0.21,COD,5,1.4,2993.3999999999996,2028,1,January,349.22999999999996,2095.3799999999997,898.02
12200,2028-01-09,1327,Home,South,6,407.29,0.12,Card,11,2.4,2443.7400000000002,2028,1,January,285.103,1710.618,733.1220000000003
12201,2028-01-10,1250,Electronics,South,3,538.22,0.16,Card,7,3.7,1614.66,2028,1,January,376.754,1130.2620000000002,484.3979999999999
12202,2028-01-11,1900,Electronics,East,1,48.45,0.03,COD,8,4.7,48.45,2028,1,January,33.915,33.915,14.535000000000004
12203,2028-01-12,1175,Clothing,West,6,364.22,0.13,Card,7,2.6,2185.32,2028,1,January,254.954,1529.7240000000002,655.596
12204,2028-01-13,1601,Electronics,South,5,347.89,0.24,Card,1,3.3,1739.4499999999998,2028,1,January,243.52299999999997,1217.6149999999998,521.835
12205,2028-01-14,1913,Home,South,4,35.87,0.33,Wallet,1,3.5,143.48,2028,1,January,25.108999999999998,100.43599999999999,43.044
12206,2028-01-15,1453,Electronics,East,5,315.41,0.34,Wallet,10,1.3,1577.0500000000002,2028,1,January,220.787,1103.935,473.11500000000024
12207,2028-01-16,1036,Home,West,1,371.57,0.19,Wallet,6,2.4,371.57,2028,1,January,260.099,260.099,111.471
12208,2028-01-17,1315,Electronics,East,1,126.91,0.21,COD,3,3.7,126.91,2028,1,January,88.83699999999999,88.83699999999999,38.07300000000001
12209,2028-01-18,1687,Electronics,South,4,174.9,0.07,Wallet,9,3.9,699.6,2028,1,January,122.42999999999999,489.71999999999997,209.88000000000005
12210,2028-01-19,1972,Electronics,East,2,389.6,0.24,Wallet,11,2.4,779.2,2028,1,January,272.71999999999997,545.4399999999999,233.7600000000001
12211,2028-01-20,1795,Electronics,East,2,288.96,0.02,Card,7,1.0,577.92,2028,1,January,202.27199999999996,404.5439999999999,173.37600000000003
12212,2028-01-21,1964,Electronics,East,2,516.94,0.1,Card,2,1.0,1033.88,2028,1,January,361.858,723.716,310.1640000000001
12213,2028-01-22,1972,Electronics,West,3,215.29,0.23,Card,3,3.2,645.87,2028,1,January,150.70299999999997,452.1089999999999,193.76100000000008
12214,2028-01-23,1592,Clothing,East,2,171.0,0.11,COD,8,3.2,342.0,2028,1,January,119.69999999999999,239.39999999999998,102.60000000000002
12215,2028-01-24,1113,Electronics,South,7,591.15,0.02,Wallet,1,3.2,4138.05,2028,1,January,413.80499999999995,2896.6349999999998,1241.4150000000004
12216,2028-01-25,1039,Clothing,East,3,548.01,0.29,COD,5,3.9,1644.03,2028,1,January,383.60699999999997,1150.821,493.20900000000006
12217,2028-01-26,1300,Clothing,West,3,31.96,0.11,COD,10,4.7,95.88,2028,1,January,22.372,67.116,28.763999999999996
12218,2028-01-27,1223,Beauty,North,2,465.88,0.02,Card,1,5.0,931.76,2028,1,January,326.116,652.232,279.528
12219,2028-01-28,1317,Beauty,West,2,79.55,0.03,Card,9,3.8,159.1,2028,1,January,55.684999999999995,111.36999999999999,47.730000000000004
12220,2028-01-29,1348,Clothing,East,4,31.08,0.09,COD,7,3.1,124.32,2028,1,January,21.755999999999997,87.02399999999999,37.29600000000001
12221,2028-01-30,1114,Electronics,North,6,175.11,0.06,Wallet,5,1.6,1050.66,2028,1,January,122.577,735.462,315.1980000000001
12222,2028-01-31,1697,Electronics,East,4,172.57,0.27,Card,6,2.5,690.28,2028,1,January,120.79899999999999,483.19599999999997,207.084
12223,2028-02-01,1322,Beauty,West,3,494.3,0.11,Wallet,11,3.3,1482.9,2028,2,February,346.01,1038.03,444.8700000000001
12224,2028-02-02,1567,Electronics,North,4,430.74,0.28,Card,3,5.0,1722.96,2028,2,February,301.518,1206.072,516.8880000000001
12225,2028-02-03,1039,Electronics,North,3,589.24,0.06,COD,3,1.5,1767.72,2028,2,February,412.46799999999996,1237.404,530.316
12226,2028-02-04,1865,Electronics,East,1,431.24,0.17,COD,7,4.2,431.24,2028,2,February,301.868,301.868,129.372
12227,2028-02-05,1039,Electronics,East,3,259.68,0.24,Wallet,7,5.0,779.04,2028,2,February,181.77599999999998,545.328,233.712
12228,2028-02-06,1858,Electronics,West,3,423.87,0.23,Card,7,4.2,1271.6100000000001,2028,2,February,296.709,890.127,381.4830000000002
12229,2028-02-07,1972,Home,East,4,599.68,0.21,Card,2,4.1,2398.72,2028,2,February,419.77599999999995,1679.1039999999998,719.616
12230,2028-02-08,1748,Electronics,North,6,430.43,0.32,Card,2,2.0,2582.58,2028,2,February,301.301,1807.806,774.7739999999999
12231,2028-02-09,1288,Clothing,South,1,460.58,0.08,Wallet,11,1.0,460.58,2028,2,February,322.40599999999995,322.40599999999995,138.17400000000004
12232,2028-02-10,1261,Electronics,South,5,563.94,0.17,Card,5,1.9,2819.7000000000003,2028,2,February,394.75800000000004,1973.7900000000002,845.9100000000001
12233,2028-02-11,1215,Electronics,West,5,81.49,0.31,Card,4,4.2,407.45,2028,2,February,57.04299999999999,285.215,122.23500000000001
12234,2028-02-12,1146,Beauty,East,6,427.3,0.03,COD,7,1.4,2563.8,2028,2,February,299.11,1794.66,769.1400000000001
12235,2028-02-13,1335,Electronics,West,5,512.72,0.02,COD,3,2.2,2563.6000000000004,2028,2,February,358.904,1794.52,769.0800000000004
12236,2028-02-14,1167,Home,South,1,573.31,0.08,Wallet,5,3.3,573.31,2028,2,February,401.31699999999995,401.31699999999995,171.993
12237,2028-02-15,1091,Clothing,South,2,138.42,0.22,Wallet,2,3.3,276.84,2028,2,February,96.89399999999999,193.78799999999998,83.05199999999999
12238,2028-02-16,1352,Electronics,East,1,309.8,0.09,COD,1,3.2,309.8,2028,2,February,216.85999999999999,216.85999999999999,92.94000000000003
12239,2028-02-17,1570,Beauty,North,4,413.12,0.07,Wallet,9,4.9,1652.48,2028,2,February,289.18399999999997,1156.7359999999999,495.74400000000014
12240,2028-02-18,1570,Electronics,East,7,159.77,0.16,COD,4,1.0,1118.39,2028,2,February,111.839,782.873,335.51700000000005
12241,2028-02-19,1815,Beauty,South,3,366.28,0.21,Card,8,3.0,1098.84,2028,2,February,256.39599999999996,769.1879999999999,329.65200000000004
12242,2028-02-20,1680,Electronics,North,3,165.68,0.09,Wallet,7,3.0,497.04,2028,2,February,115.976,347.928,149.11200000000002
12243,2028-02-21,1780,Beauty,West,4,210.07,0.11,COD,1,2.2,840.28,2028,2,February,147.04899999999998,588.1959999999999,252.08400000000006
12244,2028-02-22,1362,Electronics,South,4,273.29,0.21,Card,10,3.1,1093.16,2028,2,February,191.303,765.212,327.9480000000001
12245,2028-02-23,1556,Clothing,West,7,324.58,0.33,COD,11,3.7,2272.06,2028,2,February,227.20599999999996,1590.4419999999998,681.6180000000002
12246,2028-02-24,1344,Home,North,7,277.88,0.24,Card,7,3.7,1945.1599999999999,2028,2,February,194.516,1361.6119999999999,583.548
12247,2028-02-25,1692,Beauty,West,3,303.52,0.27,Card,2,1.4,910.56,2028,2,February,212.46399999999997,637.3919999999999,273.168
12248,2028-02-26,1169,Beauty,South,7,189.67,0.13,COD,3,4.2,1327.6899999999998,2028,2,February,132.76899999999998,929.3829999999998,398.307
12249,2028-02-27,1355,Home,East,7,107.99,0.1,Wallet,1,4.7,755.93,2028,2,February,75.59299999999999,529.151,226.779
12250,2028-02-28,1190,Beauty,West,7,42.7,0.16,COD,7,1.5,298.90000000000003,2028,2,February,29.89,209.23000000000002,89.67000000000002
12251,2028-02-29,1666,Electronics,South,6,129.65,0.28,Card,3,2.7,777.9000000000001,2028,2,February,90.755,544.53,233.37000000000012
12252,2028-03-01,1421,Electronics,South,2,355.44,0.16,Wallet,6,3.0,710.88,2028,3,March,248.808,497.616,213.264
12253,2028-03-02,1699,Electronics,North,7,474.88,0.3,Card,7,1.5,3324.16,2028,3,March,332.416,2326.912,997.248
12254,2028-03-03,1006,Clothing,South,2,114.01,0.35,Card,3,3.0,228.02,2028,3,March,79.807,159.614,68.406
12255,2028-03-04,1132,Clothing,East,2,78.5,0.03,Card,2,1.8,157.0,2028,3,March,54.949999999999996,109.89999999999999,47.10000000000001
12256,2028-03-05,1746,Clothing,East,4,453.33,0.02,Card,9,4.7,1813.32,2028,3,March,317.33099999999996,1269.3239999999998,543.9960000000001
12257,2028-03-06,1556,Electronics,West,7,193.52,0.05,Card,9,2.8,1354.64,2028,3,March,135.464,948.248,406.39200000000005
12258,2028-03-07,1825,Home,West,3,571.63,0.13,COD,7,5.0,1714.8899999999999,2028,3,March,400.14099999999996,1200.4229999999998,514.4670000000001
12259,2028-03-08,1760,Electronics,West,6,432.88,0.05,Wallet,5,1.2,2597.2799999999997,2028,3,March,303.01599999999996,1818.0959999999998,779.184
12260,2028-03-09,1030,Electronics,West,3,206.15,0.3,Wallet,4,1.5,618.45,2028,3,March,144.305,432.915,185.53500000000003
12261,2028-03-10,1534,Clothing,East,7,184.38,0.01,Wallet,4,2.8,1290.6599999999999,2028,3,March,129.066,903.462,387.19799999999987
12262,2028-03-11,1425,Home,North,3,321.36,0.11,COD,1,4.5,964.08,2028,3,March,224.952,674.856,289.22400000000005
12263,2028-03-12,1393,Home,West,7,61.3,0.06,COD,4,3.2,429.09999999999997,2028,3,March,42.91,300.37,128.72999999999996
12264,2028-03-13,1671,Clothing,North,6,83.84,0.33,Wallet,7,3.9,503.04,2028,3,March,58.687999999999995,352.128,150.91200000000003
12265,2028-03-14,1362,Electronics,South,1,117.88,0.23,COD,5,2.7,117.88,2028,3,March,82.51599999999999,82.51599999999999,35.364000000000004
12266,2028-03-15,1436,Clothing,South,6,468.21,0.32,COD,9,1.2,2809.2599999999998,2028,3,March,327.74699999999996,1966.4819999999997,842.778
12267,2028-03-16,1669,Electronics,West,1,315.61,0.34,COD,4,3.6,315.61,2028,3,March,220.927,220.927,94.68300000000002
12268,2028-03-17,1550,Clothing,South,5,21.18,0.17,Card,11,3.5,105.9,2028,3,March,14.825999999999999,74.13,31.77000000000001
12269,2028-03-18,1926,Clothing,North,1,409.01,0.08,COD,3,1.3,409.01,2028,3,March,286.30699999999996,286.30699999999996,122.70300000000003
12270,2028-03-19,1081,Electronics,North,2,262.86,0.07,COD,6,1.7,525.72,2028,3,March,184.002,368.004,157.716
12271,2028-03-20,1355,Electronics,South,2,313.85,0.08,COD,4,2.9,627.7,2028,3,March,219.695,439.39,188.31000000000006
12272,2028-03-21,1257,Beauty,West,6,140.26,0.25,Card,11,2.8,841.56,2028,3,March,98.18199999999999,589.0919999999999,252.46800000000007
12273,2028-03-22,1717,Beauty,North,2,337.79,0.01,COD,2,4.0,675.58,2028,3,March,236.453,472.906,202.67400000000004
12274,2028-03-23,1588,Clothing,North,2,587.8,0.02,Wallet,5,2.5,1175.6,2028,3,March,411.4599999999999,822.9199999999998,352.68000000000006
12275,2028-03-24,1988,Electronics,East,5,57.97,0.21,Wallet,4,3.7,289.85,2028,3,March,40.57899999999999,202.89499999999998,86.95500000000004
12276,2028-03-25,1523,Electronics,West,2,181.09,0.22,Card,5,3.8,362.18,2028,3,March,126.76299999999999,253.52599999999998,108.65400000000002
12277,2028-03-26,1294,Clothing,East,4,157.15,0.23,Card,9,3.6,628.6,2028,3,March,110.005,440.02,188.58000000000004
12278,2028-03-27,1961,Beauty,South,4,160.4,0.13,COD,4,3.4,641.6,2028,3,March,112.28,449.12,192.48000000000002
12279,2028-03-28,1223,Electronics,South,4,236.54,0.28,Card,6,4.2,946.16,2028,3,March,165.57799999999997,662.3119999999999,283.84800000000007
12280,2028-03-29,1524,Home,East,1,493.59,0.19,Card,4,3.6,493.59,2028,3,March,345.513,345.513,148.077
12281,2028-03-30,1045,Electronics,West,6,549.02,0.04,Card,1,4.3,3294.12,2028,3,March,384.31399999999996,2305.884,988.2359999999999
12282,2028-03-31,1666,Beauty,North,6,133.3,0.28,Wallet,2,3.5,799.8000000000001,2028,3,March,93.31,559.86,239.94000000000005
12283,2028-04-01,1112,Clothing,South,3,332.63,0.33,COD,6,1.6,997.89,2028,4,April,232.84099999999998,698.5229999999999,299.3670000000001
12284,2028-04-02,1232,Home,West,5,387.59,0.02,COD,8,2.2,1937.9499999999998,2028,4,April,271.313,1356.565,581.3849999999998
12285,2028-04-03,1016,Electronics,West,4,320.27,0.14,COD,9,2.3,1281.08,2028,4,April,224.18899999999996,896.7559999999999,384.32400000000007
12286,2028-04-04,1359,Clothing,South,4,268.93,0.17,COD,4,1.4,1075.72,2028,4,April,188.251,753.004,322.716
12287,2028-04-05,1222,Electronics,South,2,127.31,0.05,Card,6,3.8,254.62,2028,4,April,89.11699999999999,178.23399999999998,76.38600000000002
12288,2028-04-06,1865,Electronics,West,4,300.61,0.3,COD,3,3.4,1202.44,2028,4,April,210.427,841.708,360.7320000000001
12289,2028-04-07,1699,Beauty,North,2,249.71,0.1,Card,9,3.4,499.42,2028,4,April,174.797,349.594,149.82600000000002
12290,2028-04-08,1447,Beauty,East,2,480.4,0.27,COD,8,2.9,960.8,2028,4,April,336.28,672.56,288.24
12291,2028-04-09,1855,Beauty,South,3,461.71,0.23,Card,1,3.2,1385.1299999999999,2028,4,April,323.19699999999995,969.5909999999999,415.539
12292,2028-04-10,1364,Clothing,East,1,93.39,0.21,COD,2,1.0,93.39,2028,4,April,65.37299999999999,65.37299999999999,28.01700000000001
12293,2028-04-11,1674,Home,West,2,66.78,0.07,COD,10,1.4,133.56,2028,4,April,46.745999999999995,93.49199999999999,40.06800000000001
12294,2028-04-12,1325,Electronics,East,2,546.27,0.08,Card,9,3.7,1092.54,2028,4,April,382.38899999999995,764.7779999999999,327.76200000000006
12295,2028-04-13,1466,Electronics,North,6,328.27,0.02,Card,10,2.0,1969.62,2028,4,April,229.78899999999996,1378.7339999999997,590.8860000000002
12296,2028-04-14,1413,Electronics,West,3,516.81,0.08,Card,3,1.4,1550.4299999999998,2028,4,April,361.76699999999994,1085.301,465.1289999999999
12297,2028-04-15,1454,Clothing,North,2,49.02,0.12,COD,3,2.3,98.04,2028,4,April,34.314,68.628,29.412000000000006
12298,2028-04-16,1585,Clothing,West,5,323.01,0.29,Card,10,2.0,1615.05,2028,4,April,226.10699999999997,1130.5349999999999,484.5150000000001
12299,2028-04-17,1232,Electronics,North,1,330.56,0.13,Card,9,1.1,330.56,2028,4,April,231.392,231.392,99.168
12300,2028-04-18,1223,Clothing,West,5,518.51,0.26,COD,3,2.6,2592.55,2028,4,April,362.957,1814.7849999999999,777.7650000000003
12301,2028-04-19,1993,Home,North,4,72.1,0.15,COD,10,1.1,288.4,2028,4,April,50.46999999999999,201.87999999999997,86.52000000000001
12302,2028-04-20,1830,Clothing,West,1,155.66,0.27,Card,11,1.0,155.66,2028,4,April,108.96199999999999,108.96199999999999,46.69800000000001
12303,2028-04-21,1411,Electronics,North,4,252.82,0.34,COD,5,4.2,1011.28,2028,4,April,176.974,707.896,303.384
12304,2028-04-22,1571,Electronics,West,6,521.52,0.08,Wallet,6,2.3,3129.12,2028,4,April,365.06399999999996,2190.384,938.7359999999999
12305,2028-04-23,1334,Electronics,North,7,564.25,0.3,Wallet,3,3.3,3949.75,2028,4,April,394.97499999999997,2764.825,1184.9250000000002
12306,2028-04-24,1221,Electronics,South,7,595.74,0.22,Card,10,2.2,4170.18,2028,4,April,417.018,2919.1259999999997,1251.0540000000005
12307,2028-04-25,1036,Clothing,East,7,576.13,0.29,Wallet,8,4.7,4032.91,2028,4,April,403.291,2823.037,1209.873
12308,2028-04-26,1988,Clothing,West,2,18.48,0.23,COD,2,3.9,36.96,2028,4,April,12.936,25.872,11.088000000000001
12309,2028-04-27,1277,Home,North,3,42.91,0.15,Wallet,6,2.5,128.73,2028,4,April,30.036999999999995,90.11099999999999,38.619
12310,2028-04-28,1195,Clothing,South,5,101.35,0.08,COD,2,1.8,506.75,2028,4,April,70.945,354.72499999999997,152.02500000000003
12311,2028-04-29,1915,Home,West,4,219.08,0.02,COD,9,1.6,876.32,2028,4,April,153.356,613.424,262.8960000000001
12312,2028-04-30,1863,Electronics,West,2,500.5,0.19,COD,6,4.0,1001.0,2028,4,April,350.34999999999997,700.6999999999999,300.30000000000007
12313,2028-05-01,1483,Clothing,West,7,537.2,0.35,COD,9,2.8,3760.4000000000005,2028,5,May,376.04,2632.28,1128.1200000000003
12314,2028-05-02,1241,Home,East,5,124.3,0.26,COD,4,1.9,621.5,2028,5,May,87.00999999999999,435.04999999999995,186.45000000000005
12315,2028-05-03,1323,Electronics,North,5,377.5,0.11,Card,3,4.7,1887.5,2028,5,May,264.25,1321.25,566.25
12316,2028-05-04,1730,Electronics,North,6,551.66,0.29,Card,2,2.6,3309.96,2028,5,May,386.162,2316.9719999999998,992.9880000000003
12317,2028-05-05,1191,Beauty,West,6,286.28,0.27,Card,8,3.2,1717.6799999999998,2028,5,May,200.39599999999996,1202.3759999999997,515.3040000000001
12318,2028-05-06,1016,Electronics,West,7,75.57,0.1,Wallet,4,4.4,528.99,2028,5,May,52.898999999999994,370.29299999999995,158.69700000000006
12319,2028-05-07,1523,Home,West,4,282.82,0.01,COD,2,4.3,1131.28,2028,5,May,197.974,791.896,339.384
12320,2028-05-08,1917,Electronics,South,7,234.84,0.04,COD,11,3.6,1643.88,2028,5,May,164.388,1150.7160000000001,493.164
12321,2028-05-09,1400,Home,West,7,352.93,0.31,COD,9,4.6,2470.51,2028,5,May,247.051,1729.357,741.1530000000002
12322,2028-05-10,1905,Electronics,East,2,271.62,0.29,Card,8,4.8,543.24,2028,5,May,190.134,380.268,162.97200000000004
12323,2028-05-11,1885,Electronics,North,3,25.15,0.1,Card,5,4.7,75.44999999999999,2028,5,May,17.604999999999997,52.81499999999999,22.634999999999998
12324,2028-05-12,1704,Clothing,East,7,596.49,0.1,COD,8,2.4,4175.43,2028,5,May,417.543,2922.801,1252.6290000000004
12325,2028-05-13,1021,Electronics,West,4,332.97,0.28,Wallet,5,2.6,1331.88,2028,5,May,233.079,932.316,399.5640000000001
12326,2028-05-14,1473,Clothing,South,5,292.07,0.33,Card,7,2.0,1460.35,2028,5,May,204.44899999999998,1022.2449999999999,438.105
12327,2028-05-15,1119,Electronics,West,5,573.45,0.27,Card,5,4.3,2867.25,2028,5,May,401.415,2007.075,860.175
12328,2028-05-16,1209,Electronics,West,1,106.18,0.21,Card,5,1.5,106.18,2028,5,May,74.326,74.326,31.854000000000013
12329,2028-05-17,1305,Electronics,West,7,125.7,0.08,Card,4,2.4,879.9,2028,5,May,87.99,615.93,263.97
12330,2028-05-18,1269,Electronics,West,2,487.69,0.18,Card,5,1.0,975.38,2028,5,May,341.383,682.766,292.61400000000003
12331,2028-05-19,1703,Beauty,West,1,167.59,0.08,COD,7,3.4,167.59,2028,5,May,117.31299999999999,117.31299999999999,50.277000000000015
12332,2028-05-20,1686,Electronics,North,6,482.55,0.28,Card,3,3.6,2895.3,2028,5,May,337.78499999999997,2026.7099999999998,868.5900000000004
12333,2028-05-21,1284,Clothing,East,3,173.85,0.14,Card,4,2.0,521.55,2028,5,May,121.695,365.085,156.46499999999997
12334,2028-05-22,1715,Electronics,South,4,34.41,0.29,COD,8,3.9,137.64,2028,5,May,24.086999999999996,96.34799999999998,41.292
12335,2028-05-23,1675,Electronics,West,7,317.45,0.13,Wallet,6,2.5,2222.15,2028,5,May,222.21499999999997,1555.5049999999999,666.6450000000002
12336,2028-05-24,1762,Beauty,South,5,130.06,0.29,Card,8,2.2,650.3,2028,5,May,91.042,455.21000000000004,195.08999999999992
12337,2028-05-25,1226,Electronics,North,2,458.34,0.12,COD,11,4.8,916.68,2028,5,May,320.83799999999997,641.6759999999999,275.004
12338,2028-05-26,1947,Beauty,East,5,390.1,0.15,Card,2,3.4,1950.5,2028,5,May,273.07,1365.35,585.1500000000001
12339,2028-05-27,1380,Electronics,West,7,555.31,0.22,Wallet,9,2.0,3887.1699999999996,2028,5,May,388.7169999999999,2721.0189999999993,1166.1510000000003
12340,2028-05-28,1459,Home,North,6,473.05,0.02,COD,7,4.9,2838.3,2028,5,May,331.135,1986.81,851.4900000000002
12341,2028-05-29,1006,Clothing,North,1,120.75,0.33,Wallet,5,2.6,120.75,2028,5,May,84.52499999999999,84.52499999999999,36.22500000000001
12342,2028-05-30,1028,Beauty,East,7,483.09,0.2,Card,11,3.6,3381.6299999999997,2028,5,May,338.16299999999995,2367.1409999999996,1014.489
12343,2028-05-31,1906,Clothing,West,1,390.42,0.18,COD,7,3.9,390.42,2028,5,May,273.294,273.294,117.12600000000003
12344,2028-06-01,1032,Clothing,East,4,406.34,0.29,COD,2,2.7,1625.36,2028,6,June,284.438,1137.752,487.60799999999995
12345,2028-06-02,1645,Electronics,East,2,501.87,0.3,Card,11,3.1,1003.74,2028,6,June,351.30899999999997,702.6179999999999,301.12200000000007
12346,2028-06-03,1878,Electronics,South,6,350.69,0.18,Card,4,2.0,2104.14,2028,6,June,245.48299999999998,1472.898,631.242
12347,2028-06-04,1078,Beauty,South,2,287.61,0.32,COD,7,2.9,575.22,2028,6,June,201.327,402.654,172.56600000000003
12348,2028-06-05,1927,Electronics,East,4,387.44,0.02,COD,2,2.2,1549.76,2028,6,June,271.20799999999997,1084.8319999999999,464.9280000000001
12349,2028-06-06,1946,Clothing,South,6,189.31,0.04,Card,8,3.2,1135.8600000000001,2028,6,June,132.517,795.102,340.75800000000015
12350,2028-06-07,1458,Home,North,6,121.82,0.21,COD,10,3.7,730.92,2028,6,June,85.27399999999999,511.6439999999999,219.27600000000007
12351,2028-06-08,1569,Electronics,East,1,375.7,0.12,Card,10,3.5,375.7,2028,6,June,262.98999999999995,262.98999999999995,112.71000000000004
12352,2028-06-09,1982,Beauty,West,1,151.8,0.16,Card,11,4.1,151.8,2028,6,June,106.26,106.26,45.540000000000006
12353,2028-06-10,1537,Home,West,1,61.75,0.11,COD,5,1.2,61.75,2028,6,June,43.224999999999994,43.224999999999994,18.525000000000006
12354,2028-06-11,1481,Clothing,North,5,15.32,0.14,Card,5,1.3,76.6,2028,6,June,10.724,53.620000000000005,22.97999999999999
12355,2028-06-12,1429,Beauty,West,3,370.87,0.29,Card,8,1.8,1112.6100000000001,2028,6,June,259.609,778.827,333.78300000000013
12356,2028-06-13,1737,Electronics,West,7,226.86,0.21,Card,1,4.9,1588.02,2028,6,June,158.802,1111.614,476.40599999999995
12357,2028-06-14,1284,Electronics,East,1,455.1,0.35,COD,6,4.2,455.1,2028,6,June,318.57,318.57,136.53000000000003
12358,2028-06-15,1515,Clothing,North,3,234.48,0.28,COD,2,4.7,703.4399999999999,2028,6,June,164.136,492.408,211.03199999999993
12359,2028-06-16,1976,Electronics,East,3,299.31,0.1,Wallet,1,2.1,897.9300000000001,2028,6,June,209.517,628.5509999999999,269.37900000000013
12360,2028-06-17,1098,Home,North,2,253.14,0.09,Card,7,3.3,506.28,2028,6,June,177.19799999999998,354.39599999999996,151.88400000000001
12361,2028-06-18,1396,Beauty,East,4,395.59,0.12,COD,4,3.2,1582.36,2028,6,June,276.91299999999995,1107.6519999999998,474.7080000000001
12362,2028-06-19,1488,Clothing,East,5,223.34,0.3,Card,1,3.3,1116.7,2028,6,June,156.338,781.6899999999999,335.0100000000001
12363,2028-06-20,1038,Electronics,South,3,578.8,0.01,COD,10,3.9,1736.3999999999999,2028,6,June,405.15999999999997,1215.48,520.9199999999998
12364,2028-06-21,1270,Beauty,West,7,562.65,0.08,COD,11,2.6,3938.5499999999997,2028,6,June,393.85499999999996,2756.9849999999997,1181.565
12365,2028-06-22,1886,Clothing,North,5,511.1,0.32,Card,11,3.7,2555.5,2028,6,June,357.77,1788.85,766.6500000000001
12366,2028-06-23,1796,Clothing,West,2,553.38,0.22,COD,6,4.2,1106.76,2028,6,June,387.366,774.732,332.028
12367,2028-06-24,1156,Clothing,South,1,277.75,0.08,Card,10,2.2,277.75,2028,6,June,194.42499999999998,194.42499999999998,83.32500000000002
12368,2028-06-25,1074,Beauty,North,6,328.81,0.08,Card,6,4.8,1972.8600000000001,2028,6,June,230.16699999999997,1381.002,591.8580000000002
12369,2028-06-26,1883,Clothing,South,3,449.12,0.3,Card,3,3.1,1347.3600000000001,2028,6,June,314.38399999999996,943.1519999999998,404.2080000000003
12370,2028-06-27,1799,Home,West,4,422.25,0.31,COD,6,3.9,1689.0,2028,6,June,295.575,1182.3,506.70000000000005
12371,2028-06-28,1129,Home,East,6,536.05,0.09,COD,10,3.9,3216.2999999999997,2028,6,June,375.23499999999996,2251.41,964.8899999999999
12372,2028-06-29,1686,Electronics,South,2,434.05,0.15,Card,9,3.3,868.1,2028,6,June,303.835,607.67,260.43000000000006
12373,2028-06-30,1973,Clothing,South,5,598.76,0.29,Card,6,2.3,2993.8,2028,6,June,419.13199999999995,2095.66,898.1400000000003
12374,2028-07-01,1083,Home,East,7,218.88,0.27,Card,1,3.7,1532.1599999999999,2028,7,July,153.21599999999998,1072.512,459.6479999999999
12375,2028-07-02,1021,Clothing,West,1,502.3,0.28,Card,10,1.3,502.3,2028,7,July,351.61,351.61,150.69
12376,2028-07-03,1458,Home,South,5,423.12,0.18,COD,6,4.9,2115.6,2028,7,July,296.18399999999997,1480.9199999999998,634.6800000000001
12377,2028-07-04,1538,Beauty,West,4,419.46,0.32,COD,8,1.7,1677.84,2028,7,July,293.62199999999996,1174.4879999999998,503.3520000000001
12378,2028-07-05,1706,Clothing,East,3,205.61,0.11,Card,7,2.1,616.83,2028,7,July,143.927,431.78099999999995,185.0490000000001
12379,2028-07-06,1848,Home,North,4,474.58,0.05,Card,8,4.8,1898.32,2028,7,July,332.20599999999996,1328.8239999999998,569.4960000000001
12380,2028-07-07,1381,Home,South,5,541.72,0.25,Wallet,11,1.7,2708.6000000000004,2028,7,July,379.204,1896.02,812.5800000000004
12381,2028-07-08,1747,Home,West,5,142.85,0.19,Card,8,1.7,714.25,2028,7,July,99.99499999999999,499.97499999999997,214.27500000000003
12382,2028-07-09,1439,Clothing,East,6,380.92,0.3,Card,9,4.2,2285.52,2028,7,July,266.644,1599.864,685.656
12383,2028-07-10,1603,Electronics,East,4,244.4,0.03,COD,3,2.0,977.6,2028,7,July,171.07999999999998,684.3199999999999,293.2800000000001
12384,2028-07-11,1988,Clothing,South,4,593.89,0.3,COD,7,1.4,2375.56,2028,7,July,415.72299999999996,1662.8919999999998,712.6680000000001
12385,2028-07-12,1020,Home,North,4,295.12,0.1,COD,6,1.9,1180.48,2028,7,July,206.584,826.336,354.144
12386,2028-07-13,1302,Clothing,South,1,148.57,0.23,Wallet,2,4.6,148.57,2028,7,July,103.999,103.999,44.571
12387,2028-07-14,1975,Home,West,7,238.39,0.01,Card,5,2.1,1668.73,2028,7,July,166.873,1168.1109999999999,500.61900000000014
12388,2028-07-15,1868,Clothing,East,5,397.5,0.21,COD,3,3.8,1987.5,2028,7,July,278.25,1391.25,596.25
12389,2028-07-16,1954,Clothing,North,2,59.51,0.25,Card,11,2.6,119.02,2028,7,July,41.657,83.314,35.706
12390,2028-07-17,1083,Electronics,West,1,368.11,0.13,COD,5,2.0,368.11,2028,7,July,257.677,257.677,110.43299999999999
12391,2028-07-18,1773,Home,South,1,559.77,0.08,Wallet,11,1.6,559.77,2028,7,July,391.83899999999994,391.83899999999994,167.93100000000004
12392,2028-07-19,1658,Clothing,East,1,512.46,0.19,COD,9,4.9,512.46,2028,7,July,358.722,358.722,153.73800000000006
12393,2028-07-20,1952,Electronics,South,6,54.59,0.29,COD,8,3.1,327.54,2028,7,July,38.213,229.27800000000002,98.262
12394,2028-07-21,1452,Electronics,North,7,596.13,0.11,Wallet,9,1.5,4172.91,2028,7,July,417.291,2921.037,1251.873
12395,2028-07-22,1386,Home,North,7,423.76,0.09,Card,9,1.8,2966.3199999999997,2028,7,July,296.63199999999995,2076.4239999999995,889.8960000000002
12396,2028-07-23,1506,Clothing,North,2,109.93,0.1,COD,11,2.6,219.86,2028,7,July,76.951,153.902,65.95800000000003
12397,2028-07-24,1256,Electronics,North,4,22.26,0.33,Wallet,8,3.2,89.04,2028,7,July,15.582,62.328,26.712000000000003
12398,2028-07-25,1569,Beauty,North,6,115.2,0.13,COD,8,1.7,691.2,2028,7,July,80.64,483.84000000000003,207.36
12399,2028-07-26,1891,Home,South,5,505.33,0.0,Card,11,2.1,2526.65,2028,7,July,353.731,1768.655,757.9950000000001
12400,2028-07-27,1933,Beauty,North,3,27.66,0.27,Card,11,4.1,82.98,2028,7,July,19.362,58.086,24.894000000000005
12401,2028-07-28,1526,Clothing,North,6,151.39,0.24,Card,6,2.7,908.3399999999999,2028,7,July,105.97299999999998,635.838,272.50199999999995
12402,2028-07-29,1161,Clothing,East,3,458.02,0.04,Card,6,1.0,1374.06,2028,7,July,320.614,961.8419999999999,412.2180000000001
12403,2028-07-30,1956,Beauty,North,5,357.87,0.34,COD,6,1.2,1789.35,2028,7,July,250.509,1252.5449999999998,536.8050000000001
12404,2028-07-31,1162,Clothing,East,2,472.9,0.21,Card,10,2.8,945.8,2028,7,July,331.03,662.06,283.74
12405,2028-08-01,1831,Home,East,7,451.5,0.18,Card,6,1.2,3160.5,2028,8,August,316.04999999999995,2212.3499999999995,948.1500000000005
12406,2028-08-02,1792,Electronics,East,3,44.6,0.13,Card,11,1.7,133.8,2028,8,August,31.22,93.66,40.140000000000015
12407,2028-08-03,1791,Clothing,South,1,537.12,0.31,COD,9,3.9,537.12,2028,8,August,375.984,375.984,161.13600000000002
12408,2028-08-04,1523,Electronics,South,6,147.81,0.09,COD,10,2.9,886.86,2028,8,August,103.467,620.802,266.058
12409,2028-08-05,1785,Electronics,West,3,338.73,0.1,COD,1,2.9,1016.19,2028,8,August,237.111,711.333,304.8570000000001
12410,2028-08-06,1270,Electronics,West,5,391.91,0.04,Card,10,3.4,1959.5500000000002,2028,8,August,274.337,1371.685,587.8650000000002
12411,2028-08-07,1491,Electronics,East,7,113.65,0.27,Card,6,4.2,795.5500000000001,2028,8,August,79.55499999999999,556.885,238.66500000000008
12412,2028-08-08,1207,Beauty,South,1,586.1,0.21,Card,8,1.6,586.1,2028,8,August,410.27,410.27,175.83000000000004
12413,2028-08-09,1538,Electronics,North,3,300.57,0.21,Card,1,1.7,901.71,2028,8,August,210.39899999999997,631.1969999999999,270.51300000000015
12414,2028-08-10,1583,Home,West,7,48.72,0.08,Card,11,1.5,341.03999999999996,2028,8,August,34.104,238.728,102.31199999999995
12415,2028-08-11,1059,Home,South,5,563.3,0.23,COD,11,4.7,2816.5,2028,8,August,394.30999999999995,1971.5499999999997,844.9500000000003
12416,2028-08-12,1429,Clothing,North,2,357.97,0.27,Card,6,3.3,715.94,2028,8,August,250.579,501.158,214.78200000000004
12417,2028-08-13,1984,Electronics,North,5,424.03,0.13,Wallet,9,1.4,2120.1499999999996,2028,8,August,296.82099999999997,1484.1049999999998,636.0449999999998
12418,2028-08-14,1656,Home,South,2,322.23,0.28,COD,6,1.9,644.46,2028,8,August,225.561,451.122,193.33800000000002
12419,2028-08-15,1604,Clothing,West,7,503.32,0.12,Card,2,3.9,3523.24,2028,8,August,352.32399999999996,2466.2679999999996,1056.9720000000002
12420,2028-08-16,1308,Home,South,7,34.38,0.27,COD,1,1.1,240.66000000000003,2028,8,August,24.066,168.462,72.19800000000004
12421,2028-08-17,1519,Home,West,1,172.0,0.01,COD,4,3.9,172.0,2028,8,August,120.39999999999999,120.39999999999999,51.60000000000001
12422,2028-08-18,1590,Beauty,East,5,289.74,0.19,COD,6,4.6,1448.7,2028,8,August,202.81799999999998,1014.0899999999999,434.6100000000001
12423,2028-08-19,1026,Clothing,South,4,59.81,0.34,Wallet,10,1.2,239.24,2028,8,August,41.867,167.468,71.77200000000002
12424,2028-08-20,1685,Electronics,South,6,427.96,0.34,Card,10,1.7,2567.7599999999998,2028,8,August,299.57199999999995,1797.4319999999998,770.328
12425,2028-08-21,1561,Clothing,West,4,245.29,0.1,Wallet,9,1.0,981.16,2028,8,August,171.70299999999997,686.8119999999999,294.34800000000007
12426,2028-08-22,1198,Electronics,West,4,174.51,0.15,Card,5,1.4,698.04,2028,8,August,122.15699999999998,488.62799999999993,209.41200000000003
12427,2028-08-23,1386,Beauty,South,4,16.98,0.02,Wallet,7,3.5,67.92,2028,8,August,11.886,47.544,20.376000000000005
12428,2028-08-24,1348,Electronics,North,6,436.1,0.31,Card,6,1.2,2616.6000000000004,2028,8,August,305.27,1831.62,784.9800000000005
12429,2028-08-25,1959,Electronics,North,4,502.78,0.2,Card,6,2.7,2011.12,2028,8,August,351.94599999999997,1407.7839999999999,603.336
12430,2028-08-26,1939,Home,North,2,246.1,0.13,COD,9,3.0,492.2,2028,8,August,172.26999999999998,344.53999999999996,147.66000000000003
12431,2028-08-27,1692,Clothing,East,5,345.07,0.04,Card,5,4.6,1725.35,2028,8,August,241.54899999999998,1207.745,517.605
12432,2028-08-28,1535,Clothing,East,7,148.2,0.33,Card,2,2.9,1037.3999999999999,2028,8,August,103.73999999999998,726.1799999999998,311.22
12433,2028-08-29,1827,Clothing,West,1,378.99,0.19,Card,8,1.6,378.99,2028,8,August,265.293,265.293,113.697
12434,2028-08-30,1377,Beauty,East,4,22.1,0.1,COD,11,2.2,88.4,2028,8,August,15.47,61.88,26.520000000000003
12435,2028-08-31,1898,Electronics,North,7,300.86,0.12,Wallet,3,3.7,2106.02,2028,8,August,210.602,1474.214,631.806
12436,2028-09-01,1915,Beauty,South,4,391.86,0.09,COD,9,1.4,1567.44,2028,9,September,274.30199999999996,1097.2079999999999,470.2320000000002
12437,2028-09-02,1557,Electronics,East,1,552.14,0.21,Wallet,5,1.9,552.14,2028,9,September,386.498,386.498,165.642
12438,2028-09-03,1526,Home,East,1,238.08,0.33,COD,1,5.0,238.08,2028,9,September,166.656,166.656,71.424
12439,2028-09-04,1152,Home,North,4,462.64,0.3,Card,4,1.0,1850.56,2028,9,September,323.84799999999996,1295.3919999999998,555.1680000000001
12440,2028-09-05,1733,Electronics,East,2,364.65,0.16,Card,9,1.6,729.3,2028,9,September,255.25499999999997,510.50999999999993,218.79000000000002
12441,2028-09-06,1205,Clothing,West,7,557.3,0.29,COD,1,4.4,3901.0999999999995,2028,9,September,390.10999999999996,2730.7699999999995,1170.33
12442,2028-09-07,1454,Electronics,South,1,248.05,0.15,Card,8,1.4,248.05,2028,9,September,173.635,173.635,74.41500000000002
12443,2028-09-08,1272,Home,North,5,201.67,0.09,Card,8,1.1,1008.3499999999999,2028,9,September,141.16899999999998,705.8449999999999,302.505
12444,2028-09-09,1893,Clothing,West,7,533.98,0.34,COD,9,1.5,3737.86,2028,9,September,373.786,2616.502,1121.3580000000002
12445,2028-09-10,1235,Clothing,North,5,43.81,0.11,COD,9,3.8,219.05,2028,9,September,30.666999999999998,153.33499999999998,65.71500000000003
12446,2028-09-11,1851,Electronics,West,7,94.79,0.11,Card,6,5.0,663.5300000000001,2028,9,September,66.353,464.47099999999995,199.05900000000014
12447,2028-09-12,1739,Electronics,South,2,63.21,0.35,Wallet,5,3.4,126.42,2028,9,September,44.247,88.494,37.926
12448,2028-09-13,1520,Electronics,South,6,508.22,0.05,COD,7,1.5,3049.32,2028,9,September,355.754,2134.5240000000003,914.7959999999998
12449,2028-09-14,1677,Electronics,West,3,21.21,0.27,COD,9,1.7,63.63,2028,9,September,14.847,44.541,19.089000000000006
12450,2028-09-15,1943,Clothing,West,2,519.07,0.33,Wallet,5,3.2,1038.14,2028,9,September,363.349,726.698,311.4420000000001
12451,2028-09-16,1955,Beauty,West,4,278.99,0.18,Card,3,3.9,1115.96,2028,9,September,195.293,781.172,334.788
12452,2028-09-17,1830,Home,West,3,17.35,0.0,COD,9,3.7,52.050000000000004,2028,9,September,12.145,36.435,15.615000000000002
12453,2028-09-18,1725,Clothing,West,4,249.96,0.13,Wallet,10,3.3,999.84,2028,9,September,174.972,699.888,299.952
12454,2028-09-19,1500,Beauty,West,5,124.28,0.04,COD,1,4.9,621.4,2028,9,September,86.996,434.97999999999996,186.42000000000002
12455,2028-09-20,1116,Home,South,1,380.27,0.15,COD,1,1.8,380.27,2028,9,September,266.18899999999996,266.18899999999996,114.08100000000002
12456,2028-09-21,1385,Beauty,West,7,412.42,0.28,Card,10,1.7,2886.94,2028,9,September,288.694,2020.8580000000002,866.0819999999999
12457,2028-09-22,1343,Clothing,East,4,300.2,0.15,COD,11,4.4,1200.8,2028,9,September,210.14,840.56,360.24
12458,2028-09-23,1583,Electronics,South,5,38.7,0.15,Card,4,2.2,193.5,2028,9,September,27.09,135.45,58.05000000000001
12459,2028-09-24,1394,Electronics,North,2,398.84,0.19,Wallet,2,2.3,797.68,2028,9,September,279.188,558.376,239.30399999999997
12460,2028-09-25,1063,Home,South,4,507.59,0.2,Wallet,7,3.2,2030.36,2028,9,September,355.313,1421.252,609.108
12461,2028-09-26,1716,Electronics,North,5,436.39,0.3,Wallet,2,2.5,2181.95,2028,9,September,305.47299999999996,1527.3649999999998,654.585
12462,2028-09-27,1720,Electronics,North,1,500.53,0.11,COD,7,2.2,500.53,2028,9,September,350.371,350.371,150.159
12463,2028-09-28,1071,Clothing,East,7,132.3,0.29,Card,8,4.7,926.1000000000001,2028,9,September,92.61,648.27,277.83000000000015
12464,2028-09-29,1788,Clothing,West,4,535.0,0.2,Card,11,1.5,2140.0,2028,9,September,374.5,1498.0,642.0
12465,2028-09-30,1273,Clothing,West,6,203.48,0.11,Wallet,8,2.6,1220.8799999999999,2028,9,September,142.43599999999998,854.6159999999999,366.264
12466,2028-10-01,1989,Electronics,South,5,22.84,0.1,Card,3,1.0,114.2,2028,10,October,15.988,79.94,34.260000000000005
12467,2028-10-02,1319,Clothing,West,4,508.38,0.13,Card,9,4.2,2033.52,2028,10,October,355.866,1423.464,610.056
12468,2028-10-03,1337,Clothing,East,1,565.97,0.22,COD,10,1.7,565.97,2028,10,October,396.179,396.179,169.79100000000005
12469,2028-10-04,1365,Beauty,South,7,398.5,0.08,Card,10,4.1,2789.5,2028,10,October,278.95,1952.6499999999999,836.8500000000001
12470,2028-10-05,1494,Home,South,4,150.39,0.32,COD,10,1.6,601.56,2028,10,October,105.27299999999998,421.0919999999999,180.46800000000002
12471,2028-10-06,1606,Beauty,South,4,162.27,0.2,COD,6,2.7,649.08,2028,10,October,113.589,454.356,194.72400000000005
12472,2028-10-07,1165,Home,West,7,287.96,0.32,COD,4,3.9,2015.7199999999998,2028,10,October,201.57199999999997,1411.004,604.7159999999999
12473,2028-10-08,1543,Clothing,West,6,540.23,0.02,Wallet,8,2.1,3241.38,2028,10,October,378.161,2268.966,972.4140000000002
12474,2028-10-09,1010,Electronics,West,5,102.51,0.12,Card,4,2.3,512.5500000000001,2028,10,October,71.757,358.785,153.76500000000004
12475,2028-10-10,1300,Home,South,3,498.19,0.01,Card,4,3.7,1494.57,2028,10,October,348.733,1046.199,448.37099999999987
12476,2028-10-11,1728,Clothing,South,7,185.41,0.1,Card,11,1.8,1297.87,2028,10,October,129.78699999999998,908.5089999999998,389.3610000000001
12477,2028-10-12,1800,Clothing,North,4,488.02,0.3,Wallet,8,4.8,1952.08,2028,10,October,341.614,1366.456,585.624
12478,2028-10-13,1101,Clothing,North,3,553.36,0.01,Card,4,1.8,1660.08,2028,10,October,387.352,1162.056,498.0239999999999
12479,2028-10-14,1424,Clothing,West,2,265.08,0.15,Card,1,4.0,530.16,2028,10,October,185.55599999999998,371.11199999999997,159.048
12480,2028-10-15,1391,Electronics,South,4,228.55,0.04,COD,6,4.2,914.2,2028,10,October,159.98499999999999,639.9399999999999,274.2600000000001
12481,2028-10-16,1778,Clothing,West,3,484.3,0.15,Card,8,2.5,1452.9,2028,10,October,339.01,1017.03,435.8700000000001
12482,2028-10-17,1213,Electronics,West,2,324.75,0.29,Wallet,3,1.6,649.5,2028,10,October,227.325,454.65,194.85000000000002
12483,2028-10-18,1690,Home,North,6,415.4,0.22,Wallet,2,1.7,2492.3999999999996,2028,10,October,290.78,1744.6799999999998,747.7199999999998
12484,2028-10-19,1087,Electronics,East,5,379.36,0.26,COD,6,4.9,1896.8000000000002,2028,10,October,265.552,1327.7600000000002,569.04
12485,2028-10-20,1552,Electronics,West,4,104.44,0.12,COD,1,3.9,417.76,2028,10,October,73.10799999999999,292.43199999999996,125.32800000000003
12486,2028-10-21,1400,Clothing,East,5,509.2,0.33,Card,11,2.8,2546.0,2028,10,October,356.44,1782.2,763.8
12487,2028-10-22,1587,Home,East,2,129.53,0.25,COD,5,2.0,259.06,2028,10,October,90.67099999999999,181.34199999999998,77.71800000000002
12488,2028-10-23,1888,Clothing,South,5,560.39,0.15,COD,6,1.1,2801.95,2028,10,October,392.27299999999997,1961.3649999999998,840.585
12489,2028-10-24,1045,Electronics,South,5,161.58,0.15,Card,8,3.7,807.9000000000001,2028,10,October,113.106,565.53,242.37000000000012
12490,2028-10-25,1671,Clothing,West,7,444.32,0.32,Card,7,4.8,3110.24,2028,10,October,311.024,2177.168,933.0719999999997
12491,2028-10-26,1462,Electronics,North,1,181.52,0.2,Wallet,6,1.4,181.52,2028,10,October,127.064,127.064,54.45600000000002
12492,2028-10-27,1591,Beauty,North,2,200.9,0.25,Card,2,4.0,401.8,2028,10,October,140.63,281.26,120.54000000000002
12493,2028-10-28,1309,Beauty,West,5,196.35,0.15,COD,8,1.6,981.75,2028,10,October,137.445,687.2249999999999,294.5250000000001
12494,2028-10-29,1085,Clothing,West,3,452.52,0.08,Card,8,4.2,1357.56,2028,10,October,316.76399999999995,950.2919999999999,407.26800000000003
12495,2028-10-30,1091,Electronics,North,2,340.74,0.25,Card,11,2.5,681.48,2028,10,October,238.518,477.036,204.44400000000002
12496,2028-10-31,1659,Home,East,1,531.53,0.21,Wallet,5,3.8,531.53,2028,10,October,372.07099999999997,372.07099999999997,159.459
12497,2028-11-01,1672,Electronics,West,4,194.81,0.18,Card,3,4.7,779.24,2028,11,November,136.367,545.468,233.77200000000005
12498,2028-11-02,1713,Clothing,East,6,419.82,0.22,COD,11,3.5,2518.92,2028,11,November,293.87399999999997,1763.2439999999997,755.6760000000004
12499,2028-11-03,1935,Electronics,West,5,455.47,0.07,Card,8,4.7,2277.3500000000004,2028,11,November,318.829,1594.145,683.2050000000004
12500,2028-11-04,1927,Beauty,West,3,103.62,0.28,Card,5,1.9,310.86,2028,11,November,72.53399999999999,217.60199999999998,93.25800000000004
12501,2028-11-05,1241,Electronics,East,1,249.34,0.33,Wallet,3,4.9,249.34,2028,11,November,174.53799999999998,174.53799999999998,74.80200000000002
12502,2028-11-06,1864,Clothing,East,2,297.45,0.31,COD,9,4.5,594.9,2028,11,November,208.21499999999997,416.42999999999995,178.47000000000003
12503,2028-11-07,1001,Home,North,6,223.08,0.11,Wallet,9,1.4,1338.48,2028,11,November,156.156,936.936,401.544
12504,2028-11-08,1224,Clothing,West,6,203.44,0.14,Wallet,7,2.7,1220.6399999999999,2028,11,November,142.408,854.4479999999999,366.192
12505,2028-11-09,1800,Electronics,South,5,416.56,0.28,Wallet,8,4.7,2082.8,2028,11,November,291.592,1457.96,624.8400000000001
12506,2028-11-10,1744,Beauty,South,1,141.28,0.21,Wallet,5,1.3,141.28,2028,11,November,98.896,98.896,42.384
12507,2028-11-11,1972,Clothing,West,1,429.99,0.19,Card,5,2.8,429.99,2028,11,November,300.993,300.993,128.997
12508,2028-11-12,1925,Clothing,West,3,562.0,0.32,Wallet,5,3.9,1686.0,2028,11,November,393.4,1180.1999999999998,505.8000000000002
12509,2028-11-13,1928,Electronics,West,4,345.64,0.19,Card,2,1.1,1382.56,2028,11,November,241.94799999999998,967.7919999999999,414.76800000000003
12510,2028-11-14,1588,Clothing,East,4,372.69,0.18,Card,3,4.0,1490.76,2028,11,November,260.883,1043.532,447.22800000000007
12511,2028-11-15,1115,Clothing,South,7,55.33,0.01,Card,8,2.4,387.31,2028,11,November,38.730999999999995,271.11699999999996,116.19300000000004
12512,2028-11-16,1665,Electronics,South,4,520.72,0.02,Card,6,2.0,2082.88,2028,11,November,364.504,1458.016,624.864
12513,2028-11-17,1917,Electronics,South,7,181.99,0.0,COD,9,3.3,1273.93,2028,11,November,127.393,891.751,382.1790000000001
12514,2028-11-18,1102,Home,West,6,374.8,0.32,Card,7,3.2,2248.8,2028,11,November,262.36,1574.16,674.6400000000001
12515,2028-11-19,1193,Electronics,East,6,587.78,0.14,Card,6,4.5,3526.68,2028,11,November,411.44599999999997,2468.676,1058.004
12516,2028-11-20,1165,Electronics,West,2,363.37,0.16,COD,11,3.7,726.74,2028,11,November,254.35899999999998,508.71799999999996,218.02200000000005
12517,2028-11-21,1870,Clothing,North,6,438.96,0.3,Card,4,2.7,2633.7599999999998,2028,11,November,307.272,1843.632,790.1279999999997
12518,2028-11-22,1089,Home,North,6,275.51,0.21,COD,7,3.6,1653.06,2028,11,November,192.85699999999997,1157.1419999999998,495.9180000000001
12519,2028-11-23,1685,Electronics,South,1,50.31,0.21,Card,4,4.0,50.31,2028,11,November,35.217,35.217,15.093000000000004
12520,2028-11-24,1121,Clothing,West,2,481.6,0.1,Card,7,4.7,963.2,2028,11,November,337.12,674.24,288.96000000000004
12521,2028-11-25,1142,Electronics,North,1,35.47,0.29,Card,5,3.8,35.47,2028,11,November,24.828999999999997,24.828999999999997,10.641000000000002
12522,2028-11-26,1993,Electronics,North,3,424.88,0.06,Card,2,3.2,1274.6399999999999,2028,11,November,297.416,892.248,382.3919999999998
12523,2028-11-27,1105,Electronics,West,7,28.41,0.02,COD,7,2.5,198.87,2028,11,November,19.887,139.209,59.661
12524,2028-11-28,1886,Home,East,7,519.45,0.07,COD,8,4.6,3636.1500000000005,2028,11,November,363.615,2545.3050000000003,1090.8450000000003
12525,2028-11-29,1427,Electronics,West,3,107.22,0.09,Card,10,4.2,321.65999999999997,2028,11,November,75.05399999999999,225.16199999999998,96.49799999999999
12526,2028-11-30,1304,Electronics,West,7,315.85,0.1,Card,11,1.3,2210.9500000000003,2028,11,November,221.095,1547.665,663.2850000000003
12527,2028-12-01,1871,Clothing,East,2,364.33,0.23,Card,2,3.8,728.66,2028,12,December,255.03099999999998,510.06199999999995,218.598
12528,2028-12-02,1970,Home,South,2,282.66,0.08,Wallet,6,3.2,565.32,2028,12,December,197.862,395.724,169.59600000000006
12529,2028-12-03,1316,Electronics,South,6,214.35,0.24,Card,4,1.4,1286.1,2028,12,December,150.045,900.27,385.8299999999999
12530,2028-12-04,1962,Clothing,South,7,288.67,0.03,Wallet,5,3.3,2020.69,2028,12,December,202.069,1414.483,606.2070000000001
12531,2028-12-05,1634,Electronics,East,3,197.18,0.05,COD,1,1.8,591.54,2028,12,December,138.02599999999998,414.078,177.462
12532,2028-12-06,1901,Clothing,North,5,271.3,0.18,Card,6,3.8,1356.5,2028,12,December,189.91,949.55,406.95000000000005
12533,2028-12-07,1008,Clothing,East,4,224.96,0.32,Wallet,11,2.1,899.84,2028,12,December,157.472,629.888,269.952
12534,2028-12-08,1773,Clothing,West,6,346.23,0.3,COD,8,1.6,2077.38,2028,12,December,242.361,1454.166,623.2140000000002
12535,2028-12-09,1072,Electronics,East,4,154.19,0.34,COD,2,1.3,616.76,2028,12,December,107.93299999999999,431.73199999999997,185.02800000000002
12536,2028-12-10,1358,Electronics,North,3,593.36,0.23,Card,1,3.0,1780.08,2028,12,December,415.352,1246.056,534.0239999999999
12537,2028-12-11,1222,Electronics,North,7,308.01,0.24,COD,9,1.8,2156.0699999999997,2028,12,December,215.60699999999997,1509.2489999999998,646.8209999999999
12538,2028-12-12,1415,Clothing,West,7,128.58,0.22,Card,2,4.4,900.0600000000001,2028,12,December,90.006,630.042,270.01800000000003
12539,2028-12-13,1552,Electronics,South,4,294.08,0.22,Card,8,1.0,1176.32,2028,12,December,205.85599999999997,823.4239999999999,352.8960000000001
12540,2028-12-14,1369,Home,North,5,521.85,0.05,Wallet,5,4.4,2609.25,2028,12,December,365.295,1826.4750000000001,782.7749999999999
12541,2028-12-15,1715,Beauty,North,7,27.76,0.19,Wallet,2,3.1,194.32000000000002,2028,12,December,19.432,136.024,58.29600000000002
12542,2028-12-16,1263,Beauty,North,5,412.54,0.14,Card,5,4.7,2062.7000000000003,2028,12,December,288.778,1443.89,618.8100000000002
12543,2028-12-17,1839,Beauty,West,1,335.56,0.15,COD,9,1.8,335.56,2028,12,December,234.892,234.892,100.668
12544,2028-12-18,1689,Clothing,North,2,114.19,0.18,COD,6,1.4,228.38,2028,12,December,79.93299999999999,159.86599999999999,68.51400000000001
12545,2028-12-19,1859,Home,South,4,493.22,0.04,Card,3,3.5,1972.88,2028,12,December,345.254,1381.016,591.864
12546,2028-12-20,1317,Electronics,West,7,230.8,0.13,Card,8,3.8,1615.6000000000001,2028,12,December,161.56,1130.92,484.68000000000006
12547,2028-12-21,1083,Clothing,South,5,186.87,0.02,Card,1,2.5,934.35,2028,12,December,130.809,654.045,280.30500000000006
12548,2028-12-22,1317,Clothing,North,7,499.45,0.34,COD,9,1.1,3496.15,2028,12,December,349.61499999999995,2447.305,1048.8450000000003
12549,2028-12-23,1110,Clothing,North,2,388.54,0.04,Wallet,9,2.6,777.08,2028,12,December,271.978,543.956,233.12400000000002
12550,2028-12-24,1250,Home,South,2,540.48,0.09,Card,4,1.9,1080.96,2028,12,December,378.336,756.672,324.288
12551,2028-12-25,1382,Electronics,West,1,383.48,0.31,COD,8,2.4,383.48,2028,12,December,268.436,268.436,115.04400000000004
12552,2028-12-26,1006,Electronics,West,2,448.38,0.17,COD,11,3.0,896.76,2028,12,December,313.866,627.732,269.028
12553,2028-12-27,1458,Beauty,South,2,504.32,0.05,COD,11,3.8,1008.64,2028,12,December,353.024,706.048,302.592
12554,2028-12-28,1083,Electronics,North,6,47.02,0.13,Card,3,4.9,282.12,2028,12,December,32.914,197.484,84.636
12555,2028-12-29,1207,Clothing,East,3,468.99,0.04,COD,6,1.6,1406.97,2028,12,December,328.293,984.879,422.091
12556,2028-12-30,1899,Beauty,South,7,374.02,0.07,Wallet,10,3.7,2618.14,2028,12,December,261.81399999999996,1832.6979999999999,785.442
12557,2028-12-31,1389,Clothing,South,1,55.66,0.02,Card,10,1.9,55.66,2028,12,December,38.961999999999996,38.961999999999996,16.698
12558,2029-01-01,1313,Clothing,South,1,312.52,0.15,Card,8,1.9,312.52,2029,1,January,218.76399999999998,218.76399999999998,93.756
12559,2029-01-02,1021,Electronics,North,4,63.24,0.28,Wallet,11,3.5,252.96,2029,1,January,44.268,177.072,75.888
12560,2029-01-03,1409,Electronics,West,2,445.53,0.21,Card,9,4.1,891.06,2029,1,January,311.871,623.742,267.318
12561,2029-01-04,1894,Beauty,North,4,334.7,0.21,Wallet,8,4.9,1338.8,2029,1,January,234.28999999999996,937.1599999999999,401.6400000000001
12562,2029-01-05,1514,Clothing,South,6,572.84,0.07,Card,9,4.1,3437.04,2029,1,January,400.988,2405.928,1031.112
12563,2029-01-06,1126,Clothing,North,5,122.13,0.12,Card,4,1.6,610.65,2029,1,January,85.49099999999999,427.4549999999999,183.19500000000005
12564,2029-01-07,1808,Electronics,North,2,369.53,0.3,Card,10,1.9,739.06,2029,1,January,258.671,517.342,221.71799999999996
12565,2029-01-08,1699,Electronics,South,5,138.78,0.03,Card,1,4.0,693.9,2029,1,January,97.146,485.73,208.16999999999996
12566,2029-01-09,1873,Beauty,North,3,374.23,0.3,Card,7,3.1,1122.69,2029,1,January,261.961,785.883,336.807
12567,2029-01-10,1013,Clothing,East,6,437.75,0.17,COD,11,2.2,2626.5,2029,1,January,306.42499999999995,1838.5499999999997,787.9500000000003
12568,2029-01-11,1970,Clothing,North,2,437.55,0.29,Card,10,2.9,875.1,2029,1,January,306.28499999999997,612.5699999999999,262.5300000000001
12569,2029-01-12,1977,Electronics,North,4,491.82,0.11,Wallet,4,4.7,1967.28,2029,1,January,344.274,1377.096,590.184
12570,2029-01-13,1011,Home,West,4,514.33,0.12,COD,1,4.0,2057.32,2029,1,January,360.031,1440.124,617.1960000000001
12571,2029-01-14,1086,Beauty,West,2,60.2,0.26,COD,3,2.8,120.4,2029,1,January,42.14,84.28,36.120000000000005
12572,2029-01-15,1523,Clothing,South,7,215.81,0.27,Card,7,4.9,1510.67,2029,1,January,151.06699999999998,1057.4689999999998,453.20100000000025
12573,2029-01-16,1908,Electronics,South,4,416.97,0.08,COD,11,4.2,1667.88,2029,1,January,291.879,1167.516,500.36400000000003
12574,2029-01-17,1536,Clothing,West,7,306.67,0.34,COD,3,1.0,2146.69,2029,1,January,214.669,1502.683,644.0070000000001
12575,2029-01-18,1300,Home,East,2,126.55,0.03,Card,1,1.4,253.1,2029,1,January,88.585,177.17,75.93
12576,2029-01-19,1242,Clothing,North,1,338.34,0.02,Wallet,7,3.2,338.34,2029,1,January,236.83799999999997,236.83799999999997,101.50200000000001
12577,2029-01-20,1121,Beauty,East,4,253.35,0.21,Card,8,2.4,1013.4,2029,1,January,177.345,709.38,304.02
12578,2029-01-21,1146,Clothing,East,7,243.17,0.25,Card,5,4.3,1702.1899999999998,2029,1,January,170.219,1191.533,510.6569999999999
12579,2029-01-22,1566,Beauty,West,2,488.71,0.34,COD,6,4.6,977.42,2029,1,January,342.097,684.194,293.226
12580,2029-01-23,1749,Clothing,South,2,253.45,0.14,COD,3,2.0,506.9,2029,1,January,177.415,354.83,152.07
12581,2029-01-24,1355,Electronics,North,7,30.48,0.01,Card,5,4.1,213.36,2029,1,January,21.336,149.35199999999998,64.00800000000004
12582,2029-01-25,1684,Electronics,South,4,48.97,0.21,Wallet,3,3.1,195.88,2029,1,January,34.278999999999996,137.11599999999999,58.76400000000001
12583,2029-01-26,1903,Electronics,East,1,515.9,0.1,COD,2,2.6,515.9,2029,1,January,361.12999999999994,361.12999999999994,154.77000000000004
12584,2029-01-27,1732,Beauty,East,4,576.95,0.15,COD,7,4.1,2307.8,2029,1,January,403.865,1615.46,692.3400000000001
12585,2029-01-28,1630,Home,South,2,417.72,0.17,Card,10,3.3,835.44,2029,1,January,292.404,584.808,250.63200000000006
12586,2029-01-29,1308,Home,South,1,228.16,0.02,Wallet,11,3.5,228.16,2029,1,January,159.712,159.712,68.44800000000001
12587,2029-01-30,1694,Electronics,West,5,564.08,0.17,Card,7,1.2,2820.4,2029,1,January,394.856,1974.28,846.1200000000001
12588,2029-01-31,1287,Electronics,South,3,402.74,0.15,COD,8,3.3,1208.22,2029,1,January,281.918,845.754,362.466
12589,2029-02-01,1306,Home,South,4,508.94,0.25,Card,1,2.2,2035.76,2029,2,February,356.258,1425.032,610.7280000000001
12590,2029-02-02,1811,Clothing,West,6,463.02,0.23,COD,2,3.0,2778.12,2029,2,February,324.114,1944.6839999999997,833.4360000000001
12591,2029-02-03,1593,Electronics,South,2,236.8,0.06,Card,2,1.9,473.6,2029,2,February,165.76,331.52,142.08000000000004
12592,2029-02-04,1965,Clothing,East,1,295.04,0.07,Card,3,3.5,295.04,2029,2,February,206.528,206.528,88.51200000000003
12593,2029-02-05,1913,Electronics,South,7,123.89,0.09,Wallet,7,1.6,867.23,2029,2,February,86.723,607.061,260.169
12594,2029-02-06,1722,Electronics,North,7,185.83,0.06,Card,7,1.5,1300.8100000000002,2029,2,February,130.081,910.5669999999999,390.2430000000003
12595,2029-02-07,1661,Clothing,East,7,470.2,0.23,Card,7,1.8,3291.4,2029,2,February,329.14,2303.98,987.4200000000001
12596,2029-02-08,1548,Electronics,West,1,537.98,0.35,COD,1,4.3,537.98,2029,2,February,376.586,376.586,161.394
12597,2029-02-09,1351,Beauty,East,5,438.81,0.23,COD,2,1.1,2194.05,2029,2,February,307.167,1535.8349999999998,658.2150000000004
12598,2029-02-10,1311,Electronics,West,4,287.13,0.21,Card,8,3.9,1148.52,2029,2,February,200.99099999999999,803.9639999999999,344.55600000000004
12599,2029-02-11,1872,Electronics,North,6,65.61,0.14,Card,9,1.2,393.65999999999997,2029,2,February,45.927,275.562,118.09799999999996
12600,2029-02-12,1058,Electronics,North,7,48.31,0.11,Wallet,10,3.4,338.17,2029,2,February,33.817,236.719,101.45100000000002
12601,2029-02-13,1642,Home,East,1,233.98,0.32,COD,7,4.1,233.98,2029,2,February,163.78599999999997,163.78599999999997,70.19400000000002
12602,2029-02-14,1923,Clothing,South,7,286.34,0.34,Card,1,1.9,2004.3799999999999,2029,2,February,200.43799999999996,1403.0659999999998,601.3140000000001
12603,2029-02-15,1713,Clothing,East,5,371.34,0.17,Wallet,4,1.8,1856.6999999999998,2029,2,February,259.938,1299.69,557.0099999999998
12604,2029-02-16,1754,Electronics,East,2,18.8,0.1,COD,10,2.2,37.6,2029,2,February,13.16,26.32,11.280000000000001
12605,2029-02-17,1034,Electronics,North,7,593.99,0.27,Card,8,3.8,4157.93,2029,2,February,415.793,2910.551,1247.3790000000004
12606,2029-02-18,1444,Clothing,West,5,227.9,0.05,Card,5,2.0,1139.5,2029,2,February,159.53,797.65,341.85
12607,2029-02-19,1092,Home,East,4,511.14,0.27,Card,1,3.0,2044.56,2029,2,February,357.79799999999994,1431.1919999999998,613.3680000000002
12608,2029-02-20,1949,Beauty,South,7,327.96,0.29,Wallet,7,1.5,2295.72,2029,2,February,229.57199999999997,1607.004,688.7159999999999
12609,2029-02-21,1958,Electronics,North,5,91.31,0.04,Card,6,2.8,456.55,2029,2,February,63.916999999999994,319.585,136.96500000000003
12610,2029-02-22,1206,Clothing,East,1,481.58,0.34,Card,9,3.5,481.58,2029,2,February,337.106,337.106,144.474
12611,2029-02-23,1352,Beauty,East,1,430.25,0.34,Wallet,4,1.3,430.25,2029,2,February,301.17499999999995,301.17499999999995,129.07500000000005
12612,2029-02-24,1902,Clothing,South,3,323.55,0.33,Card,4,4.3,970.6500000000001,2029,2,February,226.48499999999999,679.4549999999999,291.19500000000016
12613,2029-02-25,1331,Home,East,5,316.01,0.17,COD,8,4.7,1580.05,2029,2,February,221.207,1106.0349999999999,474.0150000000001
12614,2029-02-26,1816,Electronics,East,2,66.18,0.09,Card,4,1.8,132.36,2029,2,February,46.326,92.652,39.70800000000001
12615,2029-02-27,1861,Beauty,East,7,398.67,0.2,COD,3,4.0,2790.69,2029,2,February,279.069,1953.4830000000002,837.2069999999999
12616,2029-02-28,1724,Home,East,6,548.08,0.15,Card,7,2.3,3288.4800000000005,2029,2,February,383.656,2301.936,986.5440000000003
12617,2029-03-01,1158,Beauty,South,6,69.55,0.07,Card,5,3.7,417.29999999999995,2029,3,March,48.684999999999995,292.10999999999996,125.19
12618,2029-03-02,1953,Home,East,4,169.15,0.15,COD,9,2.2,676.6,2029,3,March,118.405,473.62,202.98000000000002
12619,2029-03-03,1956,Clothing,East,3,542.85,0.23,COD,5,4.4,1628.5500000000002,2029,3,March,379.995,1139.9850000000001,488.56500000000005
12620,2029-03-04,1023,Beauty,East,5,181.34,0.02,COD,9,2.4,906.7,2029,3,March,126.93799999999999,634.6899999999999,272.0100000000001
12621,2029-03-05,1403,Electronics,North,2,397.56,0.12,COD,6,4.4,795.12,2029,3,March,278.292,556.584,238.53600000000006
12622,2029-03-06,1804,Electronics,South,3,327.87,0.01,COD,6,4.1,983.61,2029,3,March,229.509,688.5269999999999,295.0830000000001
12623,2029-03-07,1515,Home,North,1,363.85,0.26,COD,11,1.8,363.85,2029,3,March,254.695,254.695,109.15500000000003
12624,2029-03-08,1731,Home,North,4,258.24,0.22,COD,6,1.6,1032.96,2029,3,March,180.768,723.072,309.88800000000003
12625,2029-03-09,1363,Beauty,South,7,190.5,0.02,COD,7,4.1,1333.5,2029,3,March,133.35,933.4499999999999,400.05000000000007
12626,2029-03-10,1381,Electronics,North,7,43.39,0.34,COD,11,2.6,303.73,2029,3,March,30.372999999999998,212.611,91.11900000000003
12627,2029-03-11,1531,Home,North,7,450.4,0.01,COD,4,4.8,3152.7999999999997,2029,3,March,315.28,2206.96,945.8399999999997
12628,2029-03-12,1955,Home,North,5,451.46,0.21,Card,4,4.8,2257.2999999999997,2029,3,March,316.022,1580.11,677.1899999999998
12629,2029-03-13,1151,Electronics,South,6,407.37,0.27,Card,9,3.8,2444.2200000000003,2029,3,March,285.159,1710.954,733.2660000000003
12630,2029-03-14,1561,Clothing,East,2,391.53,0.28,Card,7,3.0,783.06,2029,3,March,274.07099999999997,548.1419999999999,234.918
12631,2029-03-15,1688,Electronics,West,7,157.57,0.01,Wallet,11,1.8,1102.99,2029,3,March,110.29899999999999,772.093,330.89700000000005
12632,2029-03-16,1946,Electronics,West,7,28.07,0.32,COD,10,4.5,196.49,2029,3,March,19.648999999999997,137.54299999999998,58.94700000000003
12633,2029-03-17,1607,Beauty,South,1,488.1,0.32,COD,6,1.3,488.1,2029,3,March,341.67,341.67,146.43
12634,2029-03-18,1616,Clothing,West,3,302.32,0.2,Card,1,2.5,906.96,2029,3,March,211.624,634.872,272.0880000000001
12635,2029-03-19,1419,Home,South,7,194.5,0.17,Card,7,2.3,1361.5,2029,3,March,136.14999999999998,953.0499999999998,408.45000000000016
12636,2029-03-20,1249,Beauty,South,4,74.63,0.02,Wallet,6,4.8,298.52,2029,3,March,52.24099999999999,208.96399999999997,89.55600000000001
12637,2029-03-21,1116,Clothing,West,3,51.69,0.2,Wallet,4,1.5,155.07,2029,3,March,36.18299999999999,108.54899999999998,46.521000000000015
12638,2029-03-22,1865,Home,North,6,219.09,0.14,Card,8,4.6,1314.54,2029,3,March,153.363,920.178,394.36199999999997
12639,2029-03-23,1511,Clothing,East,3,485.77,0.27,COD,7,2.8,1457.31,2029,3,March,340.039,1020.117,437.193
12640,2029-03-24,1739,Beauty,West,2,552.45,0.14,Card,8,1.2,1104.9,2029,3,March,386.71500000000003,773.4300000000001,331.47
12641,2029-03-25,1577,Electronics,West,1,539.6,0.24,Card,9,3.9,539.6,2029,3,March,377.71999999999997,377.71999999999997,161.88000000000005
12642,2029-03-26,1334,Beauty,West,5,553.2,0.04,COD,1,1.4,2766.0,2029,3,March,387.24,1936.2,829.8
12643,2029-03-27,1417,Electronics,West,2,546.02,0.05,COD,3,1.9,1092.04,2029,3,March,382.21399999999994,764.4279999999999,327.6120000000001
12644,2029-03-28,1931,Electronics,South,6,323.43,0.05,COD,2,4.2,1940.58,2029,3,March,226.40099999999998,1358.406,582.174
12645,2029-03-29,1773,Home,South,4,143.36,0.02,Card,3,1.6,573.44,2029,3,March,100.352,401.408,172.03200000000004
12646,2029-03-30,1294,Clothing,East,6,481.86,0.19,Card,11,2.3,2891.16,2029,3,March,337.30199999999996,2023.812,867.348
12647,2029-03-31,1937,Clothing,East,6,140.02,0.28,Card,11,2.4,840.1200000000001,2029,3,March,98.014,588.084,252.03600000000017
12648,2029-04-01,1754,Clothing,West,3,171.32,0.21,Card,2,3.4,513.96,2029,4,April,119.92399999999999,359.772,154.18800000000005
12649,2029-04-02,1370,Home,West,4,151.45,0.2,COD,11,4.2,605.8,2029,4,April,106.01499999999999,424.05999999999995,181.74
12650,2029-04-03,1185,Electronics,West,2,316.26,0.24,Card,6,1.9,632.52,2029,4,April,221.38199999999998,442.76399999999995,189.75600000000003
12651,2029-04-04,1245,Electronics,East,6,203.27,0.12,Card,9,1.8,1219.6200000000001,2029,4,April,142.289,853.7339999999999,365.8860000000002
12652,2029-04-05,1636,Electronics,West,2,105.18,0.13,Card,2,1.9,210.36,2029,4,April,73.626,147.252,63.108000000000004
12653,2029-04-06,1267,Clothing,North,7,280.11,0.11,COD,4,2.5,1960.77,2029,4,April,196.077,1372.539,588.231
12654,2029-04-07,1642,Electronics,East,7,526.24,0.25,COD,5,3.1,3683.6800000000003,2029,4,April,368.368,2578.576,1105.1040000000003
12655,2029-04-08,1236,Clothing,North,7,348.77,0.06,COD,5,1.1,2441.39,2029,4,April,244.13899999999998,1708.973,732.4169999999999
12656,2029-04-09,1529,Clothing,West,5,528.83,0.0,Card,1,4.1,2644.15,2029,4,April,370.181,1850.905,793.2450000000001
12657,2029-04-10,1551,Electronics,South,3,129.59,0.21,Card,6,4.7,388.77,2029,4,April,90.713,272.139,116.63099999999997
12658,2029-04-11,1020,Clothing,North,2,112.68,0.33,Card,5,4.4,225.36,2029,4,April,78.876,157.752,67.608
12659,2029-04-12,1910,Beauty,East,7,351.71,0.21,Card,6,1.1,2461.97,2029,4,April,246.19699999999997,1723.379,738.5909999999999
12660,2029-04-13,1736,Electronics,North,7,286.05,0.27,Card,4,3.1,2002.3500000000001,2029,4,April,200.23499999999999,1401.645,600.7050000000002
12661,2029-04-14,1866,Clothing,East,4,401.2,0.24,Card,11,4.3,1604.8,2029,4,April,280.84,1123.36,481.44000000000005
12662,2029-04-15,1793,Home,West,6,479.86,0.17,COD,6,2.4,2879.16,2029,4,April,335.902,2015.4119999999998,863.748
12663,2029-04-16,1519,Clothing,North,7,454.51,0.25,Wallet,9,4.6,3181.5699999999997,2029,4,April,318.157,2227.0989999999997,954.471
12664,2029-04-17,1099,Home,South,5,566.22,0.29,Card,1,4.5,2831.1000000000004,2029,4,April,396.354,1981.77,849.3300000000004
12665,2029-04-18,1751,Clothing,North,4,247.98,0.08,Wallet,6,1.6,991.92,2029,4,April,173.58599999999998,694.3439999999999,297.576
12666,2029-04-19,1477,Clothing,South,3,135.74,0.12,Card,1,3.0,407.22,2029,4,April,95.018,285.054,122.16600000000005
12667,2029-04-20,1598,Electronics,East,5,337.28,0.08,COD,7,1.1,1686.3999999999999,2029,4,April,236.09599999999998,1180.4799999999998,505.9200000000001
12668,2029-04-21,1297,Home,West,5,79.78,0.16,COD,4,2.1,398.9,2029,4,April,55.846,279.22999999999996,119.67000000000002
12669,2029-04-22,1939,Home,West,5,183.98,0.31,Wallet,6,4.2,919.9,2029,4,April,128.78599999999997,643.9299999999998,275.97000000000014
12670,2029-04-23,1525,Electronics,South,6,136.61,0.12,Card,7,4.9,819.6600000000001,2029,4,April,95.62700000000001,573.7620000000001,245.89800000000002
12671,2029-04-24,1333,Clothing,East,7,246.99,0.13,Card,11,4.7,1728.93,2029,4,April,172.893,1210.251,518.6790000000001
12672,2029-04-25,1001,Beauty,West,1,80.06,0.3,Card,5,1.2,80.06,2029,4,April,56.041999999999994,56.041999999999994,24.018000000000008
12673,2029-04-26,1374,Clothing,East,5,33.63,0.18,Card,9,4.7,168.15,2029,4,April,23.541,117.705,50.44500000000001
12674,2029-04-27,1292,Clothing,South,4,399.22,0.19,Wallet,8,4.3,1596.88,2029,4,April,279.454,1117.816,479.0640000000001
12675,2029-04-28,1836,Beauty,South,4,372.0,0.3,COD,3,4.5,1488.0,2029,4,April,260.4,1041.6,446.4000000000001
12676,2029-04-29,1933,Home,North,3,429.39,0.17,COD,1,4.7,1288.17,2029,4,April,300.573,901.7189999999999,386.45100000000014
12677,2029-04-30,1552,Clothing,West,2,401.33,0.24,COD,11,3.0,802.66,2029,4,April,280.931,561.862,240.798
12678,2029-05-01,1317,Home,West,2,81.86,0.03,Wallet,10,1.8,163.72,2029,5,May,57.30199999999999,114.60399999999998,49.116000000000014
12679,2029-05-02,1501,Beauty,North,1,185.28,0.06,Card,8,1.1,185.28,2029,5,May,129.696,129.696,55.584
12680,2029-05-03,1827,Clothing,South,6,90.77,0.14,Card,4,1.1,544.62,2029,5,May,63.538999999999994,381.234,163.38600000000002
12681,2029-05-04,1380,Clothing,South,7,508.14,0.17,Wallet,7,3.6,3556.98,2029,5,May,355.698,2489.886,1067.094
12682,2029-05-05,1622,Clothing,South,6,451.94,0.34,Card,4,2.3,2711.64,2029,5,May,316.358,1898.1480000000001,813.4919999999997
12683,2029-05-06,1013,Beauty,South,7,132.89,0.34,Card,7,3.0,930.2299999999999,2029,5,May,93.02299999999998,651.1609999999998,279.0690000000001
12684,2029-05-07,1503,Home,East,5,214.67,0.3,Card,1,1.5,1073.35,2029,5,May,150.26899999999998,751.3449999999999,322.005
12685,2029-05-08,1230,Electronics,West,7,580.47,0.11,COD,1,4.9,4063.29,2029,5,May,406.329,2844.303,1218.987
12686,2029-05-09,1984,Beauty,West,1,362.58,0.34,COD,2,1.5,362.58,2029,5,May,253.80599999999998,253.80599999999998,108.774
12687,2029-05-10,1083,Clothing,South,3,483.68,0.24,Card,5,2.8,1451.04,2029,5,May,338.57599999999996,1015.7279999999998,435.3120000000001
12688,2029-05-11,1129,Electronics,South,3,169.79,0.14,COD,11,2.8,509.37,2029,5,May,118.85299999999998,356.55899999999997,152.81100000000004
12689,2029-05-12,1742,Clothing,South,2,137.88,0.25,COD,10,1.0,275.76,2029,5,May,96.51599999999999,193.03199999999998,82.72800000000001
12690,2029-05-13,1837,Clothing,West,3,473.59,0.01,Wallet,6,3.7,1420.77,2029,5,May,331.513,994.539,426.231
12691,2029-05-14,1144,Beauty,West,5,416.24,0.05,COD,2,3.2,2081.2,2029,5,May,291.368,1456.84,624.3599999999999
12692,2029-05-15,1890,Electronics,South,4,413.37,0.29,COD,1,3.0,1653.48,2029,5,May,289.359,1157.436,496.0440000000001
12693,2029-05-16,1856,Home,East,3,338.29,0.23,COD,9,4.3,1014.8700000000001,2029,5,May,236.803,710.409,304.4610000000001
12694,2029-05-17,1027,Clothing,North,1,344.69,0.13,Card,7,2.0,344.69,2029,5,May,241.283,241.283,103.40700000000001
12695,2029-05-18,1065,Electronics,North,5,445.38,0.18,Card,8,4.4,2226.9,2029,5,May,311.76599999999996,1558.83,668.0700000000002
12696,2029-05-19,1162,Beauty,North,3,172.95,0.32,COD,6,4.5,518.8499999999999,2029,5,May,121.06499999999998,363.19499999999994,155.65499999999997
12697,2029-05-20,1228,Clothing,West,6,221.37,0.22,Card,9,4.3,1328.22,2029,5,May,154.959,929.754,398.466
12698,2029-05-21,1260,Electronics,West,7,524.91,0.14,Card,8,2.4,3674.37,2029,5,May,367.43699999999995,2572.0589999999997,1102.3110000000001
12699,2029-05-22,1448,Clothing,North,3,195.69,0.04,COD,4,1.7,587.0699999999999,2029,5,May,136.98299999999998,410.94899999999996,176.12099999999998
12700,2029-05-23,1423,Beauty,North,6,334.59,0.1,Card,5,2.9,2007.54,2029,5,May,234.21299999999997,1405.2779999999998,602.2620000000002
12701,2029-05-24,1459,Electronics,East,5,426.04,0.34,Card,2,2.0,2130.2000000000003,2029,5,May,298.228,1491.14,639.0600000000002
12702,2029-05-25,1951,Electronics,West,3,599.96,0.15,COD,1,1.2,1799.88,2029,5,May,419.972,1259.916,539.9640000000002
12703,2029-05-26,1675,Electronics,West,6,269.65,0.17,COD,6,2.1,1617.8999999999999,2029,5,May,188.75499999999997,1132.5299999999997,485.3700000000001
12704,2029-05-27,1300,Electronics,North,4,265.43,0.17,Wallet,3,2.9,1061.72,2029,5,May,185.801,743.204,318.5160000000001
12705,2029-05-28,1918,Home,East,2,507.91,0.31,COD,11,1.5,1015.82,2029,5,May,355.537,711.074,304.7460000000001
12706,2029-05-29,1302,Clothing,East,5,486.22,0.21,COD,4,4.8,2431.1000000000004,2029,5,May,340.354,1701.77,729.3300000000004
12707,2029-05-30,1286,Electronics,North,6,442.68,0.24,Card,1,3.6,2656.08,2029,5,May,309.876,1859.2559999999999,796.8240000000001
12708,2029-05-31,1394,Electronics,North,1,285.99,0.14,Card,6,1.5,285.99,2029,5,May,200.19299999999998,200.19299999999998,85.79700000000003
12709,2029-06-01,1009,Electronics,West,3,204.5,0.01,Card,8,4.2,613.5,2029,6,June,143.14999999999998,429.44999999999993,184.05000000000007
12710,2029-06-02,1706,Beauty,North,6,371.11,0.33,COD,10,4.7,2226.66,2029,6,June,259.777,1558.6619999999998,667.998
12711,2029-06-03,1629,Electronics,South,7,527.59,0.33,COD,4,2.1,3693.13,2029,6,June,369.313,2585.191,1107.9390000000003
12712,2029-06-04,1269,Beauty,East,6,532.01,0.33,COD,10,1.6,3192.06,2029,6,June,372.407,2234.442,957.6179999999999
12713,2029-06-05,1591,Clothing,North,6,78.47,0.33,COD,8,2.3,470.82,2029,6,June,54.928999999999995,329.57399999999996,141.24600000000004
12714,2029-06-06,1969,Electronics,South,7,265.58,0.29,Card,11,4.3,1859.06,2029,6,June,185.90599999999998,1301.3419999999999,557.7180000000001
12715,2029-06-07,1604,Beauty,East,2,286.86,0.24,COD,10,1.7,573.72,2029,6,June,200.802,401.604,172.11600000000004
12716,2029-06-08,1777,Clothing,South,7,586.9,0.3,Card,3,4.1,4108.3,2029,6,June,410.83,2875.81,1232.4900000000002
12717,2029-06-09,1843,Home,South,7,411.63,0.21,Card,11,3.9,2881.41,2029,6,June,288.14099999999996,2016.9869999999996,864.4230000000002
12718,2029-06-10,1861,Beauty,North,1,253.24,0.05,COD,7,3.6,253.24,2029,6,June,177.268,177.268,75.97200000000001
12719,2029-06-11,1360,Electronics,East,7,30.24,0.14,Wallet,3,2.7,211.67999999999998,2029,6,June,21.168,148.176,63.50399999999999
12720,2029-06-12,1256,Electronics,South,1,345.75,0.34,Wallet,6,2.5,345.75,2029,6,June,242.02499999999998,242.02499999999998,103.72500000000002
12721,2029-06-13,1132,Home,West,4,71.2,0.12,Wallet,4,1.3,284.8,2029,6,June,49.839999999999996,199.35999999999999,85.44000000000003
12722,2029-06-14,1275,Electronics,East,7,503.15,0.3,Card,6,2.4,3522.0499999999997,2029,6,June,352.205,2465.435,1056.6149999999998
12723,2029-06-15,1775,Electronics,West,2,455.22,0.03,Card,7,3.4,910.44,2029,6,June,318.654,637.308,273.13200000000006
12724,2029-06-16,1682,Electronics,North,7,284.4,0.12,Card,8,4.6,1990.7999999999997,2029,6,June,199.07999999999998,1393.56,597.2399999999998
12725,2029-06-17,1971,Electronics,West,6,266.09,0.12,Card,6,4.3,1596.54,2029,6,June,186.26299999999998,1117.578,478.962
12726,2029-06-18,1512,Home,East,5,539.94,0.02,Card,4,1.1,2699.7000000000003,2029,6,June,377.958,1889.7900000000002,809.9100000000001
12727,2029-06-19,1312,Electronics,South,2,183.75,0.04,COD,9,1.6,367.5,2029,6,June,128.625,257.25,110.25
12728,2029-06-20,1575,Clothing,South,7,160.68,0.07,COD,7,4.4,1124.76,2029,6,June,112.476,787.332,337.428
12729,2029-06-21,1885,Clothing,East,2,564.43,0.29,Wallet,9,4.8,1128.86,2029,6,June,395.10099999999994,790.2019999999999,338.658
12730,2029-06-22,1979,Clothing,South,1,488.41,0.02,Wallet,3,1.2,488.41,2029,6,June,341.887,341.887,146.52300000000002
12731,2029-06-23,1283,Electronics,West,4,495.07,0.1,Card,5,3.8,1980.28,2029,6,June,346.549,1386.196,594.0840000000001
12732,2029-06-24,1120,Home,South,4,129.19,0.0,Wallet,1,2.5,516.76,2029,6,June,90.43299999999999,361.73199999999997,155.02800000000002
12733,2029-06-25,1106,Electronics,South,2,98.83,0.24,COD,11,2.5,197.66,2029,6,June,69.181,138.362,59.298
12734,2029-06-26,1932,Home,West,2,30.23,0.22,COD,8,3.6,60.46,2029,6,June,21.160999999999998,42.321999999999996,18.138000000000005
12735,2029-06-27,1686,Beauty,West,7,153.67,0.23,COD,1,4.2,1075.6899999999998,2029,6,June,107.56899999999999,752.983,322.7069999999999
12736,2029-06-28,1996,Clothing,West,3,467.9,0.13,Card,1,2.1,1403.6999999999998,2029,6,June,327.53,982.5899999999999,421.1099999999999
12737,2029-06-29,1203,Clothing,North,6,155.42,0.07,Wallet,7,3.8,932.52,2029,6,June,108.79399999999998,652.7639999999999,279.7560000000001
12738,2029-06-30,1164,Clothing,West,1,441.53,0.25,COD,11,3.5,441.53,2029,6,June,309.07099999999997,309.07099999999997,132.459
12739,2029-07-01,1304,Clothing,West,6,162.37,0.28,Wallet,8,3.1,974.22,2029,7,July,113.65899999999999,681.954,292.2660000000001
12740,2029-07-02,1496,Beauty,North,5,246.25,0.05,Wallet,3,3.4,1231.25,2029,7,July,172.375,861.875,369.375
12741,2029-07-03,1631,Beauty,South,5,590.15,0.17,COD,2,1.1,2950.75,2029,7,July,413.10499999999996,2065.5249999999996,885.2250000000004
12742,2029-07-04,1555,Electronics,West,4,158.21,0.09,Card,7,1.0,632.84,2029,7,July,110.747,442.988,189.85200000000003
12743,2029-07-05,1823,Clothing,East,1,235.18,0.06,Card,10,3.2,235.18,2029,7,July,164.626,164.626,70.554
12744,2029-07-06,1155,Beauty,West,6,191.14,0.26,Card,5,3.1,1146.84,2029,7,July,133.79799999999997,802.7879999999998,344.05200000000013
12745,2029-07-07,1366,Beauty,West,4,79.13,0.19,Card,1,1.3,316.52,2029,7,July,55.39099999999999,221.56399999999996,94.95600000000002
12746,2029-07-08,1718,Clothing,North,5,301.59,0.08,Wallet,2,3.0,1507.9499999999998,2029,7,July,211.11299999999997,1055.5649999999998,452.385
12747,2029-07-09,1901,Clothing,East,2,236.53,0.11,Card,3,4.0,473.06,2029,7,July,165.571,331.142,141.918
12748,2029-07-10,1619,Electronics,South,1,421.51,0.34,Wallet,6,3.2,421.51,2029,7,July,295.05699999999996,295.05699999999996,126.45300000000003
12749,2029-07-11,1250,Beauty,South,1,493.29,0.3,COD,1,3.1,493.29,2029,7,July,345.303,345.303,147.98700000000002
12750,2029-07-12,1956,Electronics,East,6,333.39,0.31,Card,8,3.9,2000.34,2029,7,July,233.37299999999996,1400.2379999999998,600.1020000000001
12751,2029-07-13,1915,Clothing,West,7,33.83,0.16,COD,2,1.7,236.81,2029,7,July,23.680999999999997,165.767,71.043
12752,2029-07-14,1881,Electronics,North,3,377.07,0.22,COD,5,2.8,1131.21,2029,7,July,263.94899999999996,791.8469999999999,339.36300000000017
12753,2029-07-15,1333,Electronics,East,6,47.4,0.13,COD,8,1.6,284.4,2029,7,July,33.18,199.07999999999998,85.32
12754,2029-07-16,1641,Clothing,East,2,375.57,0.03,COD,5,3.1,751.14,2029,7,July,262.899,525.798,225.34199999999998
12755,2029-07-17,1968,Beauty,South,7,415.74,0.14,Card,8,3.4,2910.1800000000003,2029,7,July,291.018,2037.1259999999997,873.0540000000005
12756,2029-07-18,1510,Electronics,North,7,130.69,0.21,COD,6,1.5,914.8299999999999,2029,7,July,91.48299999999999,640.381,274.44899999999996
12757,2029-07-19,1292,Clothing,East,7,494.32,0.1,COD,7,1.3,3460.24,2029,7,July,346.024,2422.168,1038.0719999999997
12758,2029-07-20,1019,Electronics,North,2,547.98,0.3,COD,8,1.7,1095.96,2029,7,July,383.586,767.172,328.788
12759,2029-07-21,1281,Electronics,West,4,490.66,0.05,Wallet,3,3.3,1962.64,2029,7,July,343.462,1373.848,588.7920000000001
12760,2029-07-22,1796,Clothing,South,1,193.49,0.13,Card,5,1.8,193.49,2029,7,July,135.44299999999998,135.44299999999998,58.047000000000025
12761,2029-07-23,1000,Clothing,West,4,358.19,0.04,Card,10,2.1,1432.76,2029,7,July,250.73299999999998,1002.9319999999999,429.8280000000001
12762,2029-07-24,1118,Electronics,North,2,550.17,0.14,COD,7,3.8,1100.34,2029,7,July,385.11899999999997,770.2379999999999,330.102
12763,2029-07-25,1034,Electronics,West,3,202.59,0.01,Wallet,9,2.0,607.77,2029,7,July,141.813,425.43899999999996,182.33100000000002
12764,2029-07-26,1197,Electronics,South,1,494.72,0.1,Card,6,2.6,494.72,2029,7,July,346.304,346.304,148.41600000000005
12765,2029-07-27,1484,Electronics,North,2,20.54,0.14,Card,10,4.7,41.08,2029,7,July,14.377999999999998,28.755999999999997,12.324000000000002
12766,2029-07-28,1756,Beauty,East,3,17.13,0.17,Card,1,4.3,51.39,2029,7,July,11.990999999999998,35.97299999999999,15.417000000000009
12767,2029-07-29,1058,Beauty,West,6,459.43,0.19,Card,11,2.0,2756.58,2029,7,July,321.601,1929.606,826.9739999999999
12768,2029-07-30,1836,Electronics,South,5,460.45,0.1,Card,8,3.4,2302.25,2029,7,July,322.315,1611.575,690.675
12769,2029-07-31,1160,Clothing,East,7,476.55,0.18,Card,6,3.7,3335.85,2029,7,July,333.585,2335.095,1000.7550000000001
12770,2029-08-01,1690,Beauty,South,2,559.07,0.18,COD,1,4.6,1118.14,2029,8,August,391.349,782.698,335.4420000000001
12771,2029-08-02,1205,Electronics,North,5,83.98,0.11,Card,4,3.2,419.90000000000003,2029,8,August,58.786,293.93,125.97000000000003
12772,2029-08-03,1011,Home,North,4,150.71,0.29,Card,6,3.2,602.84,2029,8,August,105.497,421.988,180.85200000000003
12773,2029-08-04,1489,Beauty,West,5,543.68,0.19,Card,10,4.6,2718.3999999999996,2029,8,August,380.57599999999996,1902.8799999999999,815.5199999999998
12774,2029-08-05,1275,Electronics,South,2,118.68,0.12,Wallet,1,1.2,237.36,2029,8,August,83.076,166.152,71.20800000000003
12775,2029-08-06,1692,Electronics,South,5,414.1,0.33,COD,10,3.5,2070.5,2029,8,August,289.87,1449.35,621.1500000000001
12776,2029-08-07,1241,Beauty,South,7,325.32,0.3,Wallet,5,2.7,2277.24,2029,8,August,227.724,1594.068,683.1719999999998
12777,2029-08-08,1215,Clothing,North,1,63.67,0.34,COD,3,4.6,63.67,2029,8,August,44.568999999999996,44.568999999999996,19.101000000000006
12778,2029-08-09,1250,Electronics,West,2,181.88,0.24,Card,7,4.8,363.76,2029,8,August,127.31599999999999,254.63199999999998,109.12800000000001
12779,2029-08-10,1810,Electronics,South,3,319.42,0.13,Card,8,1.7,958.26,2029,8,August,223.594,670.7819999999999,287.47800000000007
12780,2029-08-11,1125,Clothing,South,5,513.62,0.1,COD,3,2.1,2568.1,2029,8,August,359.534,1797.67,770.4299999999998
12781,2029-08-12,1993,Home,East,1,428.91,0.23,COD,10,2.1,428.91,2029,8,August,300.237,300.237,128.673
12782,2029-08-13,1216,Home,South,7,378.8,0.34,COD,3,1.4,2651.6,2029,8,August,265.15999999999997,1856.12,795.48
12783,2029-08-14,1305,Beauty,West,4,305.18,0.22,COD,11,2.9,1220.72,2029,8,August,213.626,854.504,366.216
12784,2029-08-15,1796,Electronics,East,4,189.73,0.31,COD,3,3.1,758.92,2029,8,August,132.81099999999998,531.2439999999999,227.67600000000004
12785,2029-08-16,1184,Clothing,East,7,84.76,0.12,Card,11,3.3,593.32,2029,8,August,59.332,415.324,177.99600000000004
12786,2029-08-17,1038,Clothing,East,5,254.31,0.14,Wallet,6,3.7,1271.55,2029,8,August,178.017,890.085,381.4649999999999
12787,2029-08-18,1222,Clothing,North,4,31.68,0.32,COD,6,1.3,126.72,2029,8,August,22.176,88.704,38.016000000000005
12788,2029-08-19,1183,Electronics,East,3,138.47,0.26,Card,3,3.5,415.40999999999997,2029,8,August,96.92899999999999,290.787,124.62299999999999
12789,2029-08-20,1494,Beauty,South,2,268.0,0.34,COD,6,4.7,536.0,2029,8,August,187.6,375.2,160.8
12790,2029-08-21,1426,Beauty,North,1,259.88,0.27,COD,9,2.8,259.88,2029,8,August,181.916,181.916,77.964
12791,2029-08-22,1177,Clothing,North,6,40.91,0.16,Card,11,1.4,245.45999999999998,2029,8,August,28.636999999999997,171.82199999999997,73.638
12792,2029-08-23,1918,Clothing,North,5,359.6,0.19,Card,8,1.3,1798.0,2029,8,August,251.72,1258.6,539.4000000000001
12793,2029-08-24,1427,Electronics,North,4,336.57,0.32,Card,11,2.1,1346.28,2029,8,August,235.599,942.396,403.884
12794,2029-08-25,1293,Clothing,North,2,60.69,0.19,Card,7,4.0,121.38,2029,8,August,42.483,84.966,36.414
12795,2029-08-26,1851,Home,North,6,566.75,0.09,Card,7,2.0,3400.5,2029,8,August,396.72499999999997,2380.35,1020.1500000000001
12796,2029-08-27,1150,Clothing,North,3,73.14,0.15,Card,8,4.3,219.42000000000002,2029,8,August,51.198,153.594,65.82600000000002
12797,2029-08-28,1383,Beauty,East,4,515.08,0.18,Card,7,4.3,2060.32,2029,8,August,360.556,1442.224,618.0960000000002
12798,2029-08-29,1637,Clothing,West,4,15.18,0.03,Card,3,2.8,60.72,2029,8,August,10.626,42.504,18.216
12799,2029-08-30,1812,Clothing,South,1,531.13,0.26,Wallet,8,2.2,531.13,2029,8,August,371.791,371.791,159.339
12800,2029-08-31,1307,Home,South,3,26.54,0.04,Card,8,3.4,79.62,2029,8,August,18.578,55.733999999999995,23.88600000000001
12801,2029-09-01,1335,Electronics,East,3,458.32,0.14,Card,1,4.2,1374.96,2029,9,September,320.82399999999996,962.4719999999999,412.48800000000017
12802,2029-09-02,1945,Clothing,East,5,226.59,0.28,Card,10,1.3,1132.95,2029,9,September,158.613,793.065,339.885
12803,2029-09-03,1745,Electronics,North,6,446.86,0.16,COD,5,4.8,2681.16,2029,9,September,312.80199999999996,1876.812,804.348
12804,2029-09-04,1891,Clothing,West,1,250.02,0.29,Card,5,3.6,250.02,2029,9,September,175.014,175.014,75.006
12805,2029-09-05,1374,Home,North,5,56.48,0.12,Card,1,2.6,282.4,2029,9,September,39.535999999999994,197.67999999999998,84.72
12806,2029-09-06,1007,Clothing,East,1,463.99,0.34,Card,6,3.0,463.99,2029,9,September,324.793,324.793,139.197
12807,2029-09-07,1340,Home,North,3,56.68,0.07,Wallet,6,2.5,170.04,2029,9,September,39.675999999999995,119.02799999999999,51.012
12808,2029-09-08,1128,Clothing,South,1,554.44,0.01,COD,4,2.7,554.44,2029,9,September,388.108,388.108,166.33200000000005
12809,2029-09-09,1775,Electronics,South,1,44.82,0.31,Card,6,3.4,44.82,2029,9,September,31.374,31.374,13.446000000000002
12810,2029-09-10,1668,Home,North,1,295.41,0.26,Card,6,1.2,295.41,2029,9,September,206.787,206.787,88.62300000000002
12811,2029-09-11,1351,Electronics,West,2,437.98,0.08,Card,1,1.7,875.96,2029,9,September,306.586,613.172,262.788
12812,2029-09-12,1357,Electronics,North,2,245.05,0.34,Card,5,1.9,490.1,2029,9,September,171.535,343.07,147.03000000000003
12813,2029-09-13,1516,Clothing,North,6,142.08,0.18,COD,2,2.6,852.48,2029,9,September,99.456,596.736,255.74400000000003
12814,2029-09-14,1494,Electronics,West,6,459.07,0.33,COD,7,2.5,2754.42,2029,9,September,321.349,1928.094,826.326
12815,2029-09-15,1085,Electronics,West,7,473.81,0.18,COD,9,3.9,3316.67,2029,9,September,331.667,2321.669,995.0010000000002
12816,2029-09-16,1174,Clothing,West,3,554.78,0.17,Card,9,2.0,1664.34,2029,9,September,388.34599999999995,1165.0379999999998,499.30200000000013
12817,2029-09-17,1801,Clothing,South,1,235.06,0.16,COD,11,1.2,235.06,2029,9,September,164.542,164.542,70.518
12818,2029-09-18,1192,Clothing,North,3,311.16,0.12,Card,9,1.2,933.48,2029,9,September,217.812,653.436,280.044
12819,2029-09-19,1310,Beauty,East,2,227.43,0.19,Card,11,1.0,454.86,2029,9,September,159.201,318.402,136.45800000000003
12820,2029-09-20,1118,Clothing,West,1,165.39,0.16,COD,7,1.2,165.39,2029,9,September,115.77299999999998,115.77299999999998,49.617000000000004
12821,2029-09-21,1217,Beauty,West,5,454.35,0.01,Card,7,4.4,2271.75,2029,9,September,318.045,1590.2250000000001,681.5249999999999
12822,2029-09-22,1426,Electronics,North,2,213.7,0.09,COD,1,3.8,427.4,2029,9,September,149.58999999999997,299.17999999999995,128.22000000000003
12823,2029-09-23,1969,Clothing,East,2,265.47,0.07,Wallet,11,5.0,530.94,2029,9,September,185.829,371.658,159.28200000000004
12824,2029-09-24,1413,Beauty,North,2,251.15,0.3,Card,11,1.1,502.3,2029,9,September,175.805,351.61,150.69
12825,2029-09-25,1113,Clothing,North,7,431.91,0.21,Wallet,6,4.4,3023.3700000000003,2029,9,September,302.337,2116.359,907.0110000000004
12826,2029-09-26,1977,Home,West,1,551.91,0.27,Card,5,3.8,551.91,2029,9,September,386.33699999999993,386.33699999999993,165.57300000000004
12827,2029-09-27,1144,Clothing,West,6,405.05,0.33,Card,8,3.6,2430.3,2029,9,September,283.53499999999997,1701.2099999999998,729.0900000000004
12828,2029-09-28,1537,Electronics,South,4,290.88,0.23,COD,8,2.4,1163.52,2029,9,September,203.61599999999999,814.4639999999999,349.05600000000004
12829,2029-09-29,1647,Clothing,East,5,470.83,0.34,COD,11,2.5,2354.15,2029,9,September,329.58099999999996,1647.9049999999997,706.2450000000003
12830,2029-09-30,1302,Clothing,East,5,389.97,0.11,Card,4,4.4,1949.8500000000001,2029,9,September,272.979,1364.895,584.9550000000002
12831,2029-10-01,1743,Beauty,West,3,50.46,0.07,COD,1,3.9,151.38,2029,10,October,35.321999999999996,105.96599999999998,45.414000000000016
12832,2029-10-02,1880,Electronics,West,1,70.96,0.14,Wallet,6,3.7,70.96,2029,10,October,49.67199999999999,49.67199999999999,21.288000000000004
12833,2029-10-03,1587,Beauty,West,6,37.18,0.16,Card,10,1.1,223.07999999999998,2029,10,October,26.026,156.156,66.92399999999998
12834,2029-10-04,1986,Beauty,East,2,282.24,0.31,Wallet,1,1.7,564.48,2029,10,October,197.56799999999998,395.13599999999997,169.34400000000005
12835,2029-10-05,1839,Electronics,South,4,498.12,0.2,COD,5,4.9,1992.48,2029,10,October,348.68399999999997,1394.7359999999999,597.7440000000001
12836,2029-10-06,1344,Electronics,East,1,198.15,0.1,Wallet,5,2.8,198.15,2029,10,October,138.70499999999998,138.70499999999998,59.44500000000002
12837,2029-10-07,1813,Beauty,West,1,239.73,0.26,Card,3,4.1,239.73,2029,10,October,167.81099999999998,167.81099999999998,71.91900000000001
12838,2029-10-08,1963,Beauty,West,7,547.04,0.18,COD,5,2.6,3829.2799999999997,2029,10,October,382.92799999999994,2680.4959999999996,1148.784
12839,2029-10-09,1800,Clothing,South,6,504.59,0.06,Card,6,4.1,3027.54,2029,10,October,353.21299999999997,2119.278,908.2620000000002
12840,2029-10-10,1000,Electronics,North,4,404.05,0.2,Wallet,5,1.5,1616.2,2029,10,October,282.835,1131.34,484.8600000000001
12841,2029-10-11,1146,Clothing,North,2,171.08,0.32,COD,1,1.2,342.16,2029,10,October,119.756,239.512,102.64800000000002
12842,2029-10-12,1286,Home,East,1,83.47,0.29,Card,7,2.9,83.47,2029,10,October,58.428999999999995,58.428999999999995,25.041000000000004
12843,2029-10-13,1975,Electronics,North,5,24.39,0.21,Card,3,3.4,121.95,2029,10,October,17.073,85.36500000000001,36.584999999999994
12844,2029-10-14,1653,Home,North,5,77.6,0.13,Wallet,7,2.3,388.0,2029,10,October,54.31999999999999,271.59999999999997,116.40000000000003
12845,2029-10-15,1052,Electronics,East,4,186.17,0.03,COD,5,3.9,744.68,2029,10,October,130.319,521.276,223.404
12846,2029-10-16,1303,Electronics,West,2,337.8,0.16,Card,3,3.0,675.6,2029,10,October,236.45999999999998,472.91999999999996,202.68000000000006
12847,2029-10-17,1068,Clothing,North,4,52.44,0.26,Card,11,4.7,209.76,2029,10,October,36.708,146.832,62.928
12848,2029-10-18,1360,Clothing,West,1,94.69,0.13,Wallet,6,1.3,94.69,2029,10,October,66.283,66.283,28.406999999999996
12849,2029-10-19,1601,Electronics,East,7,120.93,0.08,Card,1,1.3,846.51,2029,10,October,84.651,592.557,253.95299999999997
12850,2029-10-20,1957,Clothing,West,7,384.71,0.33,Card,6,4.6,2692.97,2029,10,October,269.29699999999997,1885.0789999999997,807.8910000000001
12851,2029-10-21,1219,Electronics,West,5,375.24,0.29,Wallet,4,3.7,1876.2,2029,10,October,262.668,1313.3400000000001,562.8599999999999
12852,2029-10-22,1961,Electronics,East,7,337.2,0.22,Card,4,3.7,2360.4,2029,10,October,236.03999999999996,1652.2799999999997,708.1200000000003
12853,2029-10-23,1703,Electronics,West,3,161.54,0.05,Card,5,1.1,484.62,2029,10,October,113.07799999999999,339.234,145.38600000000002
12854,2029-10-24,1965,Beauty,North,4,232.11,0.05,Card,9,4.8,928.44,2029,10,October,162.477,649.908,278.53200000000004
12855,2029-10-25,1574,Clothing,North,7,71.56,0.04,Wallet,1,4.1,500.92,2029,10,October,50.092,350.644,150.276
12856,2029-10-26,1584,Clothing,North,3,147.48,0.22,Card,3,4.1,442.43999999999994,2029,10,October,103.23599999999999,309.70799999999997,132.73199999999997
12857,2029-10-27,1160,Clothing,North,3,540.16,0.04,COD,11,4.6,1620.48,2029,10,October,378.11199999999997,1134.3359999999998,486.14400000000023
12858,2029-10-28,1680,Beauty,West,6,588.12,0.29,Wallet,4,3.3,3528.7200000000003,2029,10,October,411.68399999999997,2470.104,1058.6160000000004
12859,2029-10-29,1088,Electronics,North,5,393.88,0.35,Card,2,2.6,1969.4,2029,10,October,275.71599999999995,1378.5799999999997,590.8200000000004
12860,2029-10-30,1687,Home,West,4,551.34,0.13,Wallet,9,2.9,2205.36,2029,10,October,385.938,1543.752,661.6080000000002
12861,2029-10-31,1780,Home,South,3,391.0,0.16,Card,11,4.1,1173.0,2029,10,October,273.7,821.0999999999999,351.9000000000001
12862,2029-11-01,1584,Clothing,West,1,34.42,0.25,COD,7,4.1,34.42,2029,11,November,24.094,24.094,10.326
12863,2029-11-02,1756,Electronics,North,7,598.11,0.33,Card,1,3.4,4186.77,2029,11,November,418.67699999999996,2930.7389999999996,1256.0310000000009
12864,2029-11-03,1588,Home,South,6,72.89,0.31,COD,9,1.9,437.34000000000003,2029,11,November,51.022999999999996,306.138,131.20200000000006
12865,2029-11-04,1158,Electronics,East,2,414.35,0.02,Card,6,4.3,828.7,2029,11,November,290.045,580.09,248.61
12866,2029-11-05,1488,Clothing,West,7,162.91,0.06,Card,2,3.6,1140.37,2029,11,November,114.03699999999999,798.2589999999999,342.111
12867,2029-11-06,1970,Home,North,7,244.31,0.26,Wallet,1,1.9,1710.17,2029,11,November,171.017,1197.119,513.0510000000002
12868,2029-11-07,1323,Electronics,North,7,392.87,0.24,Card,6,2.9,2750.09,2029,11,November,275.00899999999996,1925.0629999999996,825.0270000000005
12869,2029-11-08,1609,Home,North,6,270.35,0.05,Wallet,7,5.0,1622.1000000000001,2029,11,November,189.245,1135.47,486.6300000000001
12870,2029-11-09,1380,Electronics,East,2,161.57,0.18,Card,10,2.3,323.14,2029,11,November,113.09899999999999,226.19799999999998,96.94200000000001
12871,2029-11-10,1101,Home,South,5,210.65,0.27,Card,6,1.5,1053.25,2029,11,November,147.45499999999998,737.2749999999999,315.97500000000014
12872,2029-11-11,1493,Clothing,South,4,214.81,0.08,Wallet,7,1.1,859.24,2029,11,November,150.367,601.468,257.77200000000005
12873,2029-11-12,1643,Electronics,North,4,576.2,0.3,Card,6,1.7,2304.8,2029,11,November,403.34000000000003,1613.3600000000001,691.44
12874,2029-11-13,1613,Electronics,West,2,482.19,0.02,Wallet,8,1.7,964.38,2029,11,November,337.53299999999996,675.0659999999999,289.3140000000001
12875,2029-11-14,1018,Beauty,North,7,283.25,0.27,COD,2,4.4,1982.75,2029,11,November,198.27499999999998,1387.9249999999997,594.8250000000003
12876,2029-11-15,1453,Electronics,North,1,131.9,0.22,Card,9,1.6,131.9,2029,11,November,92.33,92.33,39.57000000000001
12877,2029-11-16,1481,Electronics,West,2,489.44,0.11,COD,9,4.5,978.88,2029,11,November,342.608,685.216,293.664
12878,2029-11-17,1593,Electronics,North,2,106.95,0.25,Card,11,1.3,213.9,2029,11,November,74.865,149.73,64.17000000000002
12879,2029-11-18,1396,Clothing,East,4,138.12,0.27,Card,9,4.6,552.48,2029,11,November,96.684,386.736,165.74400000000003
12880,2029-11-19,1278,Clothing,North,3,229.12,0.33,COD,7,2.0,687.36,2029,11,November,160.384,481.15199999999993,206.20800000000008
12881,2029-11-20,1850,Electronics,East,1,530.0,0.13,Card,9,3.4,530.0,2029,11,November,371.0,371.0,159.0
12882,2029-11-21,1364,Electronics,North,4,92.1,0.24,Card,1,1.6,368.4,2029,11,November,64.47,257.88,110.51999999999998
12883,2029-11-22,1330,Electronics,South,6,86.51,0.21,Wallet,3,2.6,519.0600000000001,2029,11,November,60.557,363.342,155.71800000000007
12884,2029-11-23,1640,Electronics,West,2,303.98,0.18,Wallet,2,1.3,607.96,2029,11,November,212.786,425.572,182.38800000000003
12885,2029-11-24,1343,Clothing,South,3,176.7,0.31,COD,11,3.3,530.0999999999999,2029,11,November,123.68999999999998,371.06999999999994,159.02999999999997
12886,2029-11-25,1821,Home,North,1,347.71,0.0,COD,1,2.4,347.71,2029,11,November,243.39699999999996,243.39699999999996,104.31300000000002
12887,2029-11-26,1454,Electronics,North,5,279.21,0.1,COD,5,4.4,1396.05,2029,11,November,195.44699999999997,977.2349999999999,418.81500000000005
12888,2029-11-27,1600,Clothing,East,1,269.45,0.19,COD,1,1.7,269.45,2029,11,November,188.61499999999998,188.61499999999998,80.83500000000001
12889,2029-11-28,1724,Clothing,North,1,80.5,0.06,Card,3,2.1,80.5,2029,11,November,56.349999999999994,56.349999999999994,24.150000000000006
12890,2029-11-29,1654,Beauty,North,7,97.51,0.32,Wallet,6,1.7,682.57,2029,11,November,68.257,477.79900000000004,204.77100000000002
12891,2029-11-30,1064,Beauty,North,2,495.33,0.23,Card,6,3.3,990.66,2029,11,November,346.731,693.462,297.198
12892,2029-12-01,1075,Home,South,2,533.24,0.17,COD,3,1.4,1066.48,2029,12,December,373.268,746.536,319.9440000000001
12893,2029-12-02,1710,Electronics,East,5,152.29,0.29,Wallet,4,1.8,761.4499999999999,2029,12,December,106.603,533.015,228.43499999999995
12894,2029-12-03,1142,Electronics,South,5,81.37,0.16,COD,7,3.7,406.85,2029,12,December,56.958999999999996,284.79499999999996,122.05500000000006
12895,2029-12-04,1916,Electronics,East,5,46.25,0.2,Wallet,6,1.3,231.25,2029,12,December,32.375,161.875,69.375
12896,2029-12-05,1914,Electronics,South,4,370.85,0.0,Card,11,4.0,1483.4,2029,12,December,259.595,1038.38,445.02
12897,2029-12-06,1827,Clothing,North,4,433.48,0.13,Card,2,1.4,1733.92,2029,12,December,303.436,1213.744,520.1760000000002
12898,2029-12-07,1604,Home,South,2,233.09,0.05,Wallet,9,3.3,466.18,2029,12,December,163.16299999999998,326.32599999999996,139.85400000000004
12899,2029-12-08,1472,Beauty,South,2,412.61,0.24,Card,6,5.0,825.22,2029,12,December,288.827,577.654,247.56600000000003
12900,2029-12-09,1416,Home,East,5,432.08,0.17,COD,2,1.7,2160.4,2029,12,December,302.45599999999996,1512.2799999999997,648.1200000000003
12901,2029-12-10,1304,Clothing,East,4,562.18,0.11,Card,7,2.0,2248.72,2029,12,December,393.52599999999995,1574.1039999999998,674.616
12902,2029-12-11,1735,Home,South,3,52.95,0.16,COD,11,4.6,158.85000000000002,2029,12,December,37.065,111.195,47.65500000000003
12903,2029-12-12,1496,Electronics,East,4,127.49,0.07,COD,11,3.5,509.96,2029,12,December,89.243,356.972,152.988
12904,2029-12-13,1290,Electronics,East,2,55.09,0.32,Card,10,3.0,110.18,2029,12,December,38.563,77.126,33.054
12905,2029-12-14,1939,Home,East,4,522.78,0.02,COD,10,3.3,2091.12,2029,12,December,365.94599999999997,1463.7839999999999,627.336
12906,2029-12-15,1101,Electronics,West,2,478.66,0.3,COD,4,2.2,957.32,2029,12,December,335.062,670.124,287.196
12907,2029-12-16,1985,Clothing,East,5,351.17,0.18,Card,1,4.4,1755.8500000000001,2029,12,December,245.819,1229.095,526.7550000000001
12908,2029-12-17,1266,Electronics,West,7,63.94,0.22,COD,10,4.0,447.58,2029,12,December,44.757999999999996,313.306,134.274
12909,2029-12-18,1866,Home,West,5,174.89,0.11,COD,9,3.6,874.4499999999999,2029,12,December,122.42299999999999,612.1149999999999,262.33500000000004
12910,2029-12-19,1967,Home,East,5,189.17,0.34,Card,11,4.7,945.8499999999999,2029,12,December,132.41899999999998,662.0949999999999,283.755
12911,2029-12-20,1621,Electronics,South,3,343.03,0.1,COD,10,3.3,1029.09,2029,12,December,240.12099999999995,720.3629999999998,308.7270000000001
12912,2029-12-21,1973,Home,East,7,165.96,0.21,Card,8,3.0,1161.72,2029,12,December,116.172,813.204,348.5160000000001
12913,2029-12-22,1841,Electronics,North,3,57.68,0.35,Card,5,4.9,173.04,2029,12,December,40.376,121.12799999999999,51.912000000000006
12914,2029-12-23,1961,Clothing,South,2,442.5,0.31,COD,3,1.8,885.0,2029,12,December,309.75,619.5,265.5
12915,2029-12-24,1941,Home,West,1,189.96,0.19,COD,4,1.6,189.96,2029,12,December,132.972,132.972,56.988
12916,2029-12-25,1776,Home,West,6,279.64,0.35,Wallet,3,1.6,1677.84,2029,12,December,195.748,1174.4879999999998,503.3520000000001
12917,2029-12-26,1002,Beauty,South,3,89.68,0.25,Card,10,5.0,269.04,2029,12,December,62.776,188.328,80.71200000000002
12918,2029-12-27,1084,Electronics,South,2,484.49,0.07,Card,8,3.6,968.98,2029,12,December,339.143,678.286,290.6940000000001
12919,2029-12-28,1793,Home,East,7,345.84,0.14,Card,5,2.2,2420.8799999999997,2029,12,December,242.08799999999997,1694.6159999999998,726.2639999999999
12920,2029-12-29,1327,Clothing,West,4,542.43,0.12,COD,11,2.0,2169.72,2029,12,December,379.70099999999996,1518.8039999999999,650.9159999999999
12921,2029-12-30,1815,Beauty,North,7,304.85,0.12,Card,8,1.2,2133.9500000000003,2029,12,December,213.395,1493.765,640.1850000000002
12922,2029-12-31,1449,Electronics,East,5,565.73,0.27,COD,1,1.5,2828.65,2029,12,December,396.01099999999997,1980.0549999999998,848.5950000000003
12923,2030-01-01,1453,Home,South,5,536.74,0.2,Card,9,4.6,2683.7,2030,1,January,375.71799999999996,1878.5899999999997,805.1100000000001
12924,2030-01-02,1923,Clothing,West,5,352.23,0.01,Wallet,11,4.0,1761.15,2030,1,January,246.561,1232.805,528.345
12925,2030-01-03,1628,Electronics,South,2,561.33,0.31,COD,10,4.8,1122.66,2030,1,January,392.931,785.862,336.7980000000001
12926,2030-01-04,1220,Clothing,South,5,204.01,0.1,Wallet,3,2.7,1020.05,2030,1,January,142.807,714.035,306.015
12927,2030-01-05,1153,Electronics,South,3,228.9,0.35,Card,1,3.4,686.7,2030,1,January,160.23,480.68999999999994,206.0100000000001
12928,2030-01-06,1664,Clothing,East,4,41.6,0.33,COD,3,2.9,166.4,2030,1,January,29.119999999999997,116.47999999999999,49.920000000000016
12929,2030-01-07,1011,Beauty,North,5,359.68,0.33,COD,2,4.5,1798.4,2030,1,January,251.77599999999998,1258.8799999999999,539.5200000000002
12930,2030-01-08,1132,Clothing,North,2,437.33,0.28,COD,7,5.0,874.66,2030,1,January,306.131,612.262,262.398
12931,2030-01-09,1993,Clothing,West,4,467.51,0.08,Card,10,4.7,1870.04,2030,1,January,327.25699999999995,1309.0279999999998,561.0120000000002
12932,2030-01-10,1303,Clothing,South,5,102.64,0.19,Wallet,4,3.4,513.2,2030,1,January,71.848,359.24,153.96000000000004
12933,2030-01-11,1292,Electronics,North,1,274.83,0.08,Card,7,1.2,274.83,2030,1,January,192.38099999999997,192.38099999999997,82.44900000000001
12934,2030-01-12,1974,Electronics,South,5,118.46,0.09,Card,3,3.5,592.3,2030,1,January,82.922,414.61,177.68999999999994
12935,2030-01-13,1299,Clothing,West,6,402.34,0.21,COD,6,1.4,2414.04,2030,1,January,281.638,1689.828,724.212
12936,2030-01-14,1739,Electronics,South,7,107.4,0.01,COD,7,1.6,751.8000000000001,2030,1,January,75.17999999999999,526.26,225.54000000000008
12937,2030-01-15,1782,Electronics,North,3,543.94,0.34,COD,7,1.8,1631.8200000000002,2030,1,January,380.75800000000004,1142.2740000000001,489.54600000000005
12938,2030-01-16,1042,Clothing,South,4,149.92,0.32,Card,5,2.5,599.68,2030,1,January,104.94399999999999,419.77599999999995,179.904
12939,2030-01-17,1943,Electronics,North,3,185.47,0.13,Card,6,3.4,556.41,2030,1,January,129.82899999999998,389.48699999999997,166.923
12940,2030-01-18,1342,Electronics,West,1,512.78,0.18,COD,3,2.3,512.78,2030,1,January,358.94599999999997,358.94599999999997,153.834
12941,2030-01-19,1325,Clothing,South,1,283.2,0.16,Card,4,2.8,283.2,2030,1,January,198.23999999999998,198.23999999999998,84.96000000000001
12942,2030-01-20,1813,Electronics,North,6,29.04,0.31,Wallet,11,1.2,174.24,2030,1,January,20.328,121.96799999999999,52.27200000000002
12943,2030-01-21,1497,Beauty,West,3,304.33,0.24,Wallet,6,3.5,912.99,2030,1,January,213.03099999999998,639.093,273.89700000000005
12944,2030-01-22,1363,Beauty,South,4,64.46,0.1,COD,3,3.6,257.84,2030,1,January,45.12199999999999,180.48799999999997,77.352
12945,2030-01-23,1890,Home,West,1,591.43,0.16,Card,7,1.4,591.43,2030,1,January,414.0009999999999,414.0009999999999,177.42900000000003
12946,2030-01-24,1426,Electronics,North,1,359.05,0.15,Wallet,3,4.1,359.05,2030,1,January,251.33499999999998,251.33499999999998,107.71500000000003
12947,2030-01-25,1020,Home,South,5,165.07,0.34,Card,9,3.6,825.3499999999999,2030,1,January,115.54899999999999,577.745,247.6049999999999
12948,2030-01-26,1406,Home,South,6,344.77,0.06,Card,4,3.0,2068.62,2030,1,January,241.33899999999997,1448.0339999999999,620.586
12949,2030-01-27,1618,Home,South,7,59.97,0.03,Card,2,3.2,419.78999999999996,2030,1,January,41.979,293.853,125.93699999999995
12950,2030-01-28,1335,Electronics,West,2,482.94,0.31,Card,6,3.0,965.88,2030,1,January,338.058,676.116,289.764
12951,2030-01-29,1814,Clothing,West,7,556.32,0.31,Wallet,9,1.2,3894.2400000000002,2030,1,January,389.42400000000004,2725.9680000000003,1168.272
12952,2030-01-30,1116,Home,North,7,526.55,0.31,COD,10,3.9,3685.8499999999995,2030,1,January,368.5849999999999,2580.0949999999993,1105.755
12953,2030-01-31,1123,Clothing,East,1,214.93,0.18,Wallet,10,3.0,214.93,2030,1,January,150.451,150.451,64.47900000000001
12954,2030-02-01,1398,Clothing,South,4,205.57,0.23,Card,2,1.7,822.28,2030,2,February,143.89899999999997,575.5959999999999,246.68400000000008
12955,2030-02-02,1792,Clothing,South,4,35.53,0.2,COD,4,3.7,142.12,2030,2,February,24.871,99.484,42.63600000000001
12956,2030-02-03,1803,Clothing,North,5,396.07,0.02,Wallet,5,3.8,1980.35,2030,2,February,277.24899999999997,1386.245,594.105
12957,2030-02-04,1714,Electronics,South,4,327.92,0.21,Wallet,9,1.9,1311.68,2030,2,February,229.54399999999998,918.1759999999999,393.50400000000013
12958,2030-02-05,1050,Clothing,West,5,283.72,0.0,COD,7,4.2,1418.6000000000001,2030,2,February,198.604,993.0200000000001,425.58000000000004
12959,2030-02-06,1782,Electronics,West,1,545.96,0.11,Card,5,2.8,545.96,2030,2,February,382.172,382.172,163.788
12960,2030-02-07,1323,Clothing,South,1,113.21,0.33,COD,6,1.7,113.21,2030,2,February,79.24699999999999,79.24699999999999,33.96300000000001
12961,2030-02-08,1788,Electronics,South,7,20.65,0.11,Card,9,3.6,144.54999999999998,2030,2,February,14.454999999999998,101.18499999999999,43.364999999999995
12962,2030-02-09,1140,Clothing,West,1,57.89,0.33,COD,4,3.4,57.89,2030,2,February,40.522999999999996,40.522999999999996,17.367000000000004
12963,2030-02-10,1469,Electronics,South,1,145.67,0.09,COD,2,1.7,145.67,2030,2,February,101.96899999999998,101.96899999999998,43.70100000000001
12964,2030-02-11,1786,Home,West,2,34.47,0.11,COD,5,4.5,68.94,2030,2,February,24.128999999999998,48.257999999999996,20.682000000000002
12965,2030-02-12,1801,Home,East,6,309.16,0.22,COD,7,4.4,1854.96,2030,2,February,216.412,1298.472,556.488
12966,2030-02-13,1333,Electronics,East,7,198.74,0.27,COD,4,4.3,1391.18,2030,2,February,139.118,973.826,417.35400000000004
12967,2030-02-14,1892,Electronics,South,7,120.58,0.18,Card,1,2.6,844.06,2030,2,February,84.40599999999999,590.842,253.21799999999996
12968,2030-02-15,1963,Electronics,South,6,453.8,0.31,COD,8,4.3,2722.8,2030,2,February,317.65999999999997,1905.9599999999998,816.8400000000004
12969,2030-02-16,1372,Beauty,South,2,134.6,0.01,COD,5,4.4,269.2,2030,2,February,94.21999999999998,188.43999999999997,80.76000000000002
12970,2030-02-17,1563,Clothing,West,1,417.25,0.32,Card,10,5.0,417.25,2030,2,February,292.075,292.075,125.17500000000001
12971,2030-02-18,1493,Clothing,East,4,219.32,0.07,Card,2,4.8,877.28,2030,2,February,153.52399999999997,614.0959999999999,263.1840000000001
12972,2030-02-19,1538,Electronics,East,5,314.42,0.31,Card,3,2.5,1572.1000000000001,2030,2,February,220.094,1100.47,471.6300000000001
12973,2030-02-20,1668,Clothing,North,7,561.31,0.14,Card,10,1.8,3929.1699999999996,2030,2,February,392.9169999999999,2750.4189999999994,1178.7510000000002
12974,2030-02-21,1750,Beauty,North,6,36.85,0.29,Wallet,10,2.2,221.10000000000002,2030,2,February,25.794999999999998,154.76999999999998,66.33000000000004
12975,2030-02-22,1155,Home,South,3,307.65,0.24,Card,5,3.0,922.9499999999999,2030,2,February,215.35499999999996,646.0649999999998,276.8850000000001
12976,2030-02-23,1290,Clothing,West,5,514.84,0.06,COD,11,4.2,2574.2000000000003,2030,2,February,360.388,1801.9399999999998,772.2600000000004
12977,2030-02-24,1647,Electronics,South,3,358.96,0.32,COD,4,3.9,1076.8799999999999,2030,2,February,251.27199999999996,753.8159999999999,323.06399999999996
12978,2030-02-25,1143,Electronics,East,3,176.97,0.09,Card,9,4.2,530.91,2030,2,February,123.87899999999999,371.63699999999994,159.27300000000002
12979,2030-02-26,1105,Electronics,South,7,247.64,0.09,Wallet,9,2.5,1733.48,2030,2,February,173.34799999999998,1213.436,520.0440000000001
12980,2030-02-27,1419,Electronics,South,1,412.96,0.28,Card,8,2.0,412.96,2030,2,February,289.07199999999995,289.07199999999995,123.88800000000003
12981,2030-02-28,1669,Electronics,East,3,536.12,0.04,Wallet,2,1.1,1608.3600000000001,2030,2,February,375.284,1125.8519999999999,482.50800000000027
12982,2030-03-01,1657,Electronics,East,1,39.02,0.08,Card,5,3.5,39.02,2030,3,March,27.314,27.314,11.706000000000003
12983,2030-03-02,1001,Clothing,East,2,56.85,0.18,Card,8,4.2,113.7,2030,3,March,39.795,79.59,34.11
12984,2030-03-03,1944,Beauty,East,4,205.16,0.29,Card,8,4.6,820.64,2030,3,March,143.612,574.448,246.192
12985,2030-03-04,1588,Clothing,North,3,151.18,0.05,Card,7,2.9,453.54,2030,3,March,105.826,317.47799999999995,136.06200000000007
12986,2030-03-05,1643,Home,West,7,169.98,0.19,Wallet,4,4.7,1189.86,2030,3,March,118.98599999999999,832.9019999999999,356.95799999999997
12987,2030-03-06,1089,Home,West,4,144.44,0.25,Card,3,1.8,577.76,2030,3,March,101.10799999999999,404.43199999999996,173.32800000000003
12988,2030-03-07,1344,Electronics,East,1,129.56,0.3,COD,8,3.1,129.56,2030,3,March,90.692,90.692,38.86800000000001
12989,2030-03-08,1349,Home,West,3,91.42,0.33,Card,8,1.9,274.26,2030,3,March,63.994,191.982,82.27799999999999
12990,2030-03-09,1458,Electronics,West,5,561.36,0.27,Wallet,10,1.8,2806.8,2030,3,March,392.952,1964.76,842.0400000000002
12991,2030-03-10,1262,Clothing,West,7,99.35,0.23,COD,5,4.8,695.4499999999999,2030,3,March,69.54499999999999,486.81499999999994,208.635
12992,2030-03-11,1350,Electronics,West,2,134.58,0.15,COD,3,4.3,269.16,2030,3,March,94.206,188.412,80.74800000000002
12993,2030-03-12,1107,Beauty,East,6,159.07,0.04,Card,5,1.0,954.42,2030,3,March,111.34899999999999,668.0939999999999,286.326
12994,2030-03-13,1585,Electronics,South,2,560.81,0.25,COD,4,2.1,1121.62,2030,3,March,392.56699999999995,785.1339999999999,336.486
12995,2030-03-14,1038,Electronics,South,3,457.09,0.35,Card,8,1.8,1371.27,2030,3,March,319.96299999999997,959.8889999999999,411.3810000000001
12996,2030-03-15,1908,Beauty,South,7,476.97,0.26,Card,2,1.6,3338.79,2030,3,March,333.879,2337.1530000000002,1001.6369999999997
12997,2030-03-16,1158,Electronics,North,2,76.28,0.01,COD,11,3.8,152.56,2030,3,March,53.396,106.792,45.768
12998,2030-03-17,1582,Home,West,6,504.24,0.17,Wallet,8,3.3,3025.44,2030,3,March,352.96799999999996,2117.808,907.6320000000001
12999,2030-03-18,1958,Home,East,5,253.79,0.22,Wallet,10,2.8,1268.95,2030,3,March,177.653,888.265,380.68500000000006
13000,2030-03-19,1311,Home,East,4,168.75,0.24,COD,6,1.8,675.0,2030,3,March,118.12499999999999,472.49999999999994,202.50000000000006
13001,2030-03-20,1240,Beauty,North,5,351.81,0.25,COD,4,2.1,1759.05,2030,3,March,246.267,1231.335,527.7149999999999
13002,2030-03-21,1937,Beauty,East,2,495.98,0.2,Wallet,11,2.4,991.96,2030,3,March,347.186,694.372,297.5880000000001
13003,2030-03-22,1444,Electronics,South,6,470.51,0.08,COD,3,4.1,2823.06,2030,3,March,329.35699999999997,1976.1419999999998,846.9180000000001
13004,2030-03-23,1297,Home,North,4,535.65,0.33,Card,10,5.0,2142.6,2030,3,March,374.955,1499.82,642.78
13005,2030-03-24,1951,Clothing,East,7,557.96,0.24,Wallet,5,1.7,3905.7200000000003,2030,3,March,390.572,2734.004,1171.7160000000003
13006,2030-03-25,1035,Clothing,North,6,154.3,0.08,Card,6,2.4,925.8000000000001,2030,3,March,108.01,648.0600000000001,277.74
13007,2030-03-26,1083,Electronics,North,5,262.96,0.11,Card,1,2.1,1314.8,2030,3,March,184.07199999999997,920.3599999999999,394.44000000000005
13008,2030-03-27,1451,Home,East,1,23.56,0.32,COD,1,1.2,23.56,2030,3,March,16.491999999999997,16.491999999999997,7.068000000000001
13009,2030-03-28,1885,Beauty,South,1,529.4,0.31,Card,11,1.9,529.4,2030,3,March,370.58,370.58,158.82
13010,2030-03-29,1774,Beauty,East,4,105.42,0.14,Card,10,4.6,421.68,2030,3,March,73.794,295.176,126.50400000000002
13011,2030-03-30,1821,Clothing,West,4,518.96,0.01,Card,3,4.4,2075.84,2030,3,March,363.272,1453.088,622.7520000000002
13012,2030-03-31,1384,Electronics,West,4,207.69,0.02,COD,2,1.7,830.76,2030,3,March,145.38299999999998,581.5319999999999,249.22800000000007
13013,2030-04-01,1171,Clothing,East,1,230.36,0.1,Wallet,1,2.5,230.36,2030,4,April,161.252,161.252,69.108
13014,2030-04-02,1375,Home,South,5,37.89,0.22,Card,11,2.2,189.45,2030,4,April,26.523,132.615,56.83499999999998
13015,2030-04-03,1684,Home,West,4,206.22,0.2,Card,8,1.6,824.88,2030,4,April,144.35399999999998,577.4159999999999,247.46400000000006
13016,2030-04-04,1361,Clothing,West,1,534.69,0.22,Card,1,3.5,534.69,2030,4,April,374.283,374.283,160.40700000000004
13017,2030-04-05,1558,Electronics,East,4,29.95,0.25,COD,10,3.2,119.8,2030,4,April,20.965,83.86,35.94
13018,2030-04-06,1890,Clothing,East,4,252.7,0.01,COD,8,2.7,1010.8,2030,4,April,176.89,707.56,303.24
13019,2030-04-07,1140,Clothing,East,6,33.37,0.04,COD,5,4.4,200.21999999999997,2030,4,April,23.358999999999998,140.154,60.065999999999974
13020,2030-04-08,1886,Beauty,North,4,231.99,0.13,Card,4,3.5,927.96,2030,4,April,162.393,649.572,278.38800000000003
13021,2030-04-09,1917,Clothing,North,1,115.99,0.05,COD,8,2.0,115.99,2030,4,April,81.193,81.193,34.797
13022,2030-04-10,1117,Electronics,North,5,162.55,0.03,COD,8,2.5,812.75,2030,4,April,113.785,568.925,243.82500000000005
13023,2030-04-11,1276,Clothing,East,1,528.4,0.22,Card,11,1.6,528.4,2030,4,April,369.87999999999994,369.87999999999994,158.52000000000004
13024,2030-04-12,1725,Electronics,South,1,270.09,0.29,Card,8,3.4,270.09,2030,4,April,189.06299999999996,189.06299999999996,81.02700000000002
13025,2030-04-13,1219,Beauty,West,4,175.17,0.26,Card,3,3.3,700.68,2030,4,April,122.61899999999999,490.47599999999994,210.204
13026,2030-04-14,1904,Clothing,North,6,359.76,0.29,Wallet,8,4.5,2158.56,2030,4,April,251.83199999999997,1510.9919999999997,647.5680000000002
13027,2030-04-15,1025,Clothing,South,3,98.13,0.23,Wallet,1,4.4,294.39,2030,4,April,68.69099999999999,206.07299999999998,88.31700000000001
13028,2030-04-16,1520,Clothing,East,7,166.74,0.26,COD,4,4.3,1167.18,2030,4,April,116.718,817.0260000000001,350.154
13029,2030-04-17,1782,Home,North,3,334.56,0.1,Wallet,5,3.2,1003.6800000000001,2030,4,April,234.19199999999998,702.5759999999999,301.10400000000016
13030,2030-04-18,1009,Home,East,3,153.95,0.35,COD,6,3.6,461.84999999999997,2030,4,April,107.76499999999999,323.29499999999996,138.555
13031,2030-04-19,1983,Home,South,1,412.29,0.06,Wallet,5,4.1,412.29,2030,4,April,288.603,288.603,123.68700000000001
13032,2030-04-20,1377,Electronics,North,4,302.52,0.08,Card,5,1.4,1210.08,2030,4,April,211.76399999999998,847.0559999999999,363.024
13033,2030-04-21,1632,Electronics,North,7,466.61,0.1,COD,5,2.2,3266.27,2030,4,April,326.627,2286.389,979.8809999999999
13034,2030-04-22,1636,Electronics,North,3,569.72,0.34,COD,9,1.7,1709.16,2030,4,April,398.804,1196.4119999999998,512.7480000000003
13035,2030-04-23,1681,Home,North,2,82.75,0.35,COD,10,3.0,165.5,2030,4,April,57.925,115.85,49.650000000000006
13036,2030-04-24,1583,Electronics,South,2,210.78,0.28,Card,10,4.4,421.56,2030,4,April,147.546,295.092,126.46800000000002
13037,2030-04-25,1151,Clothing,North,2,201.94,0.22,Card,3,1.9,403.88,2030,4,April,141.35799999999998,282.71599999999995,121.16400000000004
13038,2030-04-26,1719,Beauty,West,5,103.44,0.18,Card,2,3.9,517.2,2030,4,April,72.40799999999999,362.03999999999996,155.16000000000008
13039,2030-04-27,1048,Beauty,West,4,489.03,0.34,Card,10,2.6,1956.12,2030,4,April,342.32099999999997,1369.2839999999999,586.836
13040,2030-04-28,1153,Clothing,East,1,459.53,0.24,Card,2,4.6,459.53,2030,4,April,321.67099999999994,321.67099999999994,137.85900000000004
13041,2030-04-29,1858,Clothing,North,1,298.39,0.33,COD,8,3.5,298.39,2030,4,April,208.873,208.873,89.517
13042,2030-04-30,1292,Electronics,West,4,329.6,0.11,Wallet,5,4.9,1318.4,2030,4,April,230.72,922.88,395.5200000000001
13043,2030-05-01,1579,Home,West,6,49.83,0.12,COD,5,2.0,298.98,2030,5,May,34.88099999999999,209.28599999999994,89.69400000000007
13044,2030-05-02,1049,Home,West,7,339.97,0.3,Wallet,6,4.7,2379.79,2030,5,May,237.979,1665.853,713.9369999999999
13045,2030-05-03,1663,Electronics,South,6,477.93,0.05,Wallet,9,2.4,2867.58,2030,5,May,334.551,2007.306,860.2739999999999
13046,2030-05-04,1530,Clothing,North,5,350.69,0.33,Card,7,3.5,1753.45,2030,5,May,245.48299999999998,1227.415,526.0350000000001
13047,2030-05-05,1611,Home,South,4,170.2,0.18,Card,5,1.7,680.8,2030,5,May,119.13999999999999,476.55999999999995,204.24
13048,2030-05-06,1059,Beauty,South,6,405.52,0.32,Card,5,4.0,2433.12,2030,5,May,283.864,1703.1839999999997,729.9360000000001
13049,2030-05-07,1166,Electronics,West,7,226.47,0.12,Wallet,10,4.9,1585.29,2030,5,May,158.529,1109.703,475.587
13050,2030-05-08,1201,Clothing,West,5,333.75,0.25,Card,9,4.1,1668.75,2030,5,May,233.62499999999997,1168.1249999999998,500.6250000000002
13051,2030-05-09,1856,Electronics,East,3,300.23,0.17,COD,9,3.5,900.69,2030,5,May,210.161,630.483,270.2070000000001
13052,2030-05-10,1145,Electronics,North,3,237.99,0.22,Card,2,2.8,713.97,2030,5,May,166.593,499.779,214.19100000000003
13053,2030-05-11,1914,Beauty,North,5,435.54,0.18,Wallet,7,2.4,2177.7000000000003,2030,5,May,304.878,1524.3899999999999,653.3100000000004
13054,2030-05-12,1675,Home,West,4,532.07,0.34,Card,10,2.7,2128.28,2030,5,May,372.449,1489.796,638.4840000000002
13055,2030-05-13,1969,Home,West,3,18.05,0.24,Wallet,1,2.3,54.150000000000006,2030,5,May,12.635,37.905,16.245000000000005
13056,2030-05-14,1992,Electronics,North,4,561.17,0.09,Card,4,4.3,2244.68,2030,5,May,392.81899999999996,1571.2759999999998,673.404
13057,2030-05-15,1438,Home,East,6,314.24,0.32,Card,2,4.6,1885.44,2030,5,May,219.968,1319.808,565.6320000000001
13058,2030-05-16,1241,Clothing,West,3,424.93,0.1,COD,10,4.8,1274.79,2030,5,May,297.45099999999996,892.3529999999998,382.4370000000001
13059,2030-05-17,1580,Electronics,East,7,515.54,0.13,Wallet,9,2.7,3608.7799999999997,2030,5,May,360.87799999999993,2526.1459999999997,1082.634
13060,2030-05-18,1686,Clothing,South,7,288.26,0.04,COD,6,3.2,2017.82,2030,5,May,201.78199999999998,1412.474,605.346
13061,2030-05-19,1560,Electronics,West,6,503.46,0.31,Wallet,4,3.3,3020.7599999999998,2030,5,May,352.42199999999997,2114.5319999999997,906.2280000000001
13062,2030-05-20,1482,Home,South,7,118.91,0.1,COD,3,3.6,832.37,2030,5,May,83.237,582.659,249.711
13063,2030-05-21,1107,Clothing,West,4,108.11,0.09,COD,4,1.0,432.44,2030,5,May,75.67699999999999,302.70799999999997,129.73200000000003
13064,2030-05-22,1225,Electronics,South,4,399.62,0.32,Card,2,4.4,1598.48,2030,5,May,279.734,1118.936,479.5440000000001
13065,2030-05-23,1672,Electronics,West,7,524.03,0.28,Card,5,2.1,3668.21,2030,5,May,366.82099999999997,2567.747,1100.4630000000002
13066,2030-05-24,1630,Electronics,East,2,537.07,0.05,Card,9,2.9,1074.14,2030,5,May,375.949,751.898,322.2420000000001
13067,2030-05-25,1660,Electronics,East,5,391.59,0.27,Wallet,6,4.4,1957.9499999999998,2030,5,May,274.11299999999994,1370.5649999999996,587.3850000000002
13068,2030-05-26,1976,Clothing,East,1,322.41,0.32,Wallet,2,5.0,322.41,2030,5,May,225.687,225.687,96.72300000000001
13069,2030-05-27,1661,Home,South,5,208.86,0.03,COD,6,4.2,1044.3000000000002,2030,5,May,146.202,731.01,313.2900000000002
13070,2030-05-28,1431,Electronics,East,7,588.3,0.29,Card,9,1.1,4118.099999999999,2030,5,May,411.80999999999995,2882.6699999999996,1235.4299999999998
13071,2030-05-29,1804,Electronics,South,4,202.02,0.19,Card,4,2.5,808.08,2030,5,May,141.414,565.656,242.4240000000001
13072,2030-05-30,1654,Clothing,West,4,450.35,0.23,Wallet,1,2.0,1801.4,2030,5,May,315.245,1260.98,540.4200000000001
13073,2030-05-31,1418,Home,South,5,326.21,0.17,Card,2,4.9,1631.05,2030,5,May,228.34699999999998,1141.735,489.31500000000005
13074,2030-06-01,1987,Electronics,West,4,370.98,0.24,Wallet,5,2.1,1483.92,2030,6,June,259.686,1038.744,445.17600000000016
13075,2030-06-02,1454,Electronics,North,6,245.19,0.01,Card,10,4.8,1471.1399999999999,2030,6,June,171.63299999999998,1029.7979999999998,441.3420000000001
13076,2030-06-03,1159,Clothing,North,3,579.42,0.27,Card,7,4.8,1738.2599999999998,2030,6,June,405.59399999999994,1216.7819999999997,521.4780000000001
13077,2030-06-04,1522,Electronics,North,4,349.43,0.01,Wallet,8,4.4,1397.72,2030,6,June,244.601,978.404,419.31600000000003
13078,2030-06-05,1649,Electronics,South,7,563.61,0.16,Card,3,1.4,3945.27,2030,6,June,394.527,2761.689,1183.5810000000001
13079,2030-06-06,1968,Home,North,7,19.44,0.05,Card,9,1.0,136.08,2030,6,June,13.608,95.256,40.82400000000001
13080,2030-06-07,1589,Clothing,North,5,350.01,0.29,Wallet,2,4.2,1750.05,2030,6,June,245.00699999999998,1225.0349999999999,525.0150000000001
13081,2030-06-08,1076,Clothing,North,5,434.55,0.11,COD,4,4.4,2172.75,2030,6,June,304.185,1520.925,651.825
13082,2030-06-09,1508,Home,West,5,450.87,0.16,COD,4,4.8,2254.35,2030,6,June,315.609,1578.0449999999998,676.3050000000001
13083,2030-06-10,1440,Home,East,7,544.41,0.15,COD,6,1.9,3810.87,2030,6,June,381.08699999999993,2667.6089999999995,1143.2610000000004
13084,2030-06-11,1253,Electronics,South,2,17.57,0.27,Card,10,3.9,35.14,2030,6,June,12.299,24.598,10.542000000000002
13085,2030-06-12,1920,Clothing,North,7,15.19,0.17,Card,6,3.1,106.33,2030,6,June,10.633,74.431,31.899
13086,2030-06-13,1769,Electronics,West,6,291.27,0.28,COD,3,2.3,1747.62,2030,6,June,203.88899999999998,1223.3339999999998,524.2860000000001
13087,2030-06-14,1319,Electronics,East,7,32.14,0.03,Card,9,3.4,224.98000000000002,2030,6,June,22.497999999999998,157.486,67.49400000000003
13088,2030-06-15,1802,Home,East,6,585.1,0.07,Card,11,3.2,3510.6000000000004,2030,6,June,409.57,2457.42,1053.1800000000003
13089,2030-06-16,1262,Beauty,East,7,144.91,0.19,COD,5,2.2,1014.37,2030,6,June,101.437,710.059,304.31100000000004
13090,2030-06-17,1596,Beauty,West,7,291.51,0.33,Card,2,2.1,2040.57,2030,6,June,204.057,1428.399,612.171
13091,2030-06-18,1657,Clothing,North,2,50.77,0.03,COD,6,2.9,101.54,2030,6,June,35.539,71.078,30.462000000000003
13092,2030-06-19,1834,Electronics,East,6,320.4,0.02,Card,3,2.9,1922.3999999999999,2030,6,June,224.27999999999997,1345.6799999999998,576.72
13093,2030-06-20,1553,Electronics,West,2,237.27,0.05,Card,8,2.2,474.54,2030,6,June,166.089,332.178,142.36200000000002
13094,2030-06-21,1373,Home,West,6,41.13,0.22,Card,3,2.1,246.78000000000003,2030,6,June,28.791,172.746,74.03400000000002
13095,2030-06-22,1636,Clothing,South,2,211.05,0.14,Wallet,5,4.8,422.1,2030,6,June,147.73499999999999,295.46999999999997,126.63000000000005
13096,2030-06-23,1166,Clothing,West,2,243.99,0.29,Card,4,4.4,487.98,2030,6,June,170.793,341.586,146.394
13097,2030-06-24,1936,Home,East,6,594.1,0.03,COD,4,4.3,3564.6000000000004,2030,6,June,415.87,2495.2200000000003,1069.38
13098,2030-06-25,1752,Home,East,2,136.61,0.07,COD,2,1.9,273.22,2030,6,June,95.62700000000001,191.25400000000002,81.96600000000001
13099,2030-06-26,1458,Home,West,7,333.7,0.11,Card,8,1.8,2335.9,2030,6,June,233.58999999999997,1635.1299999999999,700.7700000000002
13100,2030-06-27,1998,Electronics,East,6,592.58,0.22,COD,3,4.2,3555.4800000000005,2030,6,June,414.806,2488.836,1066.6440000000007
13101,2030-06-28,1279,Home,West,2,478.33,0.24,Wallet,4,1.7,956.66,2030,6,June,334.83099999999996,669.6619999999999,286.99800000000005
13102,2030-06-29,1699,Beauty,East,7,596.12,0.04,COD,6,3.0,4172.84,2030,6,June,417.284,2920.988,1251.8520000000003
13103,2030-06-30,1301,Electronics,South,7,581.45,0.33,Card,9,1.9,4070.1500000000005,2030,6,June,407.015,2849.105,1221.0450000000005
13104,2030-07-01,1530,Clothing,North,5,301.38,0.12,COD,4,2.5,1506.9,2030,7,July,210.96599999999998,1054.83,452.07000000000016
13105,2030-07-02,1579,Electronics,South,1,422.38,0.25,COD,3,4.4,422.38,2030,7,July,295.666,295.666,126.714
13106,2030-07-03,1217,Beauty,South,6,79.61,0.18,Card,5,4.6,477.65999999999997,2030,7,July,55.727,334.36199999999997,143.298
13107,2030-07-04,1101,Electronics,North,2,273.07,0.08,Card,9,5.0,546.14,2030,7,July,191.14899999999997,382.29799999999994,163.84200000000004
13108,2030-07-05,1553,Clothing,East,5,488.28,0.3,Card,1,4.8,2441.3999999999996,2030,7,July,341.79599999999994,1708.9799999999996,732.4200000000001
13109,2030-07-06,1287,Electronics,North,1,310.62,0.29,Card,5,3.7,310.62,2030,7,July,217.434,217.434,93.186
13110,2030-07-07,1166,Home,West,2,426.08,0.14,Card,11,2.7,852.16,2030,7,July,298.256,596.512,255.64800000000002
13111,2030-07-08,1620,Electronics,North,1,451.26,0.21,COD,4,1.2,451.26,2030,7,July,315.88199999999995,315.88199999999995,135.37800000000004
13112,2030-07-09,1035,Electronics,South,6,163.28,0.09,Card,5,3.4,979.6800000000001,2030,7,July,114.29599999999999,685.776,293.9040000000001
13113,2030-07-10,1743,Clothing,North,7,527.28,0.24,Wallet,7,1.8,3690.96,2030,7,July,369.09599999999995,2583.6719999999996,1107.2880000000005
13114,2030-07-11,1740,Beauty,East,7,284.0,0.11,COD,7,4.4,1988.0,2030,7,July,198.79999999999998,1391.6,596.4000000000001
13115,2030-07-12,1352,Electronics,South,1,137.96,0.3,Wallet,7,3.2,137.96,2030,7,July,96.572,96.572,41.388000000000005
13116,2030-07-13,1675,Electronics,West,7,521.27,0.08,COD,1,3.9,3648.89,2030,7,July,364.88899999999995,2554.2229999999995,1094.6670000000004
13117,2030-07-14,1898,Home,East,3,259.42,0.01,Card,9,3.7,778.26,2030,7,July,181.594,544.7819999999999,233.47800000000007
13118,2030-07-15,1072,Clothing,South,4,453.93,0.09,COD,7,2.4,1815.72,2030,7,July,317.751,1271.004,544.7160000000001
13119,2030-07-16,1647,Beauty,West,7,335.6,0.07,Wallet,4,4.0,2349.2000000000003,2030,7,July,234.92,1644.4399999999998,704.7600000000004
13120,2030-07-17,1352,Electronics,East,3,238.39,0.18,Card,4,4.4,715.17,2030,7,July,166.873,500.61899999999997,214.551
13121,2030-07-18,1890,Clothing,West,6,488.78,0.07,Card,2,4.0,2932.68,2030,7,July,342.14599999999996,2052.8759999999997,879.8040000000001
13122,2030-07-19,1069,Electronics,North,6,356.91,0.27,Card,6,4.1,2141.46,2030,7,July,249.837,1499.022,642.4380000000001
13123,2030-07-20,1424,Electronics,North,1,243.48,0.08,Card,10,2.4,243.48,2030,7,July,170.43599999999998,170.43599999999998,73.04400000000001
13124,2030-07-21,1998,Home,West,7,79.11,0.25,Card,3,4.8,553.77,2030,7,July,55.376999999999995,387.63899999999995,166.13100000000003
13125,2030-07-22,1707,Clothing,North,7,538.84,0.2,Card,1,2.7,3771.88,2030,7,July,377.188,2640.316,1131.5640000000003
13126,2030-07-23,1780,Home,West,7,35.75,0.35,Card,5,4.6,250.25,2030,7,July,25.025,175.17499999999998,75.07500000000002
13127,2030-07-24,1560,Electronics,East,5,519.96,0.35,COD,6,4.4,2599.8,2030,7,July,363.972,1819.86,779.9400000000003
13128,2030-07-25,1827,Clothing,South,2,225.58,0.3,Card,11,1.5,451.16,2030,7,July,157.906,315.812,135.348
13129,2030-07-26,1641,Clothing,West,4,389.01,0.27,COD,5,4.9,1556.04,2030,7,July,272.30699999999996,1089.2279999999998,466.8120000000001
13130,2030-07-27,1955,Beauty,South,7,554.49,0.14,COD,5,5.0,3881.4300000000003,2030,7,July,388.143,2717.0009999999997,1164.4290000000005
13131,2030-07-28,1516,Electronics,South,2,103.75,0.26,COD,10,3.4,207.5,2030,7,July,72.625,145.25,62.25
13132,2030-07-29,1427,Electronics,West,5,346.67,0.33,Card,11,4.1,1733.3500000000001,2030,7,July,242.66899999999998,1213.3449999999998,520.0050000000003
13133,2030-07-30,1538,Clothing,North,6,462.19,0.01,COD,8,4.7,2773.14,2030,7,July,323.53299999999996,1941.1979999999999,831.942
13134,2030-07-31,1159,Clothing,East,4,458.19,0.19,Card,10,1.1,1832.76,2030,7,July,320.733,1282.932,549.828
13135,2030-08-01,1148,Electronics,South,3,322.49,0.08,Card,1,4.7,967.47,2030,8,August,225.743,677.229,290.241
13136,2030-08-02,1775,Beauty,East,6,380.47,0.2,COD,8,3.5,2282.82,2030,8,August,266.329,1597.9740000000002,684.846
13137,2030-08-03,1229,Electronics,South,6,458.15,0.16,Card,11,4.3,2748.8999999999996,2030,8,August,320.705,1924.23,824.6699999999996
13138,2030-08-04,1711,Beauty,West,1,507.0,0.2,Card,7,3.2,507.0,2030,8,August,354.9,354.9,152.10000000000002
13139,2030-08-05,1561,Electronics,North,5,460.66,0.19,Card,1,3.1,2303.3,2030,8,August,322.462,1612.31,690.9900000000002
13140,2030-08-06,1066,Home,East,1,222.09,0.34,Card,9,4.6,222.09,2030,8,August,155.463,155.463,66.62700000000001
13141,2030-08-07,1811,Beauty,South,1,598.08,0.19,Card,4,3.0,598.08,2030,8,August,418.656,418.656,179.42400000000004
13142,2030-08-08,1380,Electronics,West,2,269.18,0.3,Wallet,7,2.9,538.36,2030,8,August,188.426,376.852,161.50800000000004
13143,2030-08-09,1057,Beauty,West,6,29.31,0.11,Card,3,3.4,175.85999999999999,2030,8,August,20.517,123.102,52.75799999999998
13144,2030-08-10,1258,Clothing,South,5,227.13,0.15,COD,8,3.1,1135.65,2030,8,August,158.99099999999999,794.9549999999999,340.69500000000016
13145,2030-08-11,1341,Beauty,South,1,89.75,0.16,COD,4,2.8,89.75,2030,8,August,62.824999999999996,62.824999999999996,26.925000000000004
13146,2030-08-12,1837,Home,South,3,86.04,0.1,COD,2,1.7,258.12,2030,8,August,60.228,180.684,77.436
13147,2030-08-13,1129,Electronics,North,4,179.7,0.13,Wallet,2,2.6,718.8,2030,8,August,125.78999999999998,503.1599999999999,215.64000000000004
13148,2030-08-14,1726,Electronics,South,7,46.22,0.21,Wallet,8,2.1,323.53999999999996,2030,8,August,32.354,226.478,97.06199999999995
13149,2030-08-15,1171,Electronics,South,5,417.78,0.2,COD,8,2.6,2088.8999999999996,2030,8,August,292.44599999999997,1462.2299999999998,626.6699999999998
13150,2030-08-16,1769,Electronics,North,2,58.28,0.22,Wallet,1,3.4,116.56,2030,8,August,40.796,81.592,34.968
13151,2030-08-17,1613,Electronics,West,5,133.92,0.12,Card,6,3.4,669.5999999999999,2030,8,August,93.74399999999999,468.7199999999999,200.88
13152,2030-08-18,1208,Electronics,South,6,69.35,0.11,COD,9,2.0,416.09999999999997,2030,8,August,48.544999999999995,291.27,124.82999999999998
13153,2030-08-19,1802,Clothing,East,2,51.95,0.21,Wallet,9,1.3,103.9,2030,8,August,36.365,72.73,31.17
13154,2030-08-20,1353,Home,West,4,171.63,0.05,COD,2,4.0,686.52,2030,8,August,120.14099999999999,480.56399999999996,205.95600000000002
13155,2030-08-21,1470,Electronics,East,3,349.56,0.09,Wallet,8,3.1,1048.68,2030,8,August,244.69199999999998,734.0759999999999,314.60400000000016
13156,2030-08-22,1797,Electronics,South,1,579.34,0.01,Card,8,2.8,579.34,2030,8,August,405.538,405.538,173.80200000000002
13157,2030-08-23,1115,Clothing,North,5,527.2,0.03,Card,4,1.5,2636.0,2030,8,August,369.04,1845.2,790.8
13158,2030-08-24,1263,Electronics,North,2,527.42,0.09,Wallet,4,2.7,1054.84,2030,8,August,369.19399999999996,738.3879999999999,316.452
13159,2030-08-25,1661,Electronics,North,4,118.0,0.01,Card,5,4.3,472.0,2030,8,August,82.6,330.4,141.60000000000002
13160,2030-08-26,1811,Electronics,South,1,169.97,0.09,COD,11,3.3,169.97,2030,8,August,118.97899999999998,118.97899999999998,50.991000000000014
13161,2030-08-27,1441,Beauty,South,7,59.69,0.23,Card,10,1.4,417.83,2030,8,August,41.782999999999994,292.48099999999994,125.34900000000005
13162,2030-08-28,1547,Home,East,4,470.4,0.02,COD,7,2.3,1881.6,2030,8,August,329.28,1317.12,564.48
13163,2030-08-29,1452,Clothing,North,3,55.84,0.15,Wallet,1,4.9,167.52,2030,8,August,39.088,117.26400000000001,50.256
13164,2030-08-30,1844,Home,South,1,340.67,0.32,Card,11,3.2,340.67,2030,8,August,238.469,238.469,102.20100000000002
13165,2030-08-31,1476,Clothing,West,1,160.01,0.28,Card,9,2.1,160.01,2030,8,August,112.00699999999999,112.00699999999999,48.003
13166,2030-09-01,1286,Home,South,7,157.42,0.11,Card,3,4.7,1101.9399999999998,2030,9,September,110.19399999999999,771.358,330.5819999999999
13167,2030-09-02,1302,Home,South,1,594.57,0.32,Wallet,11,2.3,594.57,2030,9,September,416.199,416.199,178.37100000000004
13168,2030-09-03,1310,Clothing,West,2,457.72,0.12,COD,4,3.9,915.44,2030,9,September,320.404,640.808,274.63200000000006
13169,2030-09-04,1207,Electronics,North,1,504.61,0.03,Card,7,1.6,504.61,2030,9,September,353.227,353.227,151.38300000000004
13170,2030-09-05,1617,Electronics,West,4,349.61,0.35,Card,5,1.6,1398.44,2030,9,September,244.727,978.908,419.53200000000004
13171,2030-09-06,1445,Clothing,North,2,524.54,0.3,Wallet,5,3.2,1049.08,2030,9,September,367.17799999999994,734.3559999999999,314.72400000000005
13172,2030-09-07,1669,Beauty,West,1,392.61,0.16,Wallet,1,2.0,392.61,2030,9,September,274.827,274.827,117.78300000000002
13173,2030-09-08,1632,Clothing,East,4,568.51,0.23,Card,2,1.2,2274.04,2030,9,September,397.957,1591.828,682.212
13174,2030-09-09,1054,Home,North,4,179.58,0.23,Card,5,4.7,718.32,2030,9,September,125.706,502.824,215.49600000000004
13175,2030-09-10,1911,Beauty,South,5,363.26,0.07,COD,2,1.2,1816.3,2030,9,September,254.28199999999998,1271.4099999999999,544.8900000000001
13176,2030-09-11,1011,Electronics,East,4,418.73,0.07,COD,1,3.9,1674.92,2030,9,September,293.111,1172.444,502.4760000000001
13177,2030-09-12,1656,Home,North,7,244.87,0.16,Wallet,10,2.3,1714.0900000000001,2030,9,September,171.409,1199.8629999999998,514.2270000000003
13178,2030-09-13,1399,Home,North,6,529.63,0.32,COD,3,4.7,3177.7799999999997,2030,9,September,370.741,2224.446,953.3339999999998
13179,2030-09-14,1907,Beauty,North,3,588.18,0.0,COD,11,4.9,1764.54,2030,9,September,411.72599999999994,1235.1779999999999,529.3620000000001
13180,2030-09-15,1647,Beauty,West,1,303.86,0.27,COD,1,2.3,303.86,2030,9,September,212.702,212.702,91.15800000000002
13181,2030-09-16,1979,Home,North,7,243.52,0.02,Wallet,10,3.4,1704.64,2030,9,September,170.464,1193.248,511.39200000000005
13182,2030-09-17,1514,Electronics,South,1,291.08,0.17,Card,8,4.1,291.08,2030,9,September,203.75599999999997,203.75599999999997,87.32400000000001
13183,2030-09-18,1655,Home,North,1,513.85,0.22,Card,8,1.5,513.85,2030,9,September,359.695,359.695,154.15500000000003
13184,2030-09-19,1541,Electronics,South,4,392.6,0.24,Card,8,3.8,1570.4,2030,9,September,274.82,1099.28,471.1200000000001
13185,2030-09-20,1236,Home,South,4,41.19,0.02,Wallet,7,4.6,164.76,2030,9,September,28.832999999999995,115.33199999999998,49.42800000000001
13186,2030-09-21,1278,Beauty,South,1,332.17,0.15,COD,7,1.7,332.17,2030,9,September,232.519,232.519,99.65100000000001
13187,2030-09-22,1347,Clothing,East,6,25.12,0.2,Card,2,4.4,150.72,2030,9,September,17.584,105.50399999999999,45.21600000000001
13188,2030-09-23,1626,Clothing,South,2,470.44,0.02,COD,9,1.5,940.88,2030,9,September,329.308,658.616,282.264
13189,2030-09-24,1103,Clothing,West,2,207.06,0.05,Card,7,3.3,414.12,2030,9,September,144.94199999999998,289.88399999999996,124.23600000000005
13190,2030-09-25,1629,Clothing,North,3,291.12,0.23,Card,5,2.4,873.36,2030,9,September,203.784,611.352,262.00800000000004
13191,2030-09-26,1516,Electronics,West,5,482.23,0.18,Card,4,2.9,2411.15,2030,9,September,337.561,1687.8049999999998,723.3450000000003
13192,2030-09-27,1979,Home,East,7,42.17,0.06,COD,8,2.2,295.19,2030,9,September,29.519,206.63299999999998,88.55700000000002
13193,2030-09-28,1871,Beauty,North,3,107.75,0.19,COD,5,2.0,323.25,2030,9,September,75.425,226.27499999999998,96.97500000000002
13194,2030-09-29,1247,Beauty,South,1,247.81,0.32,Wallet,6,4.0,247.81,2030,9,September,173.46699999999998,173.46699999999998,74.34300000000002
13195,2030-09-30,1363,Electronics,North,7,149.51,0.01,Wallet,4,1.9,1046.57,2030,9,September,104.65699999999998,732.5989999999999,313.971
13196,2030-10-01,1320,Beauty,East,1,212.67,0.22,Card,2,2.6,212.67,2030,10,October,148.86899999999997,148.86899999999997,63.801000000000016
13197,2030-10-02,1632,Home,East,1,598.93,0.03,COD,7,2.1,598.93,2030,10,October,419.2509999999999,419.2509999999999,179.67900000000003
13198,2030-10-03,1285,Electronics,West,5,497.87,0.0,Card,2,2.0,2489.35,2030,10,October,348.50899999999996,1742.5449999999998,746.8050000000001
13199,2030-10-04,1148,Electronics,North,4,532.08,0.05,Card,11,3.5,2128.32,2030,10,October,372.456,1489.824,638.4960000000001
13200,2030-10-05,1083,Electronics,North,5,563.18,0.15,Card,7,1.2,2815.8999999999996,2030,10,October,394.22599999999994,1971.1299999999997,844.77
13201,2030-10-06,1965,Beauty,North,3,214.45,0.28,Card,7,4.2,643.3499999999999,2030,10,October,150.11499999999998,450.3449999999999,193.005
13202,2030-10-07,1405,Clothing,West,4,188.79,0.1,Card,1,3.2,755.16,2030,10,October,132.153,528.612,226.548
13203,2030-10-08,1977,Home,East,4,151.93,0.22,Card,10,4.3,607.72,2030,10,October,106.351,425.404,182.31600000000003
13204,2030-10-09,1455,Electronics,South,3,500.62,0.14,COD,10,1.9,1501.8600000000001,2030,10,October,350.43399999999997,1051.302,450.5580000000002
13205,2030-10-10,1742,Home,North,4,412.54,0.08,Card,3,3.8,1650.16,2030,10,October,288.778,1155.112,495.048
13206,2030-10-11,1799,Electronics,West,7,153.16,0.18,COD,3,2.7,1072.12,2030,10,October,107.21199999999999,750.4839999999999,321.63599999999997
13207,2030-10-12,1160,Clothing,West,2,235.54,0.28,Card,11,1.3,471.08,2030,10,October,164.878,329.756,141.324
13208,2030-10-13,1783,Clothing,South,3,311.43,0.29,Card,6,4.0,934.29,2030,10,October,218.001,654.003,280.2869999999999
13209,2030-10-14,1459,Electronics,East,3,323.96,0.3,Card,11,4.0,971.8799999999999,2030,10,October,226.77199999999996,680.3159999999999,291.56399999999996
13210,2030-10-15,1549,Home,North,2,534.91,0.12,Card,3,2.1,1069.82,2030,10,October,374.43699999999995,748.8739999999999,320.946
13211,2030-10-16,1499,Electronics,North,5,237.63,0.28,Card,9,4.7,1188.15,2030,10,October,166.34099999999998,831.7049999999999,356.44500000000016
13212,2030-10-17,1737,Home,West,5,546.49,0.07,COD,5,4.1,2732.45,2030,10,October,382.543,1912.7150000000001,819.7349999999997
13213,2030-10-18,1508,Clothing,East,5,273.2,0.26,COD,6,2.2,1366.0,2030,10,October,191.23999999999998,956.1999999999999,409.80000000000007
13214,2030-10-19,1653,Clothing,North,4,451.63,0.33,Card,6,2.0,1806.52,2030,10,October,316.14099999999996,1264.5639999999999,541.9560000000001
13215,2030-10-20,1803,Electronics,South,2,559.2,0.0,Card,8,2.8,1118.4,2030,10,October,391.44,782.88,335.5200000000001
13216,2030-10-21,1480,Electronics,East,7,545.93,0.15,Wallet,10,2.2,3821.5099999999998,2030,10,October,382.15099999999995,2675.057,1146.453
13217,2030-10-22,1662,Beauty,East,3,48.32,0.23,Card,11,1.9,144.96,2030,10,October,33.824,101.472,43.488000000000014
13218,2030-10-23,1113,Electronics,West,3,135.34,0.25,Card,3,2.6,406.02,2030,10,October,94.738,284.214,121.80599999999998
13219,2030-10-24,1748,Home,West,3,293.99,0.06,COD,9,1.1,881.97,2030,10,October,205.793,617.379,264.591
13220,2030-10-25,1577,Beauty,North,4,267.46,0.34,COD,7,2.6,1069.84,2030,10,October,187.22199999999998,748.8879999999999,320.952
13221,2030-10-26,1360,Electronics,West,4,389.92,0.22,COD,11,1.9,1559.68,2030,10,October,272.944,1091.776,467.904
13222,2030-10-27,1340,Electronics,East,6,567.65,0.06,COD,6,2.1,3405.8999999999996,2030,10,October,397.35499999999996,2384.1299999999997,1021.77
13223,2030-10-28,1769,Home,North,7,80.76,0.01,Card,11,1.3,565.32,2030,10,October,56.532,395.724,169.59600000000006
13224,2030-10-29,1986,Beauty,North,5,279.34,0.27,Card,1,3.4,1396.6999999999998,2030,10,October,195.53799999999998,977.6899999999999,419.0099999999999
13225,2030-10-30,1760,Beauty,East,6,127.56,0.03,Card,4,2.9,765.36,2030,10,October,89.292,535.752,229.60800000000006
13226,2030-10-31,1968,Clothing,North,6,538.05,0.05,COD,5,4.0,3228.2999999999997,2030,10,October,376.63499999999993,2259.8099999999995,968.4900000000002
13227,2030-11-01,1448,Home,South,4,579.28,0.2,Wallet,2,4.9,2317.12,2030,11,November,405.496,1621.984,695.136
13228,2030-11-02,1842,Electronics,South,5,295.04,0.21,Card,1,1.5,1475.2,2030,11,November,206.528,1032.6399999999999,442.5600000000002
13229,2030-11-03,1834,Beauty,North,5,75.85,0.24,Card,2,2.1,379.25,2030,11,November,53.09499999999999,265.47499999999997,113.77500000000003
13230,2030-11-04,1179,Beauty,West,3,474.4,0.14,Card,8,3.7,1423.1999999999998,2030,11,November,332.08,996.24,426.9599999999998
13231,2030-11-05,1701,Electronics,South,4,422.83,0.27,Card,10,1.9,1691.32,2030,11,November,295.981,1183.924,507.39599999999996
13232,2030-11-06,1406,Electronics,North,5,222.48,0.34,Card,6,1.1,1112.3999999999999,2030,11,November,155.736,778.68,333.7199999999999
13233,2030-11-07,1665,Electronics,South,6,534.13,0.09,COD,10,1.4,3204.7799999999997,2030,11,November,373.89099999999996,2243.3459999999995,961.4340000000002
13234,2030-11-08,1195,Electronics,West,2,585.86,0.25,Wallet,2,2.7,1171.72,2030,11,November,410.102,820.204,351.5160000000001
13235,2030-11-09,1465,Home,East,2,341.34,0.32,Card,9,2.7,682.68,2030,11,November,238.93799999999996,477.8759999999999,204.80400000000003
13236,2030-11-10,1310,Clothing,North,4,345.95,0.24,Card,8,4.9,1383.8,2030,11,November,242.16499999999996,968.6599999999999,415.1400000000001
13237,2030-11-11,1261,Electronics,North,3,189.05,0.24,Card,4,2.9,567.1500000000001,2030,11,November,132.335,397.005,170.1450000000001
13238,2030-11-12,1418,Electronics,North,3,356.94,0.08,Card,11,3.7,1070.82,2030,11,November,249.85799999999998,749.574,321.246
13239,2030-11-13,1405,Beauty,North,5,272.19,0.19,Card,10,3.0,1360.95,2030,11,November,190.533,952.665,408.2850000000001
13240,2030-11-14,1938,Clothing,North,7,191.78,0.2,COD,7,2.1,1342.46,2030,11,November,134.24599999999998,939.7219999999999,402.73800000000017
13241,2030-11-15,1142,Clothing,North,4,54.3,0.25,Card,3,1.4,217.2,2030,11,November,38.01,152.04,65.16
13242,2030-11-16,1341,Electronics,West,7,162.83,0.35,Wallet,6,4.4,1139.8100000000002,2030,11,November,113.981,797.867,341.9430000000002
13243,2030-11-17,1315,Beauty,East,2,130.74,0.01,COD,3,1.6,261.48,2030,11,November,91.518,183.036,78.44400000000002
13244,2030-11-18,1100,Home,West,6,332.09,0.02,COD,10,1.4,1992.54,2030,11,November,232.46299999999997,1394.7779999999998,597.7620000000002
13245,2030-11-19,1243,Electronics,West,5,366.98,0.03,Card,3,1.9,1834.9,2030,11,November,256.886,1284.43,550.47
13246,2030-11-20,1489,Electronics,East,6,371.01,0.26,COD,11,1.0,2226.06,2030,11,November,259.707,1558.242,667.818
13247,2030-11-21,1011,Electronics,West,7,242.09,0.05,COD,9,1.3,1694.63,2030,11,November,169.463,1186.241,508.3890000000001
13248,2030-11-22,1238,Electronics,South,5,261.42,0.22,Card,6,3.5,1307.1000000000001,2030,11,November,182.994,914.97,392.1300000000001
13249,2030-11-23,1560,Clothing,West,1,503.03,0.11,Card,8,2.0,503.03,2030,11,November,352.121,352.121,150.909
13250,2030-11-24,1041,Beauty,North,6,293.6,0.16,Wallet,4,2.4,1761.6000000000001,2030,11,November,205.52,1233.1200000000001,528.48
13251,2030-11-25,1677,Clothing,South,4,592.85,0.08,Card,4,4.3,2371.4,2030,11,November,414.995,1659.98,711.4200000000001
13252,2030-11-26,1593,Home,South,6,272.18,0.3,Card,8,4.1,1633.08,2030,11,November,190.52599999999998,1143.156,489.924
13253,2030-11-27,1428,Clothing,East,6,395.0,0.21,Card,7,3.0,2370.0,2030,11,November,276.5,1659.0,711.0
13254,2030-11-28,1802,Home,West,5,44.46,0.33,Card,5,3.5,222.3,2030,11,November,31.122,155.61,66.69
13255,2030-11-29,1157,Home,West,2,397.2,0.2,Card,2,1.3,794.4,2030,11,November,278.03999999999996,556.0799999999999,238.32000000000005
13256,2030-11-30,1215,Electronics,South,7,513.08,0.04,Card,6,4.0,3591.5600000000004,2030,11,November,359.156,2514.092,1077.4680000000003
13257,2030-12-01,1669,Clothing,West,1,566.34,0.06,COD,1,3.1,566.34,2030,12,December,396.438,396.438,169.90200000000004
13258,2030-12-02,1461,Clothing,West,6,598.43,0.35,Card,7,3.3,3590.58,2030,12,December,418.90099999999995,2513.406,1077.174
13259,2030-12-03,1133,Electronics,East,7,180.07,0.25,COD,9,3.7,1260.49,2030,12,December,126.04899999999999,882.343,378.14700000000005
13260,2030-12-04,1066,Clothing,South,7,351.59,0.02,COD,5,3.0,2461.1299999999997,2030,12,December,246.11299999999997,1722.7909999999997,738.3389999999999
13261,2030-12-05,1847,Clothing,North,2,278.67,0.25,Card,5,3.1,557.34,2030,12,December,195.069,390.138,167.20200000000006
13262,2030-12-06,1006,Beauty,South,3,344.83,0.14,COD,7,3.0,1034.49,2030,12,December,241.38099999999997,724.1429999999999,310.3470000000001
13263,2030-12-07,1947,Clothing,East,1,107.11,0.11,COD,5,3.0,107.11,2030,12,December,74.97699999999999,74.97699999999999,32.13300000000001
13264,2030-12-08,1525,Home,East,1,515.85,0.05,COD,10,4.0,515.85,2030,12,December,361.09499999999997,361.09499999999997,154.75500000000005
13265,2030-12-09,1072,Clothing,East,7,547.1,0.29,COD,4,2.7,3829.7000000000003,2030,12,December,382.96999999999997,2680.79,1148.9100000000003
13266,2030-12-10,1398,Home,West,5,278.05,0.02,COD,1,1.0,1390.25,2030,12,December,194.635,973.175,417.07500000000005
13267,2030-12-11,1404,Clothing,South,6,179.05,0.1,Card,6,3.4,1074.3000000000002,2030,12,December,125.335,752.01,322.2900000000002
13268,2030-12-12,1674,Beauty,West,3,97.39,0.11,COD,9,4.8,292.17,2030,12,December,68.173,204.519,87.65100000000001
13269,2030-12-13,1577,Clothing,West,5,415.0,0.06,Card,4,2.0,2075.0,2030,12,December,290.5,1452.5,622.5
13270,2030-12-14,1858,Clothing,South,4,197.66,0.18,COD,10,4.3,790.64,2030,12,December,138.362,553.448,237.192
13271,2030-12-15,1129,Clothing,East,2,547.08,0.0,Card,11,2.8,1094.16,2030,12,December,382.956,765.912,328.24800000000005
13272,2030-12-16,1930,Clothing,North,2,407.54,0.11,Wallet,4,3.6,815.08,2030,12,December,285.278,570.556,244.524
13273,2030-12-17,1465,Electronics,North,5,392.73,0.33,COD,5,4.6,1963.65,2030,12,December,274.911,1374.555,589.095
13274,2030-12-18,1205,Electronics,South,7,342.25,0.11,COD,6,4.1,2395.75,2030,12,December,239.575,1677.0249999999999,718.7250000000001
13275,2030-12-19,1787,Electronics,South,2,41.78,0.13,COD,3,4.5,83.56,2030,12,December,29.246,58.492,25.068000000000005
13276,2030-12-20,1977,Beauty,East,6,560.17,0.17,Wallet,9,1.0,3361.0199999999995,2030,12,December,392.11899999999997,2352.714,1008.3059999999996
13277,2030-12-21,1767,Electronics,South,2,382.34,0.2,COD,1,1.7,764.68,2030,12,December,267.638,535.276,229.404
13278,2030-12-22,1265,Electronics,South,6,596.53,0.28,Card,11,2.7,3579.18,2030,12,December,417.57099999999997,2505.426,1073.754
13279,2030-12-23,1536,Home,East,4,329.35,0.07,Wallet,6,4.4,1317.4,2030,12,December,230.545,922.18,395.22000000000014
13280,2030-12-24,1961,Electronics,East,3,430.41,0.31,COD,6,4.4,1291.23,2030,12,December,301.287,903.8609999999999,387.36900000000014
13281,2030-12-25,1792,Clothing,West,1,47.88,0.27,COD,8,1.7,47.88,2030,12,December,33.516,33.516,14.364000000000004
13282,2030-12-26,1252,Electronics,South,5,384.57,0.25,Wallet,5,1.6,1922.85,2030,12,December,269.19899999999996,1345.995,576.855
13283,2030-12-27,1821,Beauty,North,5,462.32,0.03,Card,9,4.3,2311.6,2030,12,December,323.62399999999997,1618.12,693.48
13284,2030-12-28,1288,Beauty,South,6,470.43,0.01,Card,9,3.2,2822.58,2030,12,December,329.301,1975.806,846.7739999999999
13285,2030-12-29,1163,Beauty,North,4,465.52,0.21,COD,2,3.5,1862.08,2030,12,December,325.864,1303.456,558.624
13286,2030-12-30,1094,Clothing,North,4,147.38,0.3,COD,5,4.2,589.52,2030,12,December,103.166,412.664,176.856
13287,2030-12-31,1781,Home,North,7,585.61,0.2,Card,7,1.8,4099.27,2030,12,December,409.92699999999996,2869.4889999999996,1229.7810000000009
13288,2031-01-01,1832,Electronics,West,1,597.18,0.07,COD,2,1.5,597.18,2031,1,January,418.02599999999995,418.02599999999995,179.154
13289,2031-01-02,1109,Electronics,East,3,59.22,0.03,COD,7,4.4,177.66,2031,1,January,41.45399999999999,124.36199999999998,53.298000000000016
13290,2031-01-03,1335,Electronics,East,5,562.82,0.24,COD,9,1.4,2814.1000000000004,2031,1,January,393.974,1969.87,844.2300000000005
13291,2031-01-04,1821,Clothing,West,6,184.33,0.25,Wallet,8,1.4,1105.98,2031,1,January,129.031,774.186,331.794
13292,2031-01-05,1237,Clothing,East,4,418.23,0.06,Card,10,2.1,1672.92,2031,1,January,292.76099999999997,1171.0439999999999,501.8760000000002
13293,2031-01-06,1380,Clothing,West,5,212.79,0.01,COD,9,2.3,1063.95,2031,1,January,148.95299999999997,744.7649999999999,319.1850000000002
13294,2031-01-07,1435,Electronics,South,6,581.14,0.14,COD,4,2.0,3486.84,2031,1,January,406.79799999999994,2440.7879999999996,1046.0520000000006
13295,2031-01-08,1898,Clothing,West,2,74.38,0.2,Card,8,4.0,148.76,2031,1,January,52.065999999999995,104.13199999999999,44.628
13296,2031-01-09,1482,Home,East,5,306.18,0.25,Card,9,4.9,1530.9,2031,1,January,214.326,1071.6299999999999,459.2700000000002
13297,2031-01-10,1936,Clothing,East,3,265.41,0.28,Card,10,1.8,796.23,2031,1,January,185.787,557.361,238.86900000000003
13298,2031-01-11,1901,Home,South,6,205.72,0.21,COD,2,4.1,1234.32,2031,1,January,144.004,864.0239999999999,370.29600000000005
13299,2031-01-12,1024,Electronics,West,3,392.64,0.04,Card,10,1.2,1177.92,2031,1,January,274.84799999999996,824.5439999999999,353.3760000000002
13300,2031-01-13,1652,Home,South,5,91.67,0.24,Card,3,1.5,458.35,2031,1,January,64.169,320.84499999999997,137.50500000000005
13301,2031-01-14,1116,Clothing,North,2,434.25,0.34,Card,1,3.1,868.5,2031,1,January,303.97499999999997,607.9499999999999,260.55000000000007
13302,2031-01-15,1481,Electronics,West,3,588.65,0.32,COD,1,5.0,1765.9499999999998,2031,1,January,412.05499999999995,1236.165,529.7849999999999
13303,2031-01-16,1391,Electronics,South,4,485.67,0.31,COD,10,4.8,1942.68,2031,1,January,339.969,1359.876,582.8040000000001
13304,2031-01-17,1916,Clothing,South,6,518.11,0.11,COD,6,1.4,3108.66,2031,1,January,362.67699999999996,2176.062,932.598
13305,2031-01-18,1993,Home,East,5,225.39,0.26,Card,1,2.0,1126.9499999999998,2031,1,January,157.77299999999997,788.8649999999998,338.08500000000004
13306,2031-01-19,1963,Clothing,West,2,205.06,0.3,COD,5,4.8,410.12,2031,1,January,143.542,287.084,123.036
13307,2031-01-20,1536,Electronics,North,4,317.47,0.24,COD,6,1.6,1269.88,2031,1,January,222.229,888.916,380.96400000000006
13308,2031-01-21,1078,Beauty,North,5,41.75,0.09,Card,9,4.0,208.75,2031,1,January,29.224999999999998,146.125,62.625
13309,2031-01-22,1579,Home,West,7,568.03,0.33,Card,6,1.0,3976.21,2031,1,January,397.621,2783.3469999999998,1192.8630000000003
13310,2031-01-23,1172,Clothing,West,2,99.11,0.16,Wallet,4,3.5,198.22,2031,1,January,69.377,138.754,59.46600000000001
13311,2031-01-24,1955,Clothing,South,4,543.26,0.05,COD,1,3.0,2173.04,2031,1,January,380.282,1521.128,651.912
13312,2031-01-25,1011,Electronics,East,3,63.9,0.04,COD,6,2.9,191.7,2031,1,January,44.73,134.19,57.50999999999999
13313,2031-01-26,1799,Clothing,East,5,496.24,0.23,Card,7,4.3,2481.2,2031,1,January,347.368,1736.84,744.3599999999999
13314,2031-01-27,1127,Clothing,East,5,103.9,0.15,Wallet,5,1.3,519.5,2031,1,January,72.73,363.65000000000003,155.84999999999997
13315,2031-01-28,1607,Beauty,West,3,37.31,0.03,COD,6,2.5,111.93,2031,1,January,26.117,78.351,33.57900000000001
13316,2031-01-29,1091,Clothing,East,7,435.9,0.26,Wallet,10,2.8,3051.2999999999997,2031,1,January,305.12999999999994,2135.9099999999994,915.3900000000003
13317,2031-01-30,1652,Clothing,South,1,178.96,0.28,Wallet,8,1.5,178.96,2031,1,January,125.27199999999999,125.27199999999999,53.68800000000002
13318,2031-01-31,1542,Clothing,West,4,432.98,0.25,Wallet,1,1.3,1731.92,2031,1,January,303.086,1212.344,519.576
13319,2031-02-01,1845,Beauty,West,3,339.72,0.07,Wallet,8,1.7,1019.1600000000001,2031,2,February,237.804,713.412,305.74800000000005
13320,2031-02-02,1531,Home,East,5,78.65,0.24,Card,11,2.0,393.25,2031,2,February,55.055,275.275,117.97500000000002
13321,2031-02-03,1657,Clothing,North,4,560.3,0.0,Wallet,2,4.9,2241.2,2031,2,February,392.2099999999999,1568.8399999999997,672.3600000000001
13322,2031-02-04,1988,Home,North,7,279.6,0.11,Card,2,2.9,1957.2000000000003,2031,2,February,195.72,1370.04,587.1600000000003
13323,2031-02-05,1827,Clothing,South,4,444.65,0.14,Wallet,8,3.0,1778.6,2031,2,February,311.25499999999994,1245.0199999999998,533.5800000000002
13324,2031-02-06,1446,Clothing,East,1,308.1,0.29,Card,2,3.8,308.1,2031,2,February,215.67000000000002,215.67000000000002,92.43
13325,2031-02-07,1389,Electronics,East,5,368.55,0.14,COD,8,3.7,1842.75,2031,2,February,257.985,1289.9250000000002,552.8249999999998
13326,2031-02-08,1671,Clothing,West,2,192.12,0.0,Card,5,3.0,384.24,2031,2,February,134.48399999999998,268.96799999999996,115.27200000000005
13327,2031-02-09,1860,Electronics,West,1,132.21,0.12,COD,9,2.4,132.21,2031,2,February,92.547,92.547,39.66300000000001
13328,2031-02-10,1042,Beauty,East,1,332.4,0.17,Card,9,2.3,332.4,2031,2,February,232.67999999999998,232.67999999999998,99.72
13329,2031-02-11,1253,Electronics,West,2,272.53,0.33,Card,8,1.2,545.06,2031,2,February,190.77099999999996,381.5419999999999,163.51800000000003
13330,2031-02-12,1129,Beauty,East,2,243.22,0.33,Wallet,9,4.6,486.44,2031,2,February,170.254,340.508,145.93200000000002
13331,2031-02-13,1059,Clothing,South,7,408.45,0.06,COD,7,4.1,2859.15,2031,2,February,285.91499999999996,2001.4049999999997,857.7450000000003
13332,2031-02-14,1662,Clothing,West,7,418.95,0.06,Card,8,3.5,2932.65,2031,2,February,293.265,2052.855,879.7950000000001
13333,2031-02-15,1466,Clothing,East,1,41.86,0.06,Card,6,2.6,41.86,2031,2,February,29.301999999999996,29.301999999999996,12.558000000000003
13334,2031-02-16,1286,Electronics,West,4,213.17,0.28,Card,9,3.3,852.68,2031,2,February,149.219,596.876,255.80399999999997
13335,2031-02-17,1516,Clothing,South,3,255.88,0.0,COD,2,2.9,767.64,2031,2,February,179.11599999999999,537.348,230.29200000000003
13336,2031-02-18,1466,Electronics,West,3,71.68,0.04,Wallet,3,2.1,215.04000000000002,2031,2,February,50.176,150.52800000000002,64.512
13337,2031-02-19,1929,Clothing,East,1,153.0,0.19,COD,2,2.2,153.0,2031,2,February,107.1,107.1,45.900000000000006
13338,2031-02-20,1777,Clothing,West,4,45.21,0.09,Card,6,4.5,180.84,2031,2,February,31.647,126.588,54.25200000000001
13339,2031-02-21,1344,Home,West,2,597.8,0.03,Card,3,3.5,1195.6,2031,2,February,418.4599999999999,836.9199999999998,358.68000000000006
13340,2031-02-22,1641,Electronics,East,6,445.89,0.13,Wallet,11,1.0,2675.34,2031,2,February,312.123,1872.7379999999998,802.6020000000003
13341,2031-02-23,1381,Electronics,North,1,66.16,0.1,Card,1,2.3,66.16,2031,2,February,46.312,46.312,19.848
13342,2031-02-24,1778,Clothing,West,5,26.85,0.18,COD,4,2.4,134.25,2031,2,February,18.794999999999998,93.975,40.275000000000006
13343,2031-02-25,1689,Beauty,West,4,435.78,0.34,Card,5,3.8,1743.12,2031,2,February,305.04599999999994,1220.1839999999997,522.9360000000001
13344,2031-02-26,1252,Home,South,5,271.93,0.04,COD,11,3.8,1359.65,2031,2,February,190.351,951.755,407.8950000000001
13345,2031-02-27,1926,Clothing,North,5,475.28,0.13,Wallet,4,2.9,2376.3999999999996,2031,2,February,332.69599999999997,1663.4799999999998,712.9199999999998
13346,2031-02-28,1055,Clothing,South,1,555.23,0.33,Card,6,4.8,555.23,2031,2,February,388.661,388.661,166.56900000000002
13347,2031-03-01,1462,Electronics,East,4,365.59,0.31,COD,3,4.5,1462.36,2031,3,March,255.91299999999995,1023.6519999999998,438.7080000000001
13348,2031-03-02,1456,Beauty,East,5,124.46,0.14,COD,10,4.5,622.3,2031,3,March,87.12199999999999,435.6099999999999,186.69000000000005
13349,2031-03-03,1982,Home,South,7,472.58,0.24,Card,6,2.4,3308.06,2031,3,March,330.806,2315.642,992.4180000000001
13350,2031-03-04,1082,Electronics,West,7,574.15,0.03,Card,10,2.7,4019.0499999999997,2031,3,March,401.905,2813.335,1205.7149999999997
13351,2031-03-05,1904,Clothing,North,4,354.44,0.25,COD,1,2.7,1417.76,2031,3,March,248.10799999999998,992.4319999999999,425.3280000000001
13352,2031-03-06,1098,Electronics,South,3,413.97,0.34,Card,6,2.8,1241.91,2031,3,March,289.779,869.337,372.5730000000001
13353,2031-03-07,1148,Beauty,South,6,212.42,0.19,Wallet,8,4.6,1274.52,2031,3,March,148.694,892.164,382.356
13354,2031-03-08,1328,Electronics,East,5,238.19,0.17,Card,10,2.0,1190.95,2031,3,March,166.73299999999998,833.6649999999998,357.2850000000002
13355,2031-03-09,1155,Clothing,West,5,444.77,0.07,Card,8,4.2,2223.85,2031,3,March,311.33899999999994,1556.6949999999997,667.1550000000002
13356,2031-03-10,1189,Electronics,North,4,557.75,0.22,Card,1,3.1,2231.0,2031,3,March,390.42499999999995,1561.6999999999998,669.3000000000002
13357,2031-03-11,1493,Home,South,7,382.96,0.21,Card,7,2.0,2680.72,2031,3,March,268.07199999999995,1876.5039999999997,804.2160000000001
13358,2031-03-12,1882,Home,North,6,477.06,0.23,COD,10,3.1,2862.36,2031,3,March,333.942,2003.652,858.7080000000001
13359,2031-03-13,1262,Home,North,3,115.41,0.01,Card,10,1.8,346.23,2031,3,March,80.78699999999999,242.361,103.86900000000003
13360,2031-03-14,1079,Clothing,South,5,139.0,0.19,COD,4,1.4,695.0,2031,3,March,97.3,486.5,208.5
13361,2031-03-15,1399,Beauty,North,1,326.24,0.21,Wallet,6,4.4,326.24,2031,3,March,228.368,228.368,97.87200000000001
13362,2031-03-16,1763,Electronics,East,7,118.28,0.07,COD,6,3.8,827.96,2031,3,March,82.79599999999999,579.5719999999999,248.38800000000015
13363,2031-03-17,1608,Electronics,West,4,386.47,0.07,Card,5,1.8,1545.88,2031,3,March,270.529,1082.116,463.7640000000001
13364,2031-03-18,1259,Electronics,West,4,185.62,0.1,Wallet,10,4.8,742.48,2031,3,March,129.934,519.736,222.74400000000003
13365,2031-03-19,1771,Beauty,West,7,478.05,0.25,Card,9,1.1,3346.35,2031,3,March,334.635,2342.4449999999997,1003.9050000000002
13366,2031-03-20,1614,Clothing,East,5,487.74,0.21,COD,11,2.3,2438.7,2031,3,March,341.418,1707.0900000000001,731.6099999999997
13367,2031-03-21,1551,Home,East,3,286.32,0.3,Card,10,1.1,858.96,2031,3,March,200.42399999999998,601.2719999999999,257.6880000000001
13368,2031-03-22,1784,Home,East,5,120.77,0.1,Card,8,1.6,603.85,2031,3,March,84.53899999999999,422.69499999999994,181.1550000000001
13369,2031-03-23,1100,Electronics,West,7,393.36,0.32,Wallet,6,1.7,2753.52,2031,3,March,275.352,1927.464,826.056
13370,2031-03-24,1358,Electronics,North,2,595.78,0.26,Card,4,4.2,1191.56,2031,3,March,417.04599999999994,834.0919999999999,357.4680000000001
13371,2031-03-25,1379,Electronics,East,5,379.22,0.14,COD,4,5.0,1896.1000000000001,2031,3,March,265.454,1327.27,568.8300000000002
13372,2031-03-26,1819,Clothing,South,6,35.93,0.03,Card,9,4.5,215.57999999999998,2031,3,March,25.151,150.906,64.67399999999998
13373,2031-03-27,1220,Electronics,East,7,25.12,0.09,COD,4,3.5,175.84,2031,3,March,17.584,123.088,52.75200000000001
13374,2031-03-28,1819,Electronics,South,6,202.41,0.33,COD,7,3.9,1214.46,2031,3,March,141.68699999999998,850.1219999999998,364.3380000000002
13375,2031-03-29,1419,Beauty,West,7,129.53,0.11,Card,6,3.1,906.71,2031,3,March,90.67099999999999,634.6969999999999,272.01300000000015
13376,2031-03-30,1123,Beauty,South,2,490.63,0.12,COD,2,2.7,981.26,2031,3,March,343.441,686.882,294.37800000000004
13377,2031-03-31,1421,Electronics,East,6,509.21,0.07,COD,5,3.8,3055.2599999999998,2031,3,March,356.44699999999995,2138.682,916.578
13378,2031-04-01,1230,Electronics,East,6,166.29,0.28,COD,3,4.9,997.74,2031,4,April,116.40299999999999,698.4179999999999,299.3220000000001
13379,2031-04-02,1689,Electronics,North,1,205.5,0.1,COD,9,1.1,205.5,2031,4,April,143.85,143.85,61.650000000000006
13380,2031-04-03,1062,Home,West,4,153.2,0.12,COD,10,2.3,612.8,2031,4,April,107.23999999999998,428.9599999999999,183.84000000000003
13381,2031-04-04,1484,Home,South,6,546.4,0.15,Card,1,2.3,3278.3999999999996,2031,4,April,382.47999999999996,2294.8799999999997,983.52
13382,2031-04-05,1627,Electronics,West,4,309.05,0.15,COD,10,2.7,1236.2,2031,4,April,216.335,865.34,370.86
13383,2031-04-06,1702,Electronics,East,7,398.84,0.14,COD,4,3.5,2791.8799999999997,2031,4,April,279.188,1954.3159999999998,837.5639999999999
13384,2031-04-07,1573,Home,North,3,258.06,0.18,Card,4,3.1,774.1800000000001,2031,4,April,180.642,541.9259999999999,232.25400000000013
13385,2031-04-08,1767,Clothing,East,5,384.14,0.29,Wallet,9,1.1,1920.6999999999998,2031,4,April,268.89799999999997,1344.4899999999998,576.21
13386,2031-04-09,1482,Electronics,East,1,240.73,0.29,Card,1,2.6,240.73,2031,4,April,168.511,168.511,72.219
13387,2031-04-10,1518,Clothing,East,7,213.71,0.28,Card,2,3.5,1495.97,2031,4,April,149.597,1047.179,448.79099999999994
13388,2031-04-11,1154,Electronics,South,2,386.17,0.04,Card,1,3.0,772.34,2031,4,April,270.319,540.638,231.702
13389,2031-04-12,1091,Clothing,East,3,360.77,0.28,Card,1,4.5,1082.31,2031,4,April,252.53899999999996,757.6169999999998,324.6930000000001
13390,2031-04-13,1981,Home,West,1,186.71,0.04,Card,1,2.6,186.71,2031,4,April,130.697,130.697,56.013000000000005
13391,2031-04-14,1525,Home,West,1,102.37,0.04,Wallet,3,1.1,102.37,2031,4,April,71.65899999999999,71.65899999999999,30.711000000000013
13392,2031-04-15,1454,Clothing,North,7,230.62,0.33,Card,11,2.1,1614.3400000000001,2031,4,April,161.434,1130.038,484.30200000000013
13393,2031-04-16,1740,Beauty,West,2,257.89,0.29,COD,4,1.5,515.78,2031,4,April,180.52299999999997,361.04599999999994,154.73400000000004
13394,2031-04-17,1597,Clothing,East,2,382.78,0.19,Card,10,2.0,765.56,2031,4,April,267.94599999999997,535.8919999999999,229.668
13395,2031-04-18,1644,Home,East,4,550.0,0.31,COD,2,2.4,2200.0,2031,4,April,385.0,1540.0,660.0
13396,2031-04-19,1509,Clothing,West,5,36.17,0.35,Wallet,1,3.7,180.85000000000002,2031,4,April,25.319,126.595,54.255000000000024
13397,2031-04-20,1182,Beauty,North,7,157.54,0.21,Card,5,2.3,1102.78,2031,4,April,110.27799999999999,771.9459999999999,330.83400000000006
13398,2031-04-21,1385,Beauty,North,3,128.32,0.21,Wallet,6,4.5,384.96,2031,4,April,89.82399999999998,269.472,115.488
13399,2031-04-22,1573,Electronics,West,5,308.84,0.26,Wallet,2,2.2,1544.1999999999998,2031,4,April,216.18799999999996,1080.9399999999998,463.26
13400,2031-04-23,1730,Beauty,South,3,266.37,0.08,COD,3,1.5,799.11,2031,4,April,186.459,559.377,239.73300000000006
13401,2031-04-24,1404,Home,South,1,441.49,0.06,Card,10,1.7,441.49,2031,4,April,309.043,309.043,132.447
13402,2031-04-25,1245,Home,South,6,156.81,0.27,COD,3,4.7,940.86,2031,4,April,109.767,658.602,282.25800000000004
13403,2031-04-26,1741,Electronics,South,6,362.78,0.12,Wallet,2,2.8,2176.68,2031,4,April,253.94599999999997,1523.676,653.0039999999999
13404,2031-04-27,1590,Home,West,7,532.06,0.05,Card,4,2.6,3724.4199999999996,2031,4,April,372.44199999999995,2607.0939999999996,1117.326
13405,2031-04-28,1660,Beauty,North,2,547.75,0.11,COD,5,1.3,1095.5,2031,4,April,383.42499999999995,766.8499999999999,328.6500000000001
13406,2031-04-29,1649,Electronics,East,2,575.89,0.13,Card,8,3.9,1151.78,2031,4,April,403.123,806.246,345.534
13407,2031-04-30,1470,Beauty,East,1,467.36,0.34,Card,6,3.8,467.36,2031,4,April,327.152,327.152,140.20800000000003
13408,2031-05-01,1825,Electronics,West,1,545.0,0.24,Wallet,9,2.5,545.0,2031,5,May,381.5,381.5,163.5
13409,2031-05-02,1887,Electronics,East,3,152.2,0.19,Card,3,3.8,456.59999999999997,2031,5,May,106.53999999999999,319.62,136.97999999999996
13410,2031-05-03,1422,Clothing,South,1,130.58,0.34,Card,10,2.5,130.58,2031,5,May,91.406,91.406,39.17400000000001
13411,2031-05-04,1900,Clothing,North,7,18.8,0.32,COD,9,1.3,131.6,2031,5,May,13.16,92.12,39.47999999999999
13412,2031-05-05,1064,Clothing,West,3,428.5,0.18,Card,11,4.0,1285.5,2031,5,May,299.95,899.8499999999999,385.6500000000001
13413,2031-05-06,1012,Electronics,North,5,563.42,0.32,Card,11,4.9,2817.1,2031,5,May,394.39399999999995,1971.9699999999998,845.1300000000001
13414,2031-05-07,1212,Beauty,West,2,124.36,0.14,COD,4,3.6,248.72,2031,5,May,87.05199999999999,174.10399999999998,74.61600000000001
13415,2031-05-08,1985,Electronics,West,2,387.61,0.08,Card,8,2.1,775.22,2031,5,May,271.327,542.654,232.56600000000003
13416,2031-05-09,1241,Electronics,West,6,451.68,0.08,Card,10,2.1,2710.08,2031,5,May,316.176,1897.056,813.0239999999999
13417,2031-05-10,1492,Electronics,West,6,557.65,0.23,Card,7,4.7,3345.8999999999996,2031,5,May,390.35499999999996,2342.1299999999997,1003.77
13418,2031-05-11,1212,Clothing,North,7,393.41,0.18,COD,7,2.2,2753.8700000000003,2031,5,May,275.387,1927.709,826.1610000000003
13419,2031-05-12,1692,Beauty,East,2,582.62,0.23,Wallet,9,4.1,1165.24,2031,5,May,407.834,815.668,349.572
13420,2031-05-13,1337,Home,West,7,216.63,0.24,Wallet,10,3.6,1516.4099999999999,2031,5,May,151.641,1061.4869999999999,454.923
13421,2031-05-14,1996,Home,South,5,219.71,0.01,Card,2,3.4,1098.55,2031,5,May,153.797,768.985,329.56499999999994
13422,2031-05-15,1172,Electronics,West,5,332.66,0.02,COD,5,1.7,1663.3000000000002,2031,5,May,232.862,1164.31,498.99000000000024
13423,2031-05-16,1671,Clothing,North,4,239.35,0.19,Wallet,3,1.1,957.4,2031,5,May,167.545,670.18,287.22
13424,2031-05-17,1163,Clothing,West,3,15.83,0.07,Card,7,3.0,47.49,2031,5,May,11.081,33.242999999999995,14.247000000000007
13425,2031-05-18,1464,Clothing,South,6,443.09,0.22,Wallet,3,5.0,2658.54,2031,5,May,310.16299999999995,1860.9779999999996,797.5620000000004
13426,2031-05-19,1994,Electronics,North,3,454.75,0.19,Wallet,5,1.8,1364.25,2031,5,May,318.325,954.9749999999999,409.2750000000001
13427,2031-05-20,1496,Home,West,6,451.98,0.21,Card,5,3.1,2711.88,2031,5,May,316.38599999999997,1898.3159999999998,813.5640000000003
13428,2031-05-21,1699,Clothing,South,4,216.84,0.11,Card,2,3.7,867.36,2031,5,May,151.78799999999998,607.1519999999999,260.2080000000001
13429,2031-05-22,1394,Home,North,2,320.54,0.22,Card,11,2.9,641.08,2031,5,May,224.378,448.756,192.32400000000007
13430,2031-05-23,1702,Clothing,West,7,225.58,0.29,Card,1,3.0,1579.0600000000002,2031,5,May,157.906,1105.342,473.7180000000001
13431,2031-05-24,1916,Electronics,South,3,24.38,0.35,Wallet,6,3.6,73.14,2031,5,May,17.066,51.19799999999999,21.942000000000007
13432,2031-05-25,1307,Clothing,North,6,344.03,0.29,Wallet,1,4.3,2064.18,2031,5,May,240.82099999999997,1444.926,619.2539999999999
13433,2031-05-26,1767,Electronics,West,3,87.4,0.2,Card,9,2.3,262.20000000000005,2031,5,May,61.18,183.54,78.66000000000005
13434,2031-05-27,1182,Beauty,North,2,61.82,0.07,COD,10,4.6,123.64,2031,5,May,43.274,86.548,37.092
13435,2031-05-28,1628,Clothing,South,7,456.97,0.24,COD,5,2.9,3198.79,2031,5,May,319.879,2239.1530000000002,959.6369999999997
13436,2031-05-29,1793,Electronics,West,1,20.56,0.33,Card,1,3.6,20.56,2031,5,May,14.391999999999998,14.391999999999998,6.168000000000001
13437,2031-05-30,1509,Beauty,West,6,576.02,0.07,COD,8,1.4,3456.12,2031,5,May,403.21399999999994,2419.2839999999997,1036.8360000000002
13438,2031-05-31,1707,Clothing,West,1,316.42,0.09,Wallet,1,3.0,316.42,2031,5,May,221.494,221.494,94.92600000000002
13439,2031-06-01,1545,Electronics,South,4,590.06,0.05,Card,4,1.1,2360.24,2031,6,June,413.0419999999999,1652.1679999999997,708.0720000000001
13440,2031-06-02,1563,Clothing,East,7,48.93,0.26,Card,7,2.6,342.51,2031,6,June,34.251,239.75699999999998,102.75300000000001
13441,2031-06-03,1623,Electronics,West,5,356.36,0.14,Card,4,1.2,1781.8000000000002,2031,6,June,249.452,1247.26,534.5400000000002
13442,2031-06-04,1763,Home,South,3,219.36,0.02,Card,5,4.6,658.08,2031,6,June,153.552,460.65599999999995,197.4240000000001
13443,2031-06-05,1593,Home,North,6,508.44,0.31,Card,7,3.7,3050.64,2031,6,June,355.90799999999996,2135.448,915.192
13444,2031-06-06,1743,Beauty,North,3,226.32,0.2,Card,4,4.2,678.96,2031,6,June,158.42399999999998,475.27199999999993,203.6880000000001
13445,2031-06-07,1226,Clothing,South,4,167.39,0.12,COD,5,2.9,669.56,2031,6,June,117.17299999999999,468.69199999999995,200.868
13446,2031-06-08,1744,Clothing,East,4,516.67,0.12,COD,7,4.4,2066.68,2031,6,June,361.6689999999999,1446.6759999999997,620.0040000000001
13447,2031-06-09,1732,Home,South,3,234.17,0.1,Card,1,4.5,702.51,2031,6,June,163.91899999999998,491.75699999999995,210.75300000000004
13448,2031-06-10,1435,Electronics,North,6,24.85,0.16,Card,3,2.4,149.10000000000002,2031,6,June,17.395,104.37,44.73000000000002
13449,2031-06-11,1924,Clothing,North,7,243.32,0.12,Wallet,1,2.5,1703.24,2031,6,June,170.32399999999998,1192.2679999999998,510.9720000000002
13450,2031-06-12,1421,Clothing,West,2,397.9,0.19,Wallet,3,3.0,795.8,2031,6,June,278.53,557.06,238.74
13451,2031-06-13,1553,Electronics,East,7,163.8,0.27,Card,11,1.2,1146.6000000000001,2031,6,June,114.66,802.62,343.98000000000013
13452,2031-06-14,1020,Clothing,South,2,267.71,0.24,Card,2,5.0,535.42,2031,6,June,187.39699999999996,374.7939999999999,160.62600000000003
13453,2031-06-15,1553,Beauty,North,5,48.18,0.1,Wallet,5,2.4,240.9,2031,6,June,33.726,168.63,72.27000000000001
13454,2031-06-16,1396,Beauty,North,7,359.03,0.19,Card,10,2.9,2513.21,2031,6,June,251.32099999999997,1759.2469999999998,753.9630000000002
13455,2031-06-17,1624,Electronics,North,3,457.43,0.29,Card,5,4.0,1372.29,2031,6,June,320.20099999999996,960.6029999999998,411.6870000000001
13456,2031-06-18,1104,Electronics,South,3,256.79,0.02,Card,10,2.2,770.3700000000001,2031,6,June,179.75300000000001,539.259,231.1110000000001
13457,2031-06-19,1191,Electronics,South,6,260.84,0.03,Card,9,1.8,1565.04,2031,6,June,182.58799999999997,1095.5279999999998,469.51200000000017
13458,2031-06-20,1016,Beauty,East,3,66.65,0.19,Card,8,1.5,199.95000000000002,2031,6,June,46.655,139.965,59.985000000000014
13459,2031-06-21,1119,Electronics,West,6,133.14,0.22,Card,3,3.1,798.8399999999999,2031,6,June,93.19799999999998,559.1879999999999,239.65200000000004
13460,2031-06-22,1392,Home,West,3,105.49,0.07,COD,1,1.0,316.46999999999997,2031,6,June,73.84299999999999,221.52899999999997,94.941
13461,2031-06-23,1424,Electronics,West,4,296.79,0.26,Wallet,5,3.8,1187.16,2031,6,June,207.75300000000001,831.0120000000001,356.148
13462,2031-06-24,1128,Clothing,North,1,324.61,0.23,Wallet,11,2.8,324.61,2031,6,June,227.227,227.227,97.38300000000001
13463,2031-06-25,1129,Clothing,West,3,570.13,0.32,Card,3,3.1,1710.3899999999999,2031,6,June,399.09099999999995,1197.273,513.117
13464,2031-06-26,1571,Home,North,1,57.84,0.06,Card,5,2.1,57.84,2031,6,June,40.488,40.488,17.352000000000004
13465,2031-06-27,1559,Electronics,East,2,365.92,0.26,COD,9,1.7,731.84,2031,6,June,256.144,512.288,219.55200000000002
13466,2031-06-28,1028,Clothing,North,5,323.0,0.03,COD,11,3.8,1615.0,2031,6,June,226.1,1130.5,484.5
13467,2031-06-29,1096,Electronics,East,7,317.0,0.2,Card,1,1.8,2219.0,2031,6,June,221.89999999999998,1553.2999999999997,665.7000000000003
13468,2031-06-30,1009,Home,East,7,525.8,0.19,Card,1,4.1,3680.5999999999995,2031,6,June,368.05999999999995,2576.4199999999996,1104.1799999999998
13469,2031-07-01,1241,Beauty,West,2,135.24,0.14,Card,9,1.8,270.48,2031,7,July,94.668,189.336,81.144
13470,2031-07-02,1825,Electronics,West,3,38.85,0.3,Card,3,3.5,116.55000000000001,2031,7,July,27.195,81.58500000000001,34.965
13471,2031-07-03,1955,Beauty,North,7,408.28,0.0,Card,10,3.6,2857.96,2031,7,July,285.79599999999994,2000.5719999999997,857.3880000000004
13472,2031-07-04,1231,Clothing,South,6,216.92,0.18,Wallet,5,3.0,1301.52,2031,7,July,151.844,911.064,390.456
13473,2031-07-05,1788,Electronics,West,2,25.29,0.08,Card,9,5.0,50.58,2031,7,July,17.703,35.406,15.174
13474,2031-07-06,1283,Clothing,West,4,162.05,0.26,Wallet,11,2.5,648.2,2031,7,July,113.435,453.74,194.46000000000004
13475,2031-07-07,1714,Electronics,South,1,195.96,0.02,Wallet,5,4.5,195.96,2031,7,July,137.172,137.172,58.78800000000001
13476,2031-07-08,1758,Home,South,6,375.85,0.29,Card,3,1.7,2255.1000000000004,2031,7,July,263.095,1578.5700000000002,676.5300000000002
13477,2031-07-09,1801,Home,West,7,115.96,0.29,COD,9,2.3,811.7199999999999,2031,7,July,81.172,568.204,243.51599999999996
13478,2031-07-10,1775,Electronics,South,6,256.64,0.29,COD,7,1.6,1539.84,2031,7,July,179.64799999999997,1077.888,461.952
13479,2031-07-11,1954,Clothing,North,3,297.25,0.05,Card,7,3.4,891.75,2031,7,July,208.075,624.2249999999999,267.5250000000001
13480,2031-07-12,1725,Home,East,4,283.65,0.22,Card,8,3.6,1134.6,2031,7,July,198.55499999999998,794.2199999999999,340.38
13481,2031-07-13,1199,Beauty,East,1,584.76,0.01,COD,11,2.8,584.76,2031,7,July,409.332,409.332,175.428
13482,2031-07-14,1944,Clothing,West,4,41.62,0.3,COD,5,3.9,166.48,2031,7,July,29.133999999999997,116.53599999999999,49.944
13483,2031-07-15,1078,Beauty,West,2,571.32,0.25,COD,2,4.5,1142.64,2031,7,July,399.92400000000004,799.8480000000001,342.79200000000003
13484,2031-07-16,1912,Clothing,North,3,355.43,0.19,COD,11,4.1,1066.29,2031,7,July,248.801,746.403,319.88699999999994
13485,2031-07-17,1955,Clothing,South,6,480.5,0.26,Card,9,2.0,2883.0,2031,7,July,336.34999999999997,2018.1,864.9000000000001
13486,2031-07-18,1854,Home,West,6,266.78,0.03,COD,3,2.3,1600.6799999999998,2031,7,July,186.74599999999998,1120.4759999999999,480.20399999999995
13487,2031-07-19,1855,Clothing,East,2,280.5,0.19,Card,11,2.5,561.0,2031,7,July,196.35,392.7,168.3
13488,2031-07-20,1172,Clothing,North,6,529.41,0.1,COD,2,1.8,3176.46,2031,7,July,370.58699999999993,2223.5219999999995,952.9380000000006
13489,2031-07-21,1466,Clothing,North,5,539.12,0.34,Wallet,10,2.4,2695.6,2031,7,July,377.38399999999996,1886.9199999999998,808.6800000000001
13490,2031-07-22,1580,Home,South,3,154.63,0.3,COD,10,2.0,463.89,2031,7,July,108.24099999999999,324.72299999999996,139.16700000000003
13491,2031-07-23,1415,Home,West,2,131.56,0.26,COD,5,5.0,263.12,2031,7,July,92.092,184.184,78.936
13492,2031-07-24,1939,Clothing,West,3,305.3,0.33,COD,8,4.1,915.9000000000001,2031,7,July,213.71,641.13,274.7700000000001
13493,2031-07-25,1448,Electronics,North,1,541.66,0.12,COD,3,4.4,541.66,2031,7,July,379.162,379.162,162.498
13494,2031-07-26,1086,Clothing,East,3,203.58,0.32,COD,6,4.7,610.74,2031,7,July,142.506,427.51800000000003,183.22199999999998
13495,2031-07-27,1100,Clothing,West,3,396.43,0.11,Card,9,3.7,1189.29,2031,7,July,277.501,832.5029999999999,356.78700000000003
13496,2031-07-28,1007,Electronics,East,1,429.27,0.26,Wallet,2,1.7,429.27,2031,7,July,300.489,300.489,128.781
13497,2031-07-29,1844,Home,North,2,470.52,0.26,Card,8,4.0,941.04,2031,7,July,329.364,658.728,282.312
13498,2031-07-30,1199,Clothing,West,3,344.9,0.01,Card,10,1.1,1034.6999999999998,2031,7,July,241.42999999999998,724.29,310.40999999999985
13499,2031-07-31,1504,Electronics,East,4,250.44,0.13,Card,7,1.5,1001.76,2031,7,July,175.308,701.232,300.528
13500,2031-08-01,1086,Electronics,North,3,580.7,0.01,Card,3,1.1,1742.1000000000001,2031,8,August,406.49,1219.47,522.6300000000001
13501,2031-08-02,1042,Electronics,East,2,372.63,0.35,COD,1,1.5,745.26,2031,8,August,260.841,521.682,223.57799999999997
13502,2031-08-03,1384,Beauty,West,6,441.21,0.04,Card,6,4.0,2647.2599999999998,2031,8,August,308.847,1853.0819999999999,794.1779999999999
13503,2031-08-04,1620,Electronics,South,7,216.81,0.19,Wallet,2,4.5,1517.67,2031,8,August,151.767,1062.369,455.30100000000016
13504,2031-08-05,1434,Electronics,East,1,406.92,0.28,Card,3,2.1,406.92,2031,8,August,284.844,284.844,122.07600000000002
13505,2031-08-06,1407,Clothing,South,6,165.81,0.07,Card,5,1.5,994.86,2031,8,August,116.067,696.4019999999999,298.4580000000001
13506,2031-08-07,1482,Electronics,West,2,158.38,0.17,Card,11,2.1,316.76,2031,8,August,110.86599999999999,221.73199999999997,95.02800000000002
13507,2031-08-08,1663,Electronics,South,5,433.11,0.21,COD,8,3.6,2165.55,2031,8,August,303.17699999999996,1515.8849999999998,649.6650000000004
13508,2031-08-09,1016,Electronics,North,7,320.02,0.06,Wallet,2,2.4,2240.14,2031,8,August,224.01399999999998,1568.098,672.0419999999999
13509,2031-08-10,1644,Clothing,South,6,414.72,0.27,COD,6,4.8,2488.32,2031,8,August,290.304,1741.8239999999998,746.4960000000003
13510,2031-08-11,1147,Clothing,East,3,172.62,0.1,Card,1,1.5,517.86,2031,8,August,120.83399999999999,362.50199999999995,155.35800000000006
13511,2031-08-12,1276,Clothing,East,7,365.25,0.07,Wallet,7,5.0,2556.75,2031,8,August,255.67499999999998,1789.725,767.0250000000001
13512,2031-08-13,1231,Clothing,South,3,274.7,0.2,Card,4,1.0,824.0999999999999,2031,8,August,192.29,576.87,247.2299999999999
13513,2031-08-14,1825,Beauty,North,1,364.22,0.14,COD,1,2.8,364.22,2031,8,August,254.954,254.954,109.26600000000002
13514,2031-08-15,1926,Clothing,West,3,185.16,0.32,Card,9,2.0,555.48,2031,8,August,129.612,388.836,166.644
13515,2031-08-16,1365,Electronics,South,7,433.54,0.31,Card,9,3.3,3034.78,2031,8,August,303.478,2124.346,910.4340000000002
13516,2031-08-17,1227,Electronics,East,4,486.47,0.17,Card,11,1.4,1945.88,2031,8,August,340.529,1362.116,583.7640000000001
13517,2031-08-18,1650,Clothing,East,4,167.05,0.13,Card,3,4.5,668.2,2031,8,August,116.935,467.74,200.46000000000004
13518,2031-08-19,1435,Home,South,6,190.86,0.11,Wallet,6,1.5,1145.16,2031,8,August,133.602,801.6120000000001,343.548
13519,2031-08-20,1398,Electronics,South,2,401.78,0.09,COD,7,3.3,803.56,2031,8,August,281.246,562.492,241.06799999999998
13520,2031-08-21,1210,Home,South,1,421.92,0.19,Wallet,4,1.1,421.92,2031,8,August,295.344,295.344,126.57600000000002
13521,2031-08-22,1390,Electronics,West,5,426.9,0.28,COD,6,2.2,2134.5,2031,8,August,298.83,1494.1499999999999,640.3500000000001
13522,2031-08-23,1498,Clothing,East,6,414.38,0.11,COD,9,1.6,2486.2799999999997,2031,8,August,290.066,1740.3959999999997,745.884
13523,2031-08-24,1539,Home,East,2,244.79,0.07,COD,10,4.9,489.58,2031,8,August,171.35299999999998,342.70599999999996,146.87400000000002
13524,2031-08-25,1562,Electronics,East,1,245.99,0.17,Wallet,6,1.0,245.99,2031,8,August,172.19299999999998,172.19299999999998,73.79700000000003
13525,2031-08-26,1490,Clothing,West,7,164.07,0.02,Card,7,2.4,1148.49,2031,8,August,114.84899999999999,803.943,344.547
13526,2031-08-27,1441,Electronics,North,1,106.75,0.25,Card,6,2.2,106.75,2031,8,August,74.725,74.725,32.025000000000006
13527,2031-08-28,1260,Home,East,7,420.16,0.18,COD,7,3.6,2941.1200000000003,2031,8,August,294.112,2058.784,882.3360000000002
13528,2031-08-29,1772,Electronics,East,6,69.52,0.17,Wallet,1,1.2,417.12,2031,8,August,48.663999999999994,291.984,125.13600000000002
13529,2031-08-30,1349,Beauty,North,2,563.61,0.11,Wallet,6,4.2,1127.22,2031,8,August,394.527,789.054,338.16600000000005
13530,2031-08-31,1351,Electronics,West,2,498.61,0.32,COD,9,2.9,997.22,2031,8,August,349.027,698.054,299.16600000000005
13531,2031-09-01,1519,Beauty,North,3,516.64,0.03,Card,11,2.8,1549.92,2031,9,September,361.64799999999997,1084.944,464.9760000000001
13532,2031-09-02,1319,Clothing,North,5,545.4,0.3,Card,3,1.9,2727.0,2031,9,September,381.78,1908.8999999999999,818.1000000000001
13533,2031-09-03,1137,Home,North,4,254.03,0.13,Wallet,6,3.0,1016.12,2031,9,September,177.821,711.284,304.836
13534,2031-09-04,1549,Electronics,North,3,510.32,0.31,Card,4,2.5,1530.96,2031,9,September,357.224,1071.672,459.288
13535,2031-09-05,1622,Beauty,West,1,107.47,0.26,Card,7,2.0,107.47,2031,9,September,75.229,75.229,32.241
13536,2031-09-06,1991,Electronics,West,5,27.66,0.04,Wallet,7,1.7,138.3,2031,9,September,19.362,96.80999999999999,41.49000000000002
13537,2031-09-07,1367,Electronics,North,5,474.16,0.29,Card,9,3.9,2370.8,2031,9,September,331.912,1659.56,711.2400000000002
13538,2031-09-08,1219,Clothing,South,2,58.76,0.24,COD,4,1.6,117.52,2031,9,September,41.132,82.264,35.256
13539,2031-09-09,1336,Electronics,South,5,593.29,0.01,COD,8,1.7,2966.45,2031,9,September,415.30299999999994,2076.515,889.935
13540,2031-09-10,1222,Electronics,South,6,409.76,0.05,Card,8,3.3,2458.56,2031,9,September,286.832,1720.992,737.568
13541,2031-09-11,1647,Beauty,South,5,455.77,0.22,Card,8,1.9,2278.85,2031,9,September,319.039,1595.195,683.655
13542,2031-09-12,1767,Beauty,East,1,158.8,0.23,Card,8,2.8,158.8,2031,9,September,111.16,111.16,47.640000000000015
13543,2031-09-13,1359,Clothing,West,6,409.21,0.26,COD,6,3.2,2455.2599999999998,2031,9,September,286.44699999999995,1718.6819999999998,736.578
13544,2031-09-14,1920,Beauty,West,6,40.28,0.25,COD,8,2.1,241.68,2031,9,September,28.195999999999998,169.176,72.50400000000002
13545,2031-09-15,1328,Clothing,North,3,505.13,0.23,Card,6,2.4,1515.3899999999999,2031,9,September,353.59099999999995,1060.773,454.61699999999996
13546,2031-09-16,1961,Electronics,East,5,114.23,0.27,Wallet,10,1.8,571.15,2031,9,September,79.961,399.805,171.34499999999997
13547,2031-09-17,1462,Home,North,2,422.95,0.2,Card,2,2.8,845.9,2031,9,September,296.065,592.13,253.76999999999998
13548,2031-09-18,1945,Home,North,7,146.32,0.09,Card,3,5.0,1024.24,2031,9,September,102.42399999999999,716.968,307.27200000000005
13549,2031-09-19,1962,Beauty,West,3,55.05,0.32,Card,6,2.5,165.14999999999998,2031,9,September,38.535,115.60499999999999,49.54499999999999
13550,2031-09-20,1560,Electronics,East,2,296.67,0.01,Card,7,3.6,593.34,2031,9,September,207.669,415.338,178.002
13551,2031-09-21,1803,Home,South,5,114.03,0.13,Wallet,4,3.5,570.15,2031,9,September,79.821,399.105,171.04499999999996
13552,2031-09-22,1381,Electronics,West,3,441.72,0.26,Card,1,4.1,1325.16,2031,9,September,309.204,927.6120000000001,397.548
13553,2031-09-23,1835,Electronics,East,5,153.98,0.15,Card,4,3.8,769.9,2031,9,September,107.78599999999999,538.93,230.97000000000003
13554,2031-09-24,1589,Electronics,East,1,215.35,0.01,Wallet,6,1.0,215.35,2031,9,September,150.74499999999998,150.74499999999998,64.60500000000002
13555,2031-09-25,1616,Beauty,West,3,346.95,0.02,COD,8,2.2,1040.85,2031,9,September,242.86499999999998,728.5949999999999,312.255
13556,2031-09-26,1168,Home,West,2,181.71,0.23,Card,4,4.5,363.42,2031,9,September,127.197,254.394,109.02600000000001
13557,2031-09-27,1216,Home,North,1,236.12,0.34,Wallet,10,3.2,236.12,2031,9,September,165.284,165.284,70.83600000000001
13558,2031-09-28,1377,Clothing,North,4,492.14,0.19,COD,1,1.4,1968.56,2031,9,September,344.498,1377.992,590.568
13559,2031-09-29,1118,Electronics,North,2,119.84,0.18,Card,5,2.1,239.68,2031,9,September,83.88799999999999,167.77599999999998,71.90400000000002
13560,2031-09-30,1189,Electronics,South,7,63.09,0.11,COD,7,2.1,441.63,2031,9,September,44.163,309.14099999999996,132.48900000000003
13561,2031-10-01,1766,Electronics,West,5,207.09,0.09,Wallet,6,4.5,1035.45,2031,10,October,144.963,724.8149999999999,310.6350000000001
13562,2031-10-02,1369,Clothing,East,2,263.26,0.01,COD,3,3.2,526.52,2031,10,October,184.28199999999998,368.56399999999996,157.95600000000002
13563,2031-10-03,1777,Home,West,4,332.46,0.1,COD,7,3.4,1329.84,2031,10,October,232.72199999999998,930.8879999999999,398.952
13564,2031-10-04,1148,Clothing,East,2,232.87,0.16,Wallet,4,2.5,465.74,2031,10,October,163.009,326.018,139.72200000000004
13565,2031-10-05,1675,Electronics,South,1,477.1,0.07,COD,5,1.2,477.1,2031,10,October,333.96999999999997,333.96999999999997,143.13000000000005
13566,2031-10-06,1651,Electronics,West,6,38.0,0.03,Card,11,1.3,228.0,2031,10,October,26.599999999999998,159.6,68.4
13567,2031-10-07,1858,Electronics,East,2,267.58,0.25,Card,7,2.7,535.16,2031,10,October,187.30599999999998,374.61199999999997,160.548
13568,2031-10-08,1487,Clothing,East,3,238.62,0.31,COD,2,1.7,715.86,2031,10,October,167.034,501.102,214.75800000000004
13569,2031-10-09,1769,Beauty,North,7,393.83,0.33,Card,4,1.4,2756.81,2031,10,October,275.681,1929.7669999999998,827.0430000000001
13570,2031-10-10,1373,Clothing,South,4,580.27,0.22,Wallet,4,2.0,2321.08,2031,10,October,406.18899999999996,1624.7559999999999,696.3240000000001
13571,2031-10-11,1780,Home,West,2,313.57,0.02,Card,6,4.0,627.14,2031,10,October,219.499,438.998,188.142
13572,2031-10-12,1692,Clothing,North,4,592.32,0.26,COD,11,1.3,2369.28,2031,10,October,414.624,1658.496,710.7840000000001
13573,2031-10-13,1159,Clothing,South,6,191.82,0.04,COD,7,2.8,1150.92,2031,10,October,134.274,805.644,345.27600000000007
13574,2031-10-14,1350,Electronics,North,1,33.06,0.23,COD,4,4.3,33.06,2031,10,October,23.142,23.142,9.918000000000003
13575,2031-10-15,1911,Beauty,West,3,111.91,0.27,Card,10,2.1,335.73,2031,10,October,78.33699999999999,235.01099999999997,100.71900000000005
13576,2031-10-16,1287,Home,East,5,246.15,0.25,Card,1,2.2,1230.75,2031,10,October,172.305,861.5250000000001,369.2249999999999
13577,2031-10-17,1287,Electronics,West,2,200.06,0.33,COD,1,4.5,400.12,2031,10,October,140.042,280.084,120.036
13578,2031-10-18,1891,Clothing,South,1,71.78,0.26,Wallet,5,3.6,71.78,2031,10,October,50.245999999999995,50.245999999999995,21.534000000000006
13579,2031-10-19,1225,Clothing,West,4,268.11,0.24,COD,1,4.2,1072.44,2031,10,October,187.677,750.708,321.7320000000001
13580,2031-10-20,1522,Clothing,South,6,212.8,0.09,Card,3,2.2,1276.8000000000002,2031,10,October,148.96,893.76,383.0400000000002
13581,2031-10-21,1521,Beauty,North,7,86.73,0.32,Card,9,5.0,607.11,2031,10,October,60.711,424.977,182.13300000000004
13582,2031-10-22,1782,Clothing,South,4,188.23,0.06,Wallet,3,1.6,752.92,2031,10,October,131.761,527.044,225.87599999999998
13583,2031-10-23,1272,Clothing,East,7,533.57,0.32,Wallet,3,4.8,3734.9900000000002,2031,10,October,373.499,2614.4930000000004,1120.4969999999998
13584,2031-10-24,1935,Electronics,East,6,191.7,0.11,Card,9,4.6,1150.1999999999998,2031,10,October,134.19,805.14,345.05999999999983
13585,2031-10-25,1401,Electronics,East,7,432.66,0.05,COD,5,3.2,3028.6200000000003,2031,10,October,302.862,2120.034,908.5860000000002
13586,2031-10-26,1182,Electronics,North,6,373.05,0.29,Card,8,3.3,2238.3,2031,10,October,261.135,1566.81,671.4900000000002
13587,2031-10-27,1968,Electronics,South,1,264.9,0.0,COD,10,4.1,264.9,2031,10,October,185.42999999999998,185.42999999999998,79.47
13588,2031-10-28,1664,Home,North,2,154.83,0.29,Wallet,9,2.2,309.66,2031,10,October,108.381,216.762,92.89800000000002
13589,2031-10-29,1487,Home,West,5,230.87,0.09,Card,6,3.1,1154.35,2031,10,October,161.60899999999998,808.0449999999998,346.30500000000006
13590,2031-10-30,1826,Electronics,West,2,361.38,0.31,COD,7,4.6,722.76,2031,10,October,252.96599999999998,505.93199999999996,216.82800000000003
13591,2031-10-31,1845,Home,West,3,220.19,0.24,Card,7,1.3,660.5699999999999,2031,10,October,154.13299999999998,462.39899999999994,198.171
13592,2031-11-01,1123,Electronics,West,2,140.71,0.23,Card,7,4.6,281.42,2031,11,November,98.497,196.994,84.42600000000002
13593,2031-11-02,1984,Electronics,East,6,83.13,0.13,COD,4,3.9,498.78,2031,11,November,58.190999999999995,349.14599999999996,149.63400000000001
13594,2031-11-03,1625,Electronics,South,6,529.66,0.02,Card,2,4.1,3177.96,2031,11,November,370.76199999999994,2224.5719999999997,953.3880000000004
13595,2031-11-04,1789,Clothing,East,3,272.58,0.29,COD,2,1.3,817.74,2031,11,November,190.80599999999998,572.4179999999999,245.32200000000012
13596,2031-11-05,1413,Electronics,South,4,380.75,0.06,Card,7,1.8,1523.0,2031,11,November,266.525,1066.1,456.9000000000001
13597,2031-11-06,1979,Clothing,South,6,301.89,0.13,COD,10,4.7,1811.34,2031,11,November,211.32299999999998,1267.9379999999999,543.402
13598,2031-11-07,1724,Clothing,North,3,525.45,0.21,Card,7,1.5,1576.3500000000001,2031,11,November,367.815,1103.445,472.9050000000002
13599,2031-11-08,1171,Beauty,West,6,334.96,0.17,COD,10,3.5,2009.7599999999998,2031,11,November,234.47199999999998,1406.8319999999999,602.9279999999999
13600,2031-11-09,1287,Electronics,South,5,296.26,0.07,COD,7,4.1,1481.3,2031,11,November,207.38199999999998,1036.9099999999999,444.3900000000001
13601,2031-11-10,1434,Electronics,West,6,555.89,0.05,Wallet,8,1.9,3335.34,2031,11,November,389.123,2334.738,1000.6020000000003
13602,2031-11-11,1685,Electronics,West,1,436.02,0.04,Wallet,3,3.8,436.02,2031,11,November,305.21399999999994,305.21399999999994,130.80600000000004
13603,2031-11-12,1112,Clothing,West,3,80.26,0.3,Card,11,1.3,240.78000000000003,2031,11,November,56.182,168.546,72.23400000000004
13604,2031-11-13,1887,Electronics,East,7,118.96,0.01,Card,5,3.0,832.7199999999999,2031,11,November,83.27199999999999,582.904,249.81599999999992
13605,2031-11-14,1916,Home,West,2,475.47,0.34,COD,6,2.3,950.94,2031,11,November,332.829,665.658,285.28200000000004
13606,2031-11-15,1994,Clothing,South,3,503.97,0.07,COD,8,3.6,1511.91,2031,11,November,352.779,1058.337,453.5730000000001
13607,2031-11-16,1121,Clothing,East,4,333.94,0.04,Card,8,4.6,1335.76,2031,11,November,233.75799999999998,935.0319999999999,400.72800000000007
13608,2031-11-17,1543,Clothing,West,6,339.36,0.2,Card,10,1.5,2036.16,2031,11,November,237.552,1425.312,610.8480000000002
13609,2031-11-18,1221,Electronics,North,3,384.68,0.03,COD,3,2.8,1154.04,2031,11,November,269.276,807.828,346.212
13610,2031-11-19,1630,Electronics,West,5,271.88,0.21,Wallet,4,2.7,1359.4,2031,11,November,190.31599999999997,951.5799999999999,407.82000000000016
13611,2031-11-20,1038,Electronics,West,3,412.92,0.3,Wallet,6,2.3,1238.76,2031,11,November,289.044,867.132,371.62800000000004
13612,2031-11-21,1496,Clothing,East,5,78.46,0.02,Card,4,2.9,392.29999999999995,2031,11,November,54.92199999999999,274.60999999999996,117.69
13613,2031-11-22,1779,Electronics,South,6,577.35,0.28,Card,10,4.5,3464.1000000000004,2031,11,November,404.145,2424.87,1039.2300000000005
13614,2031-11-23,1232,Electronics,West,2,453.84,0.14,Card,4,4.9,907.68,2031,11,November,317.688,635.376,272.304
13615,2031-11-24,1942,Beauty,East,6,384.24,0.06,COD,5,1.0,2305.44,2031,11,November,268.96799999999996,1613.8079999999998,691.6320000000003
13616,2031-11-25,1529,Electronics,East,4,200.05,0.06,COD,10,4.0,800.2,2031,11,November,140.035,560.14,240.06000000000006
13617,2031-11-26,1148,Home,South,1,109.16,0.32,COD,7,3.5,109.16,2031,11,November,76.41199999999999,76.41199999999999,32.748000000000005
13618,2031-11-27,1396,Home,East,2,254.47,0.04,COD,2,5.0,508.94,2031,11,November,178.129,356.258,152.68200000000002
13619,2031-11-28,1660,Electronics,South,2,402.02,0.3,Card,2,1.4,804.04,2031,11,November,281.414,562.828,241.212
13620,2031-11-29,1637,Electronics,North,1,385.72,0.19,Card,10,4.2,385.72,2031,11,November,270.004,270.004,115.71600000000001
13621,2031-11-30,1903,Electronics,West,3,238.85,0.01,Wallet,9,4.7,716.55,2031,11,November,167.195,501.585,214.96499999999997
13622,2031-12-01,1301,Home,East,6,373.77,0.16,Card,4,4.6,2242.62,2031,12,December,261.63899999999995,1569.8339999999998,672.7860000000001
13623,2031-12-02,1359,Clothing,North,3,491.04,0.29,Card,5,3.2,1473.1200000000001,2031,12,December,343.728,1031.184,441.93600000000015
13624,2031-12-03,1237,Home,East,3,30.38,0.25,COD,3,2.3,91.14,2031,12,December,21.266,63.797999999999995,27.342000000000006
13625,2031-12-04,1646,Beauty,East,6,278.61,0.17,COD,2,3.6,1671.66,2031,12,December,195.027,1170.1619999999998,501.4980000000003
13626,2031-12-05,1662,Home,North,4,458.75,0.3,Wallet,10,2.2,1835.0,2031,12,December,321.125,1284.5,550.5
13627,2031-12-06,1235,Electronics,East,2,334.49,0.04,Card,8,2.6,668.98,2031,12,December,234.143,468.286,200.69400000000002
13628,2031-12-07,1735,Electronics,East,5,396.11,0.32,COD,4,2.8,1980.5500000000002,2031,12,December,277.277,1386.385,594.1650000000002
13629,2031-12-08,1202,Home,North,1,317.26,0.3,COD,1,2.2,317.26,2031,12,December,222.082,222.082,95.178
13630,2031-12-09,1255,Electronics,East,2,595.25,0.25,Wallet,6,2.4,1190.5,2031,12,December,416.67499999999995,833.3499999999999,357.1500000000001
13631,2031-12-10,1597,Electronics,South,3,46.95,0.29,COD,6,1.0,140.85000000000002,2031,12,December,32.865,98.595,42.255000000000024
13632,2031-12-11,1661,Home,East,1,302.26,0.19,Wallet,2,2.2,302.26,2031,12,December,211.582,211.582,90.678
13633,2031-12-12,1234,Clothing,West,5,68.48,0.24,Card,2,2.9,342.40000000000003,2031,12,December,47.936,239.68,102.72000000000003
13634,2031-12-13,1344,Beauty,East,2,108.47,0.2,COD,8,1.7,216.94,2031,12,December,75.92899999999999,151.85799999999998,65.08200000000002
13635,2031-12-14,1533,Home,West,2,239.08,0.12,Card,11,4.2,478.16,2031,12,December,167.356,334.712,143.44800000000004
13636,2031-12-15,1859,Electronics,West,4,105.99,0.2,Card,7,3.2,423.96,2031,12,December,74.193,296.772,127.18799999999999
13637,2031-12-16,1796,Beauty,East,2,578.76,0.09,Card,2,4.2,1157.52,2031,12,December,405.13199999999995,810.2639999999999,347.2560000000001
13638,2031-12-17,1780,Electronics,North,2,568.87,0.15,COD,10,1.5,1137.74,2031,12,December,398.209,796.418,341.322
13639,2031-12-18,1465,Electronics,South,5,211.62,0.1,Card,1,4.3,1058.1,2031,12,December,148.134,740.67,317.42999999999995
13640,2031-12-19,1769,Clothing,South,5,389.25,0.04,Wallet,11,4.8,1946.25,2031,12,December,272.47499999999997,1362.3749999999998,583.8750000000002
13641,2031-12-20,1540,Electronics,East,1,327.25,0.11,COD,8,2.4,327.25,2031,12,December,229.075,229.075,98.17500000000001
13642,2031-12-21,1212,Clothing,North,3,492.12,0.3,Card,10,2.1,1476.3600000000001,2031,12,December,344.484,1033.452,442.90800000000013
13643,2031-12-22,1462,Electronics,North,5,382.06,0.13,COD,2,3.6,1910.3,2031,12,December,267.442,1337.21,573.0899999999999
13644,2031-12-23,1435,Clothing,South,1,15.15,0.26,Card,5,3.5,15.15,2031,12,December,10.605,10.605,4.545
13645,2031-12-24,1282,Clothing,North,2,461.46,0.06,Card,6,1.4,922.92,2031,12,December,323.022,646.044,276.876
13646,2031-12-25,1561,Home,East,1,451.91,0.15,COD,10,4.7,451.91,2031,12,December,316.337,316.337,135.57300000000004
13647,2031-12-26,1606,Home,East,1,313.19,0.04,Wallet,1,2.9,313.19,2031,12,December,219.23299999999998,219.23299999999998,93.95700000000002
13648,2031-12-27,1462,Electronics,North,1,543.21,0.05,COD,2,4.1,543.21,2031,12,December,380.247,380.247,162.96300000000002
13649,2031-12-28,1406,Clothing,East,6,546.44,0.22,Wallet,10,2.4,3278.6400000000003,2031,12,December,382.50800000000004,2295.0480000000002,983.5920000000001
13650,2031-12-29,1087,Clothing,West,1,321.49,0.21,COD,4,2.0,321.49,2031,12,December,225.04299999999998,225.04299999999998,96.44700000000003
13651,2031-12-30,1043,Electronics,South,5,370.67,0.07,Card,2,1.4,1853.3500000000001,2031,12,December,259.469,1297.345,556.0050000000001
13652,2031-12-31,1460,Home,East,7,597.97,0.17,COD,11,2.1,4185.79,2031,12,December,418.579,2930.053,1255.737
13653,2032-01-01,1277,Home,North,7,189.81,0.3,COD,6,5.0,1328.67,2032,1,January,132.867,930.069,398.6010000000001
13654,2032-01-02,1682,Electronics,South,7,204.9,0.06,Card,4,3.6,1434.3,2032,1,January,143.43,1004.01,430.28999999999996
13655,2032-01-03,1420,Clothing,East,7,121.92,0.01,Wallet,11,4.2,853.44,2032,1,January,85.344,597.4079999999999,256.03200000000015
13656,2032-01-04,1700,Electronics,South,6,539.08,0.23,COD,3,4.8,3234.4800000000005,2032,1,January,377.356,2264.136,970.3440000000005
13657,2032-01-05,1352,Clothing,North,3,450.53,0.02,Card,6,1.3,1351.59,2032,1,January,315.371,946.1129999999999,405.477
13658,2032-01-06,1695,Electronics,West,1,76.8,0.34,Wallet,9,1.7,76.8,2032,1,January,53.76,53.76,23.04
13659,2032-01-07,1514,Beauty,West,4,589.33,0.21,Card,8,4.7,2357.32,2032,1,January,412.531,1650.124,707.1960000000001
13660,2032-01-08,1702,Home,East,7,442.61,0.16,Wallet,2,3.3,3098.27,2032,1,January,309.827,2168.7889999999998,929.4810000000002
13661,2032-01-09,1629,Clothing,West,2,512.56,0.15,Card,3,3.5,1025.12,2032,1,January,358.7919999999999,717.5839999999998,307.53600000000006
13662,2032-01-10,1018,Clothing,East,7,43.17,0.2,COD,2,2.7,302.19,2032,1,January,30.218999999999998,211.533,90.65700000000001
13663,2032-01-11,1022,Beauty,South,7,310.4,0.03,COD,10,4.3,2172.7999999999997,2032,1,January,217.27999999999997,1520.9599999999998,651.8399999999999
13664,2032-01-12,1412,Clothing,East,2,423.68,0.33,COD,7,3.1,847.36,2032,1,January,296.57599999999996,593.1519999999999,254.20800000000008
13665,2032-01-13,1029,Electronics,East,6,332.62,0.22,Card,9,4.3,1995.72,2032,1,January,232.83399999999997,1397.004,598.7160000000001
13666,2032-01-14,1806,Clothing,East,2,404.99,0.06,Card,1,5.0,809.98,2032,1,January,283.493,566.986,242.99400000000003
13667,2032-01-15,1107,Home,West,2,493.46,0.2,Card,11,3.6,986.92,2032,1,January,345.42199999999997,690.8439999999999,296.076
13668,2032-01-16,1366,Clothing,East,6,233.99,0.05,Wallet,3,3.1,1403.94,2032,1,January,163.793,982.758,421.182
13669,2032-01-17,1280,Home,North,2,511.47,0.01,Card,6,2.5,1022.94,2032,1,January,358.029,716.058,306.88200000000006
13670,2032-01-18,1127,Beauty,East,1,110.31,0.22,COD,4,1.8,110.31,2032,1,January,77.217,77.217,33.093
13671,2032-01-19,1228,Beauty,South,7,173.47,0.23,Wallet,10,3.6,1214.29,2032,1,January,121.42899999999999,850.0029999999999,364.28700000000003
13672,2032-01-20,1110,Beauty,North,3,40.36,0.2,Wallet,10,1.3,121.08,2032,1,January,28.252,84.756,36.324
13673,2032-01-21,1135,Electronics,South,6,228.19,0.06,Card,1,4.8,1369.1399999999999,2032,1,January,159.73299999999998,958.3979999999999,410.74199999999996
13674,2032-01-22,1361,Clothing,South,4,237.25,0.21,Wallet,9,3.6,949.0,2032,1,January,166.075,664.3,284.70000000000005
13675,2032-01-23,1185,Home,South,6,486.08,0.02,Card,7,4.8,2916.48,2032,1,January,340.256,2041.5359999999998,874.9440000000002
13676,2032-01-24,1655,Home,North,5,397.08,0.21,COD,11,2.1,1985.3999999999999,2032,1,January,277.95599999999996,1389.7799999999997,595.6200000000001
13677,2032-01-25,1583,Clothing,North,4,270.48,0.19,COD,7,4.8,1081.92,2032,1,January,189.336,757.344,324.576
13678,2032-01-26,1128,Electronics,West,5,396.49,0.23,Card,1,3.4,1982.45,2032,1,January,277.543,1387.7150000000001,594.7349999999999
13679,2032-01-27,1875,Home,North,6,45.88,0.31,Card,9,4.2,275.28000000000003,2032,1,January,32.116,192.696,82.58400000000003
13680,2032-01-28,1260,Home,East,5,120.46,0.3,COD,8,1.7,602.3,2032,1,January,84.32199999999999,421.60999999999996,180.69
13681,2032-01-29,1514,Electronics,South,4,381.76,0.34,Card,11,3.0,1527.04,2032,1,January,267.23199999999997,1068.9279999999999,458.1120000000001
13682,2032-01-30,1448,Clothing,West,1,390.2,0.34,Wallet,10,3.3,390.2,2032,1,January,273.14,273.14,117.06
13683,2032-01-31,1899,Electronics,North,6,467.87,0.27,Card,5,2.6,2807.2200000000003,2032,1,January,327.50899999999996,1965.0539999999996,842.1660000000006
13684,2032-02-01,1103,Electronics,South,6,250.75,0.33,Wallet,4,2.0,1504.5,2032,2,February,175.52499999999998,1053.1499999999999,451.35000000000014
13685,2032-02-02,1482,Electronics,North,2,437.69,0.3,COD,1,4.6,875.38,2032,2,February,306.383,612.766,262.61400000000003
13686,2032-02-03,1223,Clothing,West,6,415.13,0.25,Wallet,9,1.3,2490.7799999999997,2032,2,February,290.59099999999995,1743.5459999999998,747.2339999999999
13687,2032-02-04,1831,Clothing,North,7,578.59,0.03,COD,8,1.6,4050.13,2032,2,February,405.013,2835.091,1215.0390000000002
13688,2032-02-05,1873,Clothing,North,7,140.85,0.02,Wallet,2,2.3,985.9499999999999,2032,2,February,98.59499999999998,690.1649999999998,295.7850000000001
13689,2032-02-06,1865,Home,South,6,337.73,0.29,Card,4,4.7,2026.38,2032,2,February,236.411,1418.466,607.9140000000002
13690,2032-02-07,1490,Home,East,1,367.03,0.17,COD,4,3.3,367.03,2032,2,February,256.921,256.921,110.10899999999998
13691,2032-02-08,1472,Electronics,North,2,599.21,0.29,Card,7,2.5,1198.42,2032,2,February,419.447,838.894,359.52600000000007
13692,2032-02-09,1009,Electronics,West,3,132.69,0.11,Card,3,2.6,398.07,2032,2,February,92.883,278.649,119.42099999999999
13693,2032-02-10,1404,Beauty,North,5,321.08,0.14,COD,8,4.4,1605.3999999999999,2032,2,February,224.75599999999997,1123.7799999999997,481.6200000000001
13694,2032-02-11,1895,Electronics,North,4,217.52,0.25,COD,11,1.1,870.08,2032,2,February,152.264,609.056,261.024
13695,2032-02-12,1301,Beauty,East,3,322.65,0.32,Card,7,1.0,967.9499999999999,2032,2,February,225.85499999999996,677.5649999999998,290.3850000000001
13696,2032-02-13,1230,Home,South,2,150.8,0.03,COD,10,1.2,301.6,2032,2,February,105.56,211.12,90.48000000000002
13697,2032-02-14,1730,Clothing,West,7,42.85,0.3,COD,4,2.9,299.95,2032,2,February,29.994999999999997,209.96499999999997,89.98500000000001
13698,2032-02-15,1922,Beauty,South,7,349.95,0.28,Card,9,3.3,2449.65,2032,2,February,244.96499999999997,1714.7549999999999,734.8950000000002
13699,2032-02-16,1065,Electronics,South,7,211.47,0.11,COD,6,3.5,1480.29,2032,2,February,148.029,1036.203,444.087
13700,2032-02-17,1936,Electronics,South,1,121.44,0.12,COD,3,3.9,121.44,2032,2,February,85.008,85.008,36.432
13701,2032-02-18,1111,Clothing,North,7,204.5,0.02,Card,7,1.8,1431.5,2032,2,February,143.14999999999998,1002.0499999999998,429.45000000000016
13702,2032-02-19,1012,Clothing,East,4,43.83,0.01,COD,6,2.0,175.32,2032,2,February,30.680999999999997,122.72399999999999,52.596000000000004
13703,2032-02-20,1392,Beauty,North,5,571.01,0.17,COD,8,2.0,2855.05,2032,2,February,399.707,1998.5349999999999,856.5150000000003
13704,2032-02-21,1499,Electronics,West,6,354.97,0.03,Wallet,5,1.6,2129.82,2032,2,February,248.479,1490.874,638.9460000000001
13705,2032-02-22,1931,Clothing,East,6,491.64,0.07,Card,6,2.0,2949.84,2032,2,February,344.14799999999997,2064.888,884.9520000000002
13706,2032-02-23,1597,Clothing,South,3,262.52,0.3,Wallet,1,3.5,787.56,2032,2,February,183.76399999999998,551.2919999999999,236.26800000000003
13707,2032-02-24,1233,Home,East,5,543.44,0.2,Card,8,2.5,2717.2000000000003,2032,2,February,380.408,1902.04,815.1600000000003
13708,2032-02-25,1601,Electronics,West,2,297.74,0.22,Card,1,4.1,595.48,2032,2,February,208.418,416.836,178.644
13709,2032-02-26,1313,Clothing,North,5,350.76,0.07,Card,3,3.1,1753.8,2032,2,February,245.53199999999998,1227.6599999999999,526.1400000000001
13710,2032-02-27,1565,Home,North,1,302.7,0.29,Wallet,2,1.8,302.7,2032,2,February,211.89,211.89,90.81
13711,2032-02-28,1011,Electronics,South,3,443.97,0.3,COD,6,2.9,1331.91,2032,2,February,310.779,932.337,399.5730000000001
13712,2032-02-29,1208,Home,North,3,346.49,0.18,Card,8,3.4,1039.47,2032,2,February,242.54299999999998,727.6289999999999,311.8410000000001
13713,2032-03-01,1973,Clothing,North,1,173.89,0.32,Card,8,4.5,173.89,2032,3,March,121.72299999999998,121.72299999999998,52.167
13714,2032-03-02,1013,Home,West,5,100.14,0.3,Card,7,4.3,500.7,2032,3,March,70.098,350.49,150.20999999999998
13715,2032-03-03,1632,Home,East,7,369.58,0.26,Card,7,2.7,2587.06,2032,3,March,258.70599999999996,1810.9419999999998,776.1180000000002
13716,2032-03-04,1417,Electronics,North,1,301.17,0.26,COD,8,3.6,301.17,2032,3,March,210.819,210.819,90.35100000000003
13717,2032-03-05,1436,Clothing,West,7,71.15,0.04,COD,5,2.2,498.05000000000007,2032,3,March,49.805,348.635,149.41500000000008
13718,2032-03-06,1376,Beauty,West,4,246.44,0.09,Wallet,3,3.5,985.76,2032,3,March,172.50799999999998,690.0319999999999,295.72800000000007
13719,2032-03-07,1019,Clothing,South,1,316.14,0.02,Wallet,2,4.7,316.14,2032,3,March,221.29799999999997,221.29799999999997,94.84200000000001
13720,2032-03-08,1586,Beauty,West,7,498.73,0.0,COD,3,3.5,3491.11,2032,3,March,349.111,2443.777,1047.333
13721,2032-03-09,1911,Clothing,South,5,59.52,0.06,Card,11,2.2,297.6,2032,3,March,41.664,208.32,89.28000000000003
13722,2032-03-10,1754,Electronics,North,7,218.87,0.31,Card,11,3.6,1532.0900000000001,2032,3,March,153.209,1072.463,459.6270000000002
13723,2032-03-11,1734,Clothing,South,1,496.25,0.08,COD,3,4.6,496.25,2032,3,March,347.375,347.375,148.875
13724,2032-03-12,1069,Beauty,West,2,394.33,0.34,COD,7,1.5,788.66,2032,3,March,276.03099999999995,552.0619999999999,236.59800000000007
13725,2032-03-13,1823,Electronics,East,6,184.63,0.21,COD,1,2.9,1107.78,2032,3,March,129.24099999999999,775.4459999999999,332.33400000000006
13726,2032-03-14,1210,Beauty,East,1,509.52,0.08,Wallet,7,2.3,509.52,2032,3,March,356.664,356.664,152.856
13727,2032-03-15,1100,Beauty,North,6,303.58,0.17,Wallet,6,2.0,1821.48,2032,3,March,212.50599999999997,1275.0359999999998,546.4440000000002
13728,2032-03-16,1697,Clothing,North,1,306.54,0.08,Card,11,2.6,306.54,2032,3,March,214.578,214.578,91.96200000000002
13729,2032-03-17,1131,Electronics,East,5,586.3,0.34,Card,10,2.6,2931.5,2032,3,March,410.40999999999997,2052.0499999999997,879.4500000000003
13730,2032-03-18,1622,Home,South,4,569.06,0.3,Wallet,2,1.8,2276.24,2032,3,March,398.3419999999999,1593.3679999999997,682.8720000000001
13731,2032-03-19,1380,Electronics,North,4,224.74,0.01,Wallet,10,2.6,898.96,2032,3,March,157.31799999999998,629.2719999999999,269.6880000000001
13732,2032-03-20,1131,Home,West,6,97.24,0.33,Card,1,3.5,583.4399999999999,2032,3,March,68.068,408.408,175.03199999999993
13733,2032-03-21,1019,Clothing,North,5,205.52,0.25,COD,9,1.1,1027.6000000000001,2032,3,March,143.864,719.32,308.2800000000001
13734,2032-03-22,1905,Clothing,South,7,32.83,0.03,COD,2,5.0,229.81,2032,3,March,22.980999999999998,160.867,68.94300000000001
13735,2032-03-23,1535,Home,North,5,27.15,0.23,COD,4,2.2,135.75,2032,3,March,19.005,95.02499999999999,40.72500000000001
13736,2032-03-24,1226,Clothing,West,5,246.38,0.23,Card,9,3.5,1231.9,2032,3,March,172.46599999999998,862.3299999999999,369.57000000000016
13737,2032-03-25,1153,Clothing,West,2,565.5,0.08,Wallet,9,2.1,1131.0,2032,3,March,395.84999999999997,791.6999999999999,339.30000000000007
13738,2032-03-26,1804,Clothing,West,3,524.74,0.27,COD,11,2.6,1574.22,2032,3,March,367.318,1101.954,472.2660000000001
13739,2032-03-27,1741,Clothing,South,1,314.19,0.03,Card,1,3.2,314.19,2032,3,March,219.933,219.933,94.257
13740,2032-03-28,1468,Clothing,South,5,345.66,0.17,COD,2,3.4,1728.3000000000002,2032,3,March,241.962,1209.81,518.4900000000002
13741,2032-03-29,1821,Home,West,5,18.47,0.0,COD,2,4.1,92.35,2032,3,March,12.928999999999998,64.645,27.705
13742,2032-03-30,1999,Clothing,West,5,141.07,0.34,Wallet,2,4.2,705.3499999999999,2032,3,March,98.749,493.745,211.6049999999999
13743,2032-03-31,1870,Clothing,South,4,29.49,0.26,Card,8,3.1,117.96,2032,3,March,20.642999999999997,82.57199999999999,35.388000000000005
13744,2032-04-01,1404,Home,South,5,456.41,0.06,Wallet,8,1.3,2282.05,2032,4,April,319.487,1597.4350000000002,684.615
13745,2032-04-02,1201,Electronics,South,1,100.2,0.12,Card,10,3.2,100.2,2032,4,April,70.14,70.14,30.060000000000002
13746,2032-04-03,1037,Electronics,East,7,523.39,0.06,COD,8,2.9,3663.73,2032,4,April,366.373,2564.611,1099.1190000000001
13747,2032-04-04,1941,Beauty,South,7,391.34,0.27,COD,4,1.9,2739.3799999999997,2032,4,April,273.938,1917.5659999999998,821.8139999999999
13748,2032-04-05,1771,Home,West,5,149.21,0.02,Card,8,1.0,746.0500000000001,2032,4,April,104.447,522.235,223.81500000000005
13749,2032-04-06,1187,Clothing,East,1,107.27,0.29,COD,7,2.3,107.27,2032,4,April,75.089,75.089,32.181
13750,2032-04-07,1056,Clothing,South,2,382.16,0.33,Wallet,8,2.0,764.32,2032,4,April,267.512,535.024,229.29600000000005
13751,2032-04-08,1940,Electronics,West,7,541.99,0.24,COD,1,2.9,3793.9300000000003,2032,4,April,379.393,2655.7509999999997,1138.1790000000005
13752,2032-04-09,1019,Clothing,North,3,435.24,0.07,COD,3,4.0,1305.72,2032,4,April,304.668,914.004,391.716
13753,2032-04-10,1272,Clothing,East,4,218.9,0.13,Card,10,2.8,875.6,2032,4,April,153.23,612.92,262.68000000000006
13754,2032-04-11,1118,Clothing,West,1,358.62,0.17,Card,6,4.8,358.62,2032,4,April,251.034,251.034,107.58600000000001
13755,2032-04-12,1582,Clothing,North,7,196.8,0.21,Card,1,1.9,1377.6000000000001,2032,4,April,137.76,964.3199999999999,413.2800000000002
13756,2032-04-13,1515,Electronics,West,7,599.5,0.23,Wallet,4,1.9,4196.5,2032,4,April,419.65,2937.5499999999997,1258.9500000000003
13757,2032-04-14,1220,Electronics,South,6,453.07,0.19,COD,9,3.4,2718.42,2032,4,April,317.149,1902.894,815.5260000000001
13758,2032-04-15,1525,Beauty,South,2,374.41,0.12,Wallet,7,4.6,748.82,2032,4,April,262.087,524.174,224.64600000000007
13759,2032-04-16,1514,Clothing,North,3,262.61,0.31,Card,1,3.7,787.83,2032,4,April,183.827,551.481,236.34900000000005
13760,2032-04-17,1727,Clothing,South,3,376.62,0.03,COD,6,3.7,1129.8600000000001,2032,4,April,263.634,790.902,338.9580000000001
13761,2032-04-18,1740,Electronics,West,3,214.85,0.16,Card,6,4.2,644.55,2032,4,April,150.39499999999998,451.18499999999995,193.365
13762,2032-04-19,1335,Electronics,North,1,31.89,0.27,COD,2,3.7,31.89,2032,4,April,22.323,22.323,9.567
13763,2032-04-20,1697,Home,West,2,246.13,0.02,Card,6,4.0,492.26,2032,4,April,172.291,344.582,147.678
13764,2032-04-21,1054,Clothing,West,5,559.33,0.25,Card,10,4.5,2796.65,2032,4,April,391.531,1957.655,838.9950000000001
13765,2032-04-22,1499,Clothing,West,6,381.39,0.29,COD,2,1.0,2288.34,2032,4,April,266.97299999999996,1601.8379999999997,686.5020000000004
13766,2032-04-23,1899,Electronics,South,2,64.11,0.23,Card,8,4.5,128.22,2032,4,April,44.876999999999995,89.75399999999999,38.46600000000001
13767,2032-04-24,1887,Home,South,2,532.72,0.0,COD,7,1.9,1065.44,2032,4,April,372.904,745.808,319.63200000000006
13768,2032-04-25,1765,Electronics,West,7,172.29,0.06,COD,6,4.6,1206.03,2032,4,April,120.60299999999998,844.2209999999999,361.8090000000001
13769,2032-04-26,1535,Electronics,East,2,157.61,0.12,COD,10,2.1,315.22,2032,4,April,110.327,220.654,94.56600000000003
13770,2032-04-27,1161,Clothing,West,1,188.8,0.08,Wallet,6,2.8,188.8,2032,4,April,132.16,132.16,56.640000000000015
13771,2032-04-28,1669,Electronics,West,6,352.66,0.34,Card,9,4.7,2115.96,2032,4,April,246.862,1481.172,634.788
13772,2032-04-29,1593,Electronics,North,1,333.64,0.23,COD,9,1.4,333.64,2032,4,April,233.54799999999997,233.54799999999997,100.09200000000001
13773,2032-04-30,1914,Clothing,West,6,302.48,0.1,Wallet,10,4.0,1814.88,2032,4,April,211.736,1270.416,544.4640000000002
13774,2032-05-01,1158,Home,South,6,434.76,0.33,COD,10,2.6,2608.56,2032,5,May,304.332,1825.992,782.568
13775,2032-05-02,1187,Home,North,7,200.17,0.26,Card,2,1.1,1401.1899999999998,2032,5,May,140.11899999999997,980.8329999999999,420.35699999999997
13776,2032-05-03,1059,Clothing,East,1,472.51,0.1,Wallet,3,4.8,472.51,2032,5,May,330.75699999999995,330.75699999999995,141.75300000000004
13777,2032-05-04,1914,Electronics,North,6,117.56,0.13,Card,10,1.5,705.36,2032,5,May,82.292,493.752,211.608
13778,2032-05-05,1816,Electronics,East,2,472.83,0.07,Card,7,4.1,945.66,2032,5,May,330.981,661.962,283.698
13779,2032-05-06,1318,Beauty,North,1,403.33,0.34,Card,11,2.5,403.33,2032,5,May,282.33099999999996,282.33099999999996,120.99900000000002
13780,2032-05-07,1877,Clothing,North,6,414.68,0.18,Card,10,4.2,2488.08,2032,5,May,290.276,1741.656,746.424
13781,2032-05-08,1210,Home,East,3,296.71,0.31,Card,9,4.0,890.1299999999999,2032,5,May,207.69699999999997,623.0909999999999,267.039
13782,2032-05-09,1405,Electronics,South,1,405.2,0.12,Card,6,3.5,405.2,2032,5,May,283.64,283.64,121.56
13783,2032-05-10,1663,Clothing,South,7,61.68,0.3,Card,11,4.8,431.76,2032,5,May,43.175999999999995,302.23199999999997,129.52800000000002
13784,2032-05-11,1108,Electronics,South,4,513.16,0.02,Card,1,1.4,2052.64,2032,5,May,359.21199999999993,1436.8479999999997,615.7920000000001
13785,2032-05-12,1075,Clothing,North,1,47.5,0.34,Card,11,4.2,47.5,2032,5,May,33.25,33.25,14.25
13786,2032-05-13,1541,Beauty,West,1,102.01,0.32,COD,7,3.7,102.01,2032,5,May,71.407,71.407,30.60300000000001
13787,2032-05-14,1313,Beauty,North,1,352.42,0.13,Card,11,2.3,352.42,2032,5,May,246.694,246.694,105.72600000000003
13788,2032-05-15,1997,Clothing,West,6,447.56,0.27,Card,1,3.2,2685.36,2032,5,May,313.292,1879.752,805.6080000000002
13789,2032-05-16,1116,Clothing,West,1,59.61,0.26,Card,5,3.6,59.61,2032,5,May,41.727,41.727,17.883000000000003
13790,2032-05-17,1926,Beauty,South,4,553.65,0.32,Card,9,3.9,2214.6,2032,5,May,387.55499999999995,1550.2199999999998,664.3800000000001
13791,2032-05-18,1867,Home,West,5,584.56,0.11,Card,10,1.7,2922.7999999999997,2032,5,May,409.19199999999995,2045.9599999999998,876.8399999999999
13792,2032-05-19,1703,Electronics,North,1,369.48,0.16,Card,11,1.4,369.48,2032,5,May,258.636,258.636,110.844
13793,2032-05-20,1018,Clothing,North,3,296.53,0.3,COD,10,1.4,889.5899999999999,2032,5,May,207.57099999999997,622.713,266.87699999999995
13794,2032-05-21,1431,Electronics,South,4,448.72,0.27,COD,9,2.2,1794.88,2032,5,May,314.104,1256.416,538.4640000000002
13795,2032-05-22,1684,Clothing,East,5,207.09,0.14,Wallet,1,1.6,1035.45,2032,5,May,144.963,724.8149999999999,310.6350000000001
13796,2032-05-23,1739,Clothing,North,6,303.56,0.3,COD,6,3.1,1821.3600000000001,2032,5,May,212.492,1274.952,546.4080000000001
13797,2032-05-24,1349,Clothing,West,1,550.95,0.02,COD,3,2.7,550.95,2032,5,May,385.665,385.665,165.28500000000003
13798,2032-05-25,1182,Clothing,North,5,574.06,0.27,Card,9,4.6,2870.2999999999997,2032,5,May,401.8419999999999,2009.2099999999996,861.0900000000001
13799,2032-05-26,1112,Electronics,North,3,557.34,0.07,COD,3,3.9,1672.02,2032,5,May,390.138,1170.414,501.606
13800,2032-05-27,1182,Clothing,North,4,168.53,0.1,Card,2,1.8,674.12,2032,5,May,117.97099999999999,471.88399999999996,202.23600000000005
13801,2032-05-28,1480,Home,East,4,150.99,0.17,COD,8,1.2,603.96,2032,5,May,105.693,422.772,181.18800000000005
13802,2032-05-29,1145,Home,West,6,189.13,0.16,Card,3,3.8,1134.78,2032,5,May,132.391,794.346,340.43399999999997
13803,2032-05-30,1830,Electronics,South,6,273.17,0.18,COD,5,4.4,1639.02,2032,5,May,191.219,1147.3139999999999,491.70600000000013
13804,2032-05-31,1627,Beauty,North,6,198.79,0.19,Wallet,6,3.8,1192.74,2032,5,May,139.153,834.9179999999999,357.8220000000001
13805,2032-06-01,1112,Beauty,West,5,233.91,0.12,Wallet,10,3.6,1169.55,2032,6,June,163.737,818.685,350.865
13806,2032-06-02,1762,Electronics,West,1,378.07,0.06,Card,10,2.0,378.07,2032,6,June,264.649,264.649,113.42099999999999
13807,2032-06-03,1475,Electronics,South,2,461.08,0.27,Card,1,3.0,922.16,2032,6,June,322.756,645.512,276.648
13808,2032-06-04,1762,Home,North,4,445.3,0.14,Wallet,7,3.9,1781.2,2032,6,June,311.71,1246.84,534.3600000000001
13809,2032-06-05,1302,Home,East,2,491.44,0.18,COD,11,1.8,982.88,2032,6,June,344.008,688.016,294.86400000000003
13810,2032-06-06,1970,Beauty,West,7,33.83,0.23,COD,7,2.9,236.81,2032,6,June,23.680999999999997,165.767,71.043
13811,2032-06-07,1824,Beauty,South,4,42.92,0.32,COD,5,1.5,171.68,2032,6,June,30.044,120.176,51.504000000000005
13812,2032-06-08,1117,Clothing,East,6,476.79,0.25,COD,9,3.1,2860.7400000000002,2032,6,June,333.753,2002.518,858.2220000000002
13813,2032-06-09,1812,Clothing,West,1,326.85,0.02,Wallet,11,3.3,326.85,2032,6,June,228.795,228.795,98.05500000000004
13814,2032-06-10,1160,Electronics,North,1,353.21,0.29,COD,2,3.1,353.21,2032,6,June,247.24699999999996,247.24699999999996,105.96300000000002
13815,2032-06-11,1400,Electronics,West,4,45.76,0.35,COD,5,2.9,183.04,2032,6,June,32.032,128.128,54.912000000000006
13816,2032-06-12,1197,Clothing,East,5,164.36,0.17,COD,2,3.3,821.8000000000001,2032,6,June,115.052,575.26,246.54000000000008
13817,2032-06-13,1259,Clothing,East,7,388.44,0.34,Wallet,2,5.0,2719.08,2032,6,June,271.90799999999996,1903.3559999999998,815.7240000000002
13818,2032-06-14,1659,Clothing,North,6,517.62,0.19,COD,11,3.5,3105.7200000000003,2032,6,June,362.334,2174.004,931.7160000000003
13819,2032-06-15,1751,Home,North,1,551.44,0.16,COD,9,4.0,551.44,2032,6,June,386.00800000000004,386.00800000000004,165.43200000000002
13820,2032-06-16,1046,Electronics,South,7,307.75,0.12,Wallet,7,1.8,2154.25,2032,6,June,215.42499999999998,1507.975,646.2750000000001
13821,2032-06-17,1986,Clothing,North,7,334.1,0.23,COD,4,3.1,2338.7000000000003,2032,6,June,233.87,1637.0900000000001,701.6100000000001
13822,2032-06-18,1398,Electronics,South,1,502.33,0.08,Card,11,1.0,502.33,2032,6,June,351.631,351.631,150.699
13823,2032-06-19,1709,Clothing,East,3,329.51,0.04,COD,8,1.1,988.53,2032,6,June,230.65699999999998,691.971,296.55899999999997
13824,2032-06-20,1558,Home,East,7,317.36,0.01,COD,11,2.3,2221.52,2032,6,June,222.152,1555.0639999999999,666.4560000000001
13825,2032-06-21,1077,Home,West,1,544.47,0.1,Card,11,2.9,544.47,2032,6,June,381.129,381.129,163.341
13826,2032-06-22,1123,Beauty,West,3,477.11,0.14,COD,4,3.3,1431.33,2032,6,June,333.977,1001.9309999999999,429.399
13827,2032-06-23,1074,Electronics,South,1,546.81,0.19,COD,1,4.6,546.81,2032,6,June,382.76699999999994,382.76699999999994,164.043
13828,2032-06-24,1870,Clothing,North,1,142.67,0.1,COD,10,4.1,142.67,2032,6,June,99.86899999999999,99.86899999999999,42.801
13829,2032-06-25,1136,Electronics,North,7,321.76,0.34,COD,3,2.2,2252.3199999999997,2032,6,June,225.23199999999997,1576.6239999999998,675.6959999999999
13830,2032-06-26,1601,Clothing,West,5,507.85,0.1,COD,10,4.0,2539.25,2032,6,June,355.495,1777.475,761.7750000000001
13831,2032-06-27,1399,Beauty,East,5,80.02,0.15,Wallet,1,3.2,400.09999999999997,2032,6,June,56.013999999999996,280.07,120.02999999999997
13832,2032-06-28,1836,Home,South,6,479.88,0.04,Card,2,4.1,2879.2799999999997,2032,6,June,335.916,2015.496,863.7839999999997
13833,2032-06-29,1504,Beauty,East,1,122.04,0.09,Card,2,2.6,122.04,2032,6,June,85.428,85.428,36.61200000000001
13834,2032-06-30,1499,Electronics,East,6,487.75,0.02,Card,7,1.4,2926.5,2032,6,June,341.42499999999995,2048.5499999999997,877.9500000000003
13835,2032-07-01,1572,Beauty,North,6,373.02,0.2,COD,4,3.5,2238.12,2032,7,July,261.114,1566.6839999999997,671.4360000000001
13836,2032-07-02,1137,Electronics,South,6,128.04,0.26,Card,10,3.2,768.24,2032,7,July,89.62799999999999,537.7679999999999,230.4720000000001
13837,2032-07-03,1049,Beauty,East,6,291.91,0.07,Card,9,4.8,1751.46,2032,7,July,204.33700000000002,1226.0220000000002,525.4379999999999
13838,2032-07-04,1770,Electronics,West,4,413.91,0.13,COD,2,1.6,1655.64,2032,7,July,289.737,1158.948,496.692
13839,2032-07-05,1972,Electronics,West,7,385.8,0.01,Card,9,3.6,2700.6,2032,7,July,270.06,1890.42,810.1799999999998
13840,2032-07-06,1618,Clothing,North,7,264.94,0.29,COD,6,2.9,1854.58,2032,7,July,185.458,1298.206,556.374
13841,2032-07-07,1624,Beauty,West,4,541.13,0.27,COD,10,2.5,2164.52,2032,7,July,378.791,1515.164,649.356
13842,2032-07-08,1861,Electronics,West,1,318.77,0.02,COD,8,4.2,318.77,2032,7,July,223.13899999999998,223.13899999999998,95.631
13843,2032-07-09,1253,Clothing,East,4,310.93,0.13,Card,7,4.2,1243.72,2032,7,July,217.65099999999998,870.6039999999999,373.1160000000001
13844,2032-07-10,1629,Beauty,West,1,51.42,0.33,COD,11,3.9,51.42,2032,7,July,35.994,35.994,15.426000000000002
13845,2032-07-11,1709,Clothing,West,5,554.44,0.14,Card,8,1.3,2772.2000000000003,2032,7,July,388.108,1940.54,831.6600000000003
13846,2032-07-12,1848,Electronics,East,7,118.61,0.18,Wallet,9,2.4,830.27,2032,7,July,83.027,581.189,249.08100000000002
13847,2032-07-13,1876,Clothing,North,2,324.08,0.12,Wallet,8,1.2,648.16,2032,7,July,226.85599999999997,453.71199999999993,194.44800000000004
13848,2032-07-14,1562,Clothing,North,3,485.09,0.21,Card,6,2.4,1455.27,2032,7,July,339.563,1018.689,436.581
13849,2032-07-15,1756,Beauty,South,7,141.04,0.34,Card,8,3.6,987.28,2032,7,July,98.728,691.096,296.18399999999997
13850,2032-07-16,1914,Home,West,4,323.51,0.35,Card,8,3.1,1294.04,2032,7,July,226.45699999999997,905.8279999999999,388.2120000000001
13851,2032-07-17,1425,Clothing,East,4,155.8,0.27,Card,2,3.8,623.2,2032,7,July,109.06,436.24,186.96000000000004
13852,2032-07-18,1546,Beauty,South,5,459.42,0.14,COD,2,3.2,2297.1,2032,7,July,321.594,1607.97,689.1299999999999
13853,2032-07-19,1301,Clothing,North,4,345.14,0.17,COD,11,3.2,1380.56,2032,7,July,241.59799999999998,966.3919999999999,414.168
13854,2032-07-20,1921,Electronics,North,1,515.75,0.12,Card,1,3.0,515.75,2032,7,July,361.025,361.025,154.72500000000002
13855,2032-07-21,1580,Electronics,East,1,538.32,0.34,COD,10,2.5,538.32,2032,7,July,376.824,376.824,161.49600000000004
13856,2032-07-22,1348,Clothing,South,2,394.51,0.25,Wallet,2,2.8,789.02,2032,7,July,276.157,552.314,236.70600000000002
13857,2032-07-23,1831,Electronics,South,2,439.35,0.16,COD,7,1.4,878.7,2032,7,July,307.545,615.09,263.61
13858,2032-07-24,1932,Beauty,East,7,336.29,0.0,Card,11,4.3,2354.03,2032,7,July,235.403,1647.821,706.2090000000003
13859,2032-07-25,1979,Home,East,2,239.89,0.18,COD,3,4.6,479.78,2032,7,July,167.92299999999997,335.84599999999995,143.93400000000003
13860,2032-07-26,1048,Electronics,South,1,394.15,0.34,COD,4,4.1,394.15,2032,7,July,275.905,275.905,118.245
13861,2032-07-27,1916,Clothing,North,6,546.35,0.18,Wallet,4,3.3,3278.1000000000004,2032,7,July,382.445,2294.67,983.4300000000003
13862,2032-07-28,1073,Home,West,6,258.76,0.06,Card,4,3.3,1552.56,2032,7,July,181.13199999999998,1086.792,465.76800000000003
13863,2032-07-29,1703,Beauty,North,2,198.93,0.01,Card,2,2.9,397.86,2032,7,July,139.251,278.502,119.358
13864,2032-07-30,1260,Beauty,East,2,242.24,0.12,COD,11,1.9,484.48,2032,7,July,169.56799999999998,339.13599999999997,145.34400000000005
13865,2032-07-31,1355,Clothing,South,1,269.71,0.32,COD,6,2.5,269.71,2032,7,July,188.79699999999997,188.79699999999997,80.91300000000001
13866,2032-08-01,1581,Home,South,5,58.03,0.35,COD,1,5.0,290.15,2032,8,August,40.620999999999995,203.10499999999996,87.04500000000002
13867,2032-08-02,1601,Clothing,West,7,306.59,0.33,Card,5,1.6,2146.1299999999997,2032,8,August,214.61299999999997,1502.2909999999997,643.8389999999999
13868,2032-08-03,1259,Clothing,South,4,304.17,0.26,COD,2,3.2,1216.68,2032,8,August,212.919,851.676,365.004
13869,2032-08-04,1637,Electronics,West,7,359.24,0.2,Card,9,4.5,2514.6800000000003,2032,8,August,251.468,1760.2759999999998,754.4040000000005
13870,2032-08-05,1742,Electronics,North,3,227.25,0.21,Card,2,2.8,681.75,2032,8,August,159.075,477.22499999999997,204.52500000000003
13871,2032-08-06,1294,Clothing,North,6,373.67,0.19,COD,6,3.4,2242.02,2032,8,August,261.569,1569.4140000000002,672.6059999999998
13872,2032-08-07,1930,Electronics,South,6,528.76,0.25,Card,4,4.3,3172.56,2032,8,August,370.13199999999995,2220.7919999999995,951.7680000000005
13873,2032-08-08,1640,Electronics,South,1,573.95,0.15,Card,6,3.2,573.95,2032,8,August,401.765,401.765,172.18500000000006
13874,2032-08-09,1791,Home,East,7,356.41,0.23,COD,2,3.9,2494.8700000000003,2032,8,August,249.487,1746.4089999999999,748.4610000000005
13875,2032-08-10,1312,Electronics,East,1,39.92,0.04,COD,2,2.4,39.92,2032,8,August,27.944,27.944,11.976000000000003
13876,2032-08-11,1611,Clothing,South,3,582.0,0.09,Card,7,3.9,1746.0,2032,8,August,407.4,1222.1999999999998,523.8000000000002
13877,2032-08-12,1837,Clothing,South,7,427.93,0.29,COD,3,1.2,2995.51,2032,8,August,299.551,2096.857,898.6530000000002
13878,2032-08-13,1808,Beauty,North,3,211.54,0.32,Card,3,1.6,634.62,2032,8,August,148.07799999999997,444.2339999999999,190.38600000000008
13879,2032-08-14,1181,Clothing,South,2,101.09,0.19,Card,7,3.5,202.18,2032,8,August,70.76299999999999,141.52599999999998,60.654000000000025
13880,2032-08-15,1685,Electronics,East,7,98.9,0.01,COD,8,2.8,692.3000000000001,2032,8,August,69.23,484.61,207.69000000000005
13881,2032-08-16,1827,Clothing,North,3,113.13,0.32,Card,7,4.3,339.39,2032,8,August,79.19099999999999,237.57299999999998,101.81700000000001
13882,2032-08-17,1363,Home,West,4,41.66,0.25,Wallet,3,2.4,166.64,2032,8,August,29.161999999999995,116.64799999999998,49.992000000000004
13883,2032-08-18,1187,Beauty,East,4,542.76,0.14,Card,3,4.1,2171.04,2032,8,August,379.93199999999996,1519.7279999999998,651.3120000000001
13884,2032-08-19,1568,Clothing,East,6,331.35,0.21,COD,7,1.6,1988.1000000000001,2032,8,August,231.945,1391.67,596.4300000000001
13885,2032-08-20,1542,Electronics,North,4,424.48,0.15,Wallet,3,4.7,1697.92,2032,8,August,297.13599999999997,1188.5439999999999,509.3760000000002
13886,2032-08-21,1595,Beauty,West,7,499.44,0.16,Wallet,2,2.7,3496.08,2032,8,August,349.608,2447.256,1048.824
13887,2032-08-22,1663,Electronics,East,4,478.05,0.31,Card,7,1.9,1912.2,2032,8,August,334.635,1338.54,573.6600000000001
13888,2032-08-23,1984,Clothing,South,4,531.32,0.06,Wallet,3,4.2,2125.28,2032,8,August,371.92400000000004,1487.6960000000001,637.5840000000001
13889,2032-08-24,1547,Clothing,East,2,580.84,0.04,Wallet,5,4.8,1161.68,2032,8,August,406.588,813.176,348.504
13890,2032-08-25,1724,Electronics,North,6,271.86,0.0,Card,7,4.7,1631.16,2032,8,August,190.302,1141.812,489.3480000000002
13891,2032-08-26,1925,Electronics,North,1,570.95,0.11,COD,2,2.0,570.95,2032,8,August,399.665,399.665,171.28500000000003
13892,2032-08-27,1407,Electronics,North,6,438.12,0.05,Card,8,3.7,2628.7200000000003,2032,8,August,306.68399999999997,1840.1039999999998,788.6160000000004
13893,2032-08-28,1875,Home,East,6,56.34,0.08,COD,2,3.2,338.04,2032,8,August,39.438,236.62800000000001,101.412
13894,2032-08-29,1617,Beauty,West,6,413.84,0.0,COD,4,3.9,2483.04,2032,8,August,289.688,1738.128,744.912
13895,2032-08-30,1413,Electronics,South,3,416.73,0.08,Card,4,2.9,1250.19,2032,8,August,291.711,875.133,375.057
13896,2032-08-31,1341,Home,North,1,544.93,0.12,COD,8,2.9,544.93,2032,8,August,381.45099999999996,381.45099999999996,163.47899999999998
13897,2032-09-01,1219,Electronics,West,3,233.17,0.01,Card,11,4.5,699.51,2032,9,September,163.219,489.657,209.853
13898,2032-09-02,1902,Clothing,South,2,357.17,0.21,Wallet,1,4.5,714.34,2032,9,September,250.019,500.038,214.30200000000002
13899,2032-09-03,1162,Electronics,North,2,22.13,0.2,Card,9,4.2,44.26,2032,9,September,15.490999999999998,30.981999999999996,13.278000000000002
13900,2032-09-04,1950,Beauty,South,5,209.26,0.03,COD,6,3.8,1046.3,2032,9,September,146.48199999999997,732.4099999999999,313.8900000000001
13901,2032-09-05,1219,Home,South,5,51.41,0.21,Card,4,3.7,257.04999999999995,2032,9,September,35.986999999999995,179.93499999999997,77.11499999999998
13902,2032-09-06,1269,Home,West,2,320.3,0.35,Card,6,1.2,640.6,2032,9,September,224.20999999999998,448.41999999999996,192.18000000000006
13903,2032-09-07,1631,Home,South,2,493.21,0.33,COD,6,4.0,986.42,2032,9,September,345.24699999999996,690.4939999999999,295.92600000000004
13904,2032-09-08,1905,Clothing,North,3,135.77,0.0,Card,9,3.6,407.31000000000006,2032,9,September,95.039,285.117,122.19300000000004
13905,2032-09-09,1847,Beauty,West,2,323.55,0.28,COD,11,2.2,647.1,2032,9,September,226.48499999999999,452.96999999999997,194.13000000000005
13906,2032-09-10,1399,Home,East,7,134.35,0.12,Wallet,4,4.3,940.4499999999999,2032,9,September,94.04499999999999,658.3149999999999,282.135
13907,2032-09-11,1181,Beauty,East,1,85.6,0.02,Card,8,4.3,85.6,2032,9,September,59.919999999999995,59.919999999999995,25.68
13908,2032-09-12,1990,Clothing,West,3,313.93,0.1,Wallet,1,4.7,941.79,2032,9,September,219.751,659.253,282.5369999999999
13909,2032-09-13,1617,Electronics,East,2,61.3,0.11,Card,6,2.7,122.6,2032,9,September,42.91,85.82,36.78
13910,2032-09-14,1728,Clothing,South,3,358.6,0.18,Card,5,3.2,1075.8000000000002,2032,9,September,251.02,753.0600000000001,322.7400000000001
13911,2032-09-15,1204,Electronics,North,3,33.33,0.23,Card,3,4.6,99.99,2032,9,September,23.330999999999996,69.993,29.997
13912,2032-09-16,1581,Clothing,South,4,77.43,0.26,Wallet,4,2.3,309.72,2032,9,September,54.201,216.804,92.91600000000003
13913,2032-09-17,1555,Clothing,West,5,336.75,0.09,Card,8,4.2,1683.75,2032,9,September,235.725,1178.625,505.125
13914,2032-09-18,1840,Clothing,North,3,360.97,0.11,Wallet,11,5.0,1082.91,2032,9,September,252.679,758.037,324.87300000000005
13915,2032-09-19,1812,Electronics,West,6,31.96,0.11,Wallet,11,3.6,191.76,2032,9,September,22.372,134.232,57.52799999999999
13916,2032-09-20,1227,Electronics,West,7,350.43,0.13,Card,10,4.9,2453.01,2032,9,September,245.301,1717.107,735.9030000000002
13917,2032-09-21,1695,Clothing,West,7,505.52,0.35,COD,11,3.1,3538.64,2032,9,September,353.864,2477.048,1061.592
13918,2032-09-22,1618,Beauty,South,3,437.55,0.27,COD,2,1.6,1312.65,2032,9,September,306.28499999999997,918.8549999999999,393.7950000000002
13919,2032-09-23,1595,Clothing,North,6,91.74,0.34,Card,8,1.7,550.4399999999999,2032,9,September,64.21799999999999,385.30799999999994,165.132
13920,2032-09-24,1849,Clothing,North,7,361.6,0.24,Card,7,3.9,2531.2000000000003,2032,9,September,253.12,1771.8400000000001,759.3600000000001
13921,2032-09-25,1249,Home,North,4,408.27,0.14,Card,1,1.0,1633.08,2032,9,September,285.789,1143.156,489.924
13922,2032-09-26,1874,Clothing,South,2,36.78,0.14,COD,2,3.6,73.56,2032,9,September,25.746,51.492,22.068000000000005
13923,2032-09-27,1440,Electronics,East,3,515.38,0.17,COD,7,1.6,1546.1399999999999,2032,9,September,360.76599999999996,1082.2979999999998,463.8420000000001
13924,2032-09-28,1532,Clothing,South,4,545.17,0.15,Card,11,4.9,2180.68,2032,9,September,381.61899999999997,1526.4759999999999,654.204
13925,2032-09-29,1195,Electronics,South,1,512.51,0.29,Card,11,1.7,512.51,2032,9,September,358.75699999999995,358.75699999999995,153.75300000000004
13926,2032-09-30,1689,Beauty,West,4,497.41,0.16,Wallet,3,3.2,1989.64,2032,9,September,348.187,1392.748,596.892
13927,2032-10-01,1928,Electronics,North,5,450.8,0.1,Card,2,3.7,2254.0,2032,10,October,315.56,1577.8,676.2
13928,2032-10-02,1986,Clothing,North,5,385.56,0.27,COD,1,4.3,1927.8,2032,10,October,269.892,1349.46,578.3399999999999
13929,2032-10-03,1518,Electronics,East,2,412.0,0.3,Card,7,2.8,824.0,2032,10,October,288.4,576.8,247.20000000000005
13930,2032-10-04,1069,Electronics,East,6,486.74,0.15,Wallet,3,4.7,2920.44,2032,10,October,340.71799999999996,2044.3079999999998,876.1320000000003
13931,2032-10-05,1638,Home,West,2,402.56,0.23,Wallet,6,2.9,805.12,2032,10,October,281.792,563.584,241.53600000000006
13932,2032-10-06,1398,Electronics,North,7,206.72,0.02,Card,10,2.0,1447.04,2032,10,October,144.70399999999998,1012.9279999999999,434.1120000000001
13933,2032-10-07,1977,Electronics,East,6,234.94,0.19,Card,8,3.4,1409.6399999999999,2032,10,October,164.458,986.748,422.8919999999998
13934,2032-10-08,1671,Clothing,East,6,539.78,0.02,COD,6,3.6,3238.68,2032,10,October,377.84599999999995,2267.0759999999996,971.6040000000003
13935,2032-10-09,1759,Electronics,North,6,25.02,0.01,Card,7,3.0,150.12,2032,10,October,17.514,105.084,45.036
13936,2032-10-10,1202,Electronics,South,6,423.81,0.21,Card,11,3.9,2542.86,2032,10,October,296.667,1780.002,762.8580000000002
13937,2032-10-11,1147,Home,East,5,573.54,0.11,COD,6,2.7,2867.7,2032,10,October,401.47799999999995,2007.3899999999999,860.31
13938,2032-10-12,1471,Home,North,7,428.14,0.26,Card,7,1.0,2996.98,2032,10,October,299.698,2097.886,899.094
13939,2032-10-13,1654,Beauty,East,5,596.44,0.31,Card,5,2.1,2982.2000000000003,2032,10,October,417.50800000000004,2087.54,894.6600000000003
13940,2032-10-14,1943,Beauty,West,3,417.21,0.05,COD,9,4.8,1251.6299999999999,2032,10,October,292.04699999999997,876.1409999999998,375.48900000000003
13941,2032-10-15,1198,Home,East,7,35.1,0.25,COD,3,4.1,245.70000000000002,2032,10,October,24.57,171.99,73.71000000000001
13942,2032-10-16,1916,Electronics,North,5,498.8,0.18,Card,6,1.8,2494.0,2032,10,October,349.15999999999997,1745.7999999999997,748.2000000000003
13943,2032-10-17,1425,Home,East,2,181.51,0.04,COD,9,1.3,363.02,2032,10,October,127.05699999999999,254.11399999999998,108.906
13944,2032-10-18,1665,Home,West,5,275.94,0.23,COD,1,2.4,1379.7,2032,10,October,193.158,965.79,413.9100000000001
13945,2032-10-19,1491,Home,West,7,197.57,0.21,COD,5,4.3,1382.99,2032,10,October,138.29899999999998,968.0929999999998,414.89700000000016
13946,2032-10-20,1887,Clothing,East,7,172.1,0.18,Card,4,1.4,1204.7,2032,10,October,120.46999999999998,843.2899999999998,361.4100000000002
13947,2032-10-21,1895,Electronics,East,2,267.37,0.32,Card,9,3.2,534.74,2032,10,October,187.159,374.318,160.42200000000003
13948,2032-10-22,1141,Home,West,1,236.57,0.18,Wallet,11,2.1,236.57,2032,10,October,165.599,165.599,70.971
13949,2032-10-23,1312,Home,West,7,385.5,0.35,Wallet,11,3.9,2698.5,2032,10,October,269.84999999999997,1888.9499999999998,809.5500000000002
13950,2032-10-24,1164,Beauty,South,5,490.69,0.18,COD,1,1.0,2453.45,2032,10,October,343.483,1717.415,736.0349999999999
13951,2032-10-25,1313,Electronics,South,2,188.8,0.04,Card,4,2.1,377.6,2032,10,October,132.16,264.32,113.28000000000003
13952,2032-10-26,1020,Electronics,West,6,140.03,0.16,COD,1,3.7,840.1800000000001,2032,10,October,98.021,588.126,252.0540000000001
13953,2032-10-27,1081,Electronics,East,7,405.13,0.06,Wallet,3,3.2,2835.91,2032,10,October,283.59099999999995,1985.1369999999997,850.7730000000001
13954,2032-10-28,1580,Home,North,4,407.14,0.21,Card,4,4.1,1628.56,2032,10,October,284.998,1139.992,488.568
13955,2032-10-29,1130,Electronics,East,6,542.16,0.24,Card,1,1.6,3252.96,2032,10,October,379.51199999999994,2277.0719999999997,975.8880000000004
13956,2032-10-30,1598,Electronics,East,3,24.33,0.16,COD,5,3.1,72.99,2032,10,October,17.031,51.092999999999996,21.897
13957,2032-10-31,1729,Beauty,South,7,514.03,0.03,Wallet,6,1.8,3598.21,2032,10,October,359.82099999999997,2518.747,1079.4630000000002
13958,2032-11-01,1932,Electronics,South,2,319.79,0.16,Card,1,3.6,639.58,2032,11,November,223.853,447.706,191.87400000000002
13959,2032-11-02,1983,Home,South,6,378.46,0.03,COD,10,1.5,2270.7599999999998,2032,11,November,264.92199999999997,1589.5319999999997,681.2280000000001
13960,2032-11-03,1304,Clothing,West,5,68.45,0.24,COD,11,1.6,342.25,2032,11,November,47.915,239.575,102.67500000000001
13961,2032-11-04,1914,Home,West,5,268.08,0.28,COD,10,2.3,1340.3999999999999,2032,11,November,187.65599999999998,938.2799999999999,402.12
13962,2032-11-05,1370,Clothing,East,7,147.97,0.34,COD,4,2.6,1035.79,2032,11,November,103.579,725.053,310.73699999999997
13963,2032-11-06,1856,Beauty,East,1,163.72,0.05,COD,4,3.0,163.72,2032,11,November,114.60399999999998,114.60399999999998,49.116000000000014
13964,2032-11-07,1852,Beauty,North,4,309.9,0.19,Card,1,3.3,1239.6,2032,11,November,216.92999999999998,867.7199999999999,371.88
13965,2032-11-08,1383,Electronics,East,7,490.29,0.2,Card,2,2.9,3432.03,2032,11,November,343.203,2402.421,1029.6090000000004
13966,2032-11-09,1907,Electronics,East,2,450.11,0.32,COD,11,1.2,900.22,2032,11,November,315.077,630.154,270.06600000000003
13967,2032-11-10,1444,Electronics,South,6,360.73,0.22,Card,10,2.4,2164.38,2032,11,November,252.511,1515.066,649.3140000000001
13968,2032-11-11,1424,Home,South,4,330.56,0.05,COD,5,1.2,1322.24,2032,11,November,231.392,925.568,396.672
13969,2032-11-12,1160,Beauty,South,1,264.97,0.15,COD,2,1.5,264.97,2032,11,November,185.479,185.479,79.49100000000001
13970,2032-11-13,1177,Clothing,South,7,584.04,0.23,Card,3,1.4,4088.2799999999997,2032,11,November,408.828,2861.796,1226.484
13971,2032-11-14,1628,Clothing,South,3,342.71,0.25,COD,9,1.6,1028.1299999999999,2032,11,November,239.89699999999996,719.6909999999999,308.43899999999996
13972,2032-11-15,1707,Electronics,North,4,163.57,0.3,COD,5,4.3,654.28,2032,11,November,114.49899999999998,457.9959999999999,196.28400000000005
13973,2032-11-16,1894,Home,North,1,149.6,0.06,Card,1,3.5,149.6,2032,11,November,104.71999999999998,104.71999999999998,44.88000000000001
13974,2032-11-17,1489,Beauty,North,7,372.64,0.33,COD,5,3.0,2608.48,2032,11,November,260.84799999999996,1825.9359999999997,782.5440000000003
13975,2032-11-18,1326,Electronics,South,7,320.85,0.02,Wallet,3,3.9,2245.9500000000003,2032,11,November,224.595,1572.165,673.7850000000003
13976,2032-11-19,1597,Clothing,West,2,19.5,0.34,Card,1,4.8,39.0,2032,11,November,13.649999999999999,27.299999999999997,11.700000000000003
13977,2032-11-20,1288,Electronics,South,7,500.59,0.3,COD,3,2.7,3504.1299999999997,2032,11,November,350.41299999999995,2452.8909999999996,1051.239
13978,2032-11-21,1592,Clothing,South,3,426.91,0.23,Card,11,2.5,1280.73,2032,11,November,298.837,896.511,384.21900000000005
13979,2032-11-22,1663,Clothing,North,7,402.17,0.26,Card,6,4.9,2815.19,2032,11,November,281.519,1970.633,844.557
13980,2032-11-23,1572,Electronics,South,5,55.24,0.03,Card,10,4.1,276.2,2032,11,November,38.668,193.34,82.85999999999999
13981,2032-11-24,1572,Clothing,North,1,226.8,0.01,COD,5,4.1,226.8,2032,11,November,158.76,158.76,68.04000000000002
13982,2032-11-25,1353,Electronics,South,5,562.2,0.04,Card,1,3.4,2811.0,2032,11,November,393.54,1967.7,843.3
13983,2032-11-26,1027,Clothing,East,7,519.61,0.03,Card,11,3.0,3637.27,2032,11,November,363.727,2546.089,1091.181
13984,2032-11-27,1953,Clothing,West,3,182.04,0.19,COD,2,3.2,546.12,2032,11,November,127.42799999999998,382.28399999999993,163.83600000000007
13985,2032-11-28,1042,Electronics,West,1,106.88,0.08,Card,5,3.6,106.88,2032,11,November,74.81599999999999,74.81599999999999,32.06400000000001
13986,2032-11-29,1680,Home,North,1,277.72,0.3,Card,9,2.5,277.72,2032,11,November,194.404,194.404,83.31600000000003
13987,2032-11-30,1422,Home,East,7,223.16,0.16,Card,11,4.1,1562.12,2032,11,November,156.212,1093.484,468.63599999999997
13988,2032-12-01,1597,Clothing,West,3,414.1,0.24,Card,5,4.6,1242.3000000000002,2032,12,December,289.87,869.61,372.69000000000017
13989,2032-12-02,1176,Electronics,North,2,580.36,0.23,COD,5,3.3,1160.72,2032,12,December,406.252,812.504,348.216
13990,2032-12-03,1528,Home,South,1,227.36,0.11,Card,1,2.5,227.36,2032,12,December,159.152,159.152,68.20800000000003
13991,2032-12-04,1609,Beauty,South,3,51.4,0.09,Card,5,3.8,154.2,2032,12,December,35.98,107.94,46.25999999999999
13992,2032-12-05,1965,Electronics,East,4,540.1,0.12,Wallet,8,1.7,2160.4,2032,12,December,378.07,1512.28,648.1200000000001
13993,2032-12-06,1493,Electronics,West,5,37.2,0.28,Wallet,9,4.9,186.0,2032,12,December,26.04,130.2,55.80000000000001
13994,2032-12-07,1197,Electronics,South,1,572.37,0.21,Wallet,10,3.6,572.37,2032,12,December,400.659,400.659,171.711
13995,2032-12-08,1609,Clothing,North,4,403.78,0.09,Wallet,3,1.3,1615.12,2032,12,December,282.64599999999996,1130.5839999999998,484.53600000000006
13996,2032-12-09,1576,Electronics,South,1,565.89,0.29,COD,4,3.1,565.89,2032,12,December,396.123,396.123,169.767
13997,2032-12-10,1841,Clothing,South,2,131.8,0.02,COD,7,4.0,263.6,2032,12,December,92.26,184.52,79.08000000000001
13998,2032-12-11,1852,Home,West,7,38.81,0.24,COD,7,2.1,271.67,2032,12,December,27.167,190.169,81.501
13999,2032-12-12,1516,Clothing,West,3,300.6,0.15,COD,1,1.2,901.8000000000001,2032,12,December,210.42000000000002,631.26,270.5400000000001
14000,2032-12-13,1513,Clothing,North,1,278.61,0.26,COD,11,3.0,278.61,2032,12,December,195.027,195.027,83.58300000000003
14001,2032-12-14,1021,Clothing,East,3,208.92,0.32,Card,6,4.3,626.76,2032,12,December,146.24399999999997,438.7319999999999,188.02800000000008
14002,2032-12-15,1111,Clothing,East,6,575.23,0.26,Wallet,9,2.0,3451.38,2032,12,December,402.661,2415.966,1035.4140000000002
14003,2032-12-16,1056,Electronics,South,1,496.21,0.15,COD,5,3.9,496.21,2032,12,December,347.347,347.347,148.863
14004,2032-12-17,1065,Electronics,North,2,402.03,0.05,Wallet,8,2.6,804.06,2032,12,December,281.42099999999994,562.8419999999999,241.21800000000007
14005,2032-12-18,1841,Beauty,East,2,110.27,0.28,Card,11,1.2,220.54,2032,12,December,77.189,154.378,66.162
14006,2032-12-19,1097,Electronics,East,7,444.58,0.16,Card,10,2.2,3112.06,2032,12,December,311.20599999999996,2178.4419999999996,933.6180000000004
14007,2032-12-20,1143,Home,South,7,440.3,0.03,Card,11,2.3,3082.1,2032,12,December,308.21,2157.47,924.6300000000001
14008,2032-12-21,1879,Beauty,North,4,263.66,0.25,COD,9,4.6,1054.64,2032,12,December,184.562,738.248,316.39200000000005
14009,2032-12-22,1434,Electronics,East,2,556.0,0.1,Card,10,4.9,1112.0,2032,12,December,389.2,778.4,333.6
14010,2032-12-23,1636,Clothing,West,3,112.68,0.02,Card,10,1.8,338.04,2032,12,December,78.876,236.62800000000001,101.412
14011,2032-12-24,1678,Clothing,West,6,171.39,0.32,Card,3,2.7,1028.34,2032,12,December,119.97299999999998,719.838,308.50199999999995
14012,2032-12-25,1085,Beauty,South,2,51.99,0.17,Card,1,4.9,103.98,2032,12,December,36.393,72.786,31.194000000000003
14013,2032-12-26,1587,Beauty,South,1,480.34,0.1,COD,2,2.6,480.34,2032,12,December,336.23799999999994,336.23799999999994,144.10200000000003
14014,2032-12-27,1343,Home,South,2,378.73,0.25,Wallet,5,2.4,757.46,2032,12,December,265.111,530.222,227.23800000000006
14015,2032-12-28,1935,Electronics,South,6,199.24,0.31,Card,10,1.4,1195.44,2032,12,December,139.468,836.808,358.63200000000006
14016,2032-12-29,1293,Home,East,3,110.83,0.0,COD,7,4.0,332.49,2032,12,December,77.58099999999999,232.74299999999997,99.74700000000004
14017,2032-12-30,1955,Clothing,North,1,38.49,0.24,Card,11,2.8,38.49,2032,12,December,26.943,26.943,11.547
14018,2032-12-31,1570,Clothing,South,4,112.55,0.27,Card,6,3.6,450.2,2032,12,December,78.785,315.14,135.06
14019,2033-01-01,1649,Electronics,South,4,280.17,0.07,COD,4,3.0,1120.68,2033,1,January,196.119,784.476,336.20400000000006
14020,2033-01-02,1610,Electronics,East,4,159.6,0.17,COD,9,1.7,638.4,2033,1,January,111.71999999999998,446.87999999999994,191.52000000000004
14021,2033-01-03,1703,Home,South,7,166.5,0.03,Wallet,11,1.7,1165.5,2033,1,January,116.55,815.85,349.65
14022,2033-01-04,1242,Clothing,South,1,527.21,0.26,COD,4,4.8,527.21,2033,1,January,369.047,369.047,158.163
14023,2033-01-05,1830,Electronics,North,4,316.36,0.3,Wallet,3,4.6,1265.44,2033,1,January,221.452,885.808,379.63200000000006
14024,2033-01-06,1560,Clothing,West,7,441.61,0.04,Card,11,3.4,3091.27,2033,1,January,309.127,2163.889,927.3809999999999
14025,2033-01-07,1959,Beauty,South,2,35.89,0.29,Card,5,1.0,71.78,2033,1,January,25.122999999999998,50.245999999999995,21.534000000000006
14026,2033-01-08,1031,Home,East,1,228.62,0.27,Card,4,2.7,228.62,2033,1,January,160.034,160.034,68.58600000000001
14027,2033-01-09,1390,Electronics,North,1,295.31,0.12,COD,2,3.1,295.31,2033,1,January,206.71699999999998,206.71699999999998,88.59300000000002
14028,2033-01-10,1276,Electronics,East,1,124.05,0.24,Card,3,2.8,124.05,2033,1,January,86.835,86.835,37.215
14029,2033-01-11,1531,Electronics,North,5,85.31,0.0,Card,7,4.7,426.55,2033,1,January,59.717,298.585,127.96500000000003
14030,2033-01-12,1153,Beauty,North,7,524.13,0.33,COD,2,1.2,3668.91,2033,1,January,366.89099999999996,2568.2369999999996,1100.6730000000002
14031,2033-01-13,1382,Clothing,South,3,564.57,0.19,Card,1,3.6,1693.71,2033,1,January,395.199,1185.597,508.11300000000006
14032,2033-01-14,1067,Clothing,South,5,61.1,0.22,Card,2,2.3,305.5,2033,1,January,42.769999999999996,213.84999999999997,91.65000000000003
14033,2033-01-15,1877,Clothing,South,5,219.18,0.23,Card,8,3.2,1095.9,2033,1,January,153.426,767.1299999999999,328.7700000000002
14034,2033-01-16,1883,Clothing,West,5,575.6,0.2,Card,8,3.6,2878.0,2033,1,January,402.92,2014.6000000000001,863.3999999999999
14035,2033-01-17,1213,Home,West,3,63.65,0.3,COD,10,2.8,190.95,2033,1,January,44.555,133.665,57.285
14036,2033-01-18,1654,Clothing,East,5,391.53,0.21,COD,2,1.6,1957.6499999999999,2033,1,January,274.07099999999997,1370.3549999999998,587.2950000000001
14037,2033-01-19,1375,Electronics,South,4,583.75,0.32,Card,6,3.1,2335.0,2033,1,January,408.625,1634.5,700.5
14038,2033-01-20,1743,Electronics,West,1,587.26,0.2,Card,11,4.7,587.26,2033,1,January,411.082,411.082,176.178
14039,2033-01-21,1212,Clothing,South,1,290.67,0.06,Wallet,11,3.1,290.67,2033,1,January,203.469,203.469,87.20100000000002
14040,2033-01-22,1078,Beauty,West,7,110.21,0.32,COD,11,1.5,771.4699999999999,2033,1,January,77.14699999999999,540.029,231.44099999999992
14041,2033-01-23,1725,Electronics,West,2,133.22,0.24,COD,7,4.3,266.44,2033,1,January,93.25399999999999,186.50799999999998,79.93200000000002
14042,2033-01-24,1627,Beauty,North,6,535.42,0.24,COD,1,1.9,3212.5199999999995,2033,1,January,374.7939999999999,2248.7639999999997,963.7559999999999
14043,2033-01-25,1603,Home,South,4,548.33,0.34,Card,7,2.5,2193.32,2033,1,January,383.831,1535.324,657.9960000000001
14044,2033-01-26,1781,Electronics,South,3,370.61,0.03,Wallet,11,2.7,1111.83,2033,1,January,259.427,778.2810000000001,333.54899999999986
14045,2033-01-27,1922,Electronics,West,6,463.21,0.15,COD,8,2.4,2779.2599999999998,2033,1,January,324.24699999999996,1945.4819999999997,833.778
14046,2033-01-28,1380,Electronics,South,1,447.86,0.08,Card,9,2.6,447.86,2033,1,January,313.502,313.502,134.358
14047,2033-01-29,1679,Home,West,5,402.17,0.22,Card,8,4.2,2010.8500000000001,2033,1,January,281.519,1407.595,603.2550000000001
14048,2033-01-30,1057,Electronics,South,7,498.96,0.28,Card,3,1.9,3492.72,2033,1,January,349.272,2444.904,1047.8159999999998
14049,2033-01-31,1795,Clothing,North,7,415.96,0.34,Card,8,2.9,2911.72,2033,1,January,291.17199999999997,2038.2039999999997,873.5160000000001
14050,2033-02-01,1025,Clothing,South,2,327.39,0.16,Wallet,3,1.1,654.78,2033,2,February,229.17299999999997,458.34599999999995,196.43400000000003
14051,2033-02-02,1880,Home,North,2,153.62,0.28,Wallet,6,3.0,307.24,2033,2,February,107.53399999999999,215.06799999999998,92.17200000000003
14052,2033-02-03,1446,Electronics,East,1,450.17,0.32,Card,4,1.4,450.17,2033,2,February,315.11899999999997,315.11899999999997,135.05100000000004
14053,2033-02-04,1065,Clothing,South,4,291.96,0.24,Card,7,2.1,1167.84,2033,2,February,204.37199999999999,817.4879999999999,350.352
14054,2033-02-05,1920,Clothing,South,7,187.45,0.08,COD,8,2.3,1312.1499999999999,2033,2,February,131.21499999999997,918.5049999999999,393.645
14055,2033-02-06,1759,Clothing,South,6,484.14,0.21,Card,10,1.3,2904.84,2033,2,February,338.89799999999997,2033.388,871.4520000000002
14056,2033-02-07,1253,Home,North,2,422.58,0.34,COD,6,2.4,845.16,2033,2,February,295.806,591.612,253.548
14057,2033-02-08,1898,Electronics,South,1,563.34,0.35,COD,10,3.0,563.34,2033,2,February,394.338,394.338,169.002
14058,2033-02-09,1967,Home,South,4,111.78,0.22,COD,4,2.7,447.12,2033,2,February,78.246,312.984,134.13600000000002
14059,2033-02-10,1043,Home,West,1,394.78,0.31,COD,8,2.1,394.78,2033,2,February,276.34599999999995,276.34599999999995,118.43400000000003
14060,2033-02-11,1096,Clothing,East,1,157.88,0.07,COD,7,2.2,157.88,2033,2,February,110.51599999999999,110.51599999999999,47.364000000000004
14061,2033-02-12,1553,Home,North,4,543.6,0.09,Wallet,10,3.5,2174.4,2033,2,February,380.52,1522.08,652.3200000000002
14062,2033-02-13,1226,Clothing,West,4,73.21,0.33,Card,8,3.9,292.84,2033,2,February,51.24699999999999,204.98799999999997,87.852
14063,2033-02-14,1773,Electronics,North,4,398.85,0.05,Wallet,10,3.3,1595.4,2033,2,February,279.195,1116.78,478.6200000000001
14064,2033-02-15,1678,Home,West,1,477.79,0.07,Card,7,4.9,477.79,2033,2,February,334.453,334.453,143.33700000000005
14065,2033-02-16,1435,Clothing,East,2,222.63,0.15,Card,3,4.8,445.26,2033,2,February,155.84099999999998,311.68199999999996,133.57800000000003
14066,2033-02-17,1790,Clothing,West,3,573.17,0.21,Card,3,1.4,1719.5099999999998,2033,2,February,401.21899999999994,1203.6569999999997,515.8530000000001
14067,2033-02-18,1600,Electronics,North,3,512.68,0.21,COD,9,2.0,1538.04,2033,2,February,358.8759999999999,1076.6279999999997,461.41200000000026
14068,2033-02-19,1378,Beauty,South,1,187.35,0.1,Card,7,4.5,187.35,2033,2,February,131.14499999999998,131.14499999999998,56.20500000000001
14069,2033-02-20,1177,Clothing,South,1,19.41,0.32,Wallet,1,1.1,19.41,2033,2,February,13.587,13.587,5.823
14070,2033-02-21,1426,Electronics,East,2,188.54,0.32,COD,3,3.4,377.08,2033,2,February,131.97799999999998,263.95599999999996,113.12400000000002
14071,2033-02-22,1914,Clothing,North,4,179.57,0.14,Card,11,4.8,718.28,2033,2,February,125.69899999999998,502.79599999999994,215.48400000000004
14072,2033-02-23,1708,Home,North,1,535.63,0.15,COD,1,3.7,535.63,2033,2,February,374.941,374.941,160.68900000000002
14073,2033-02-24,1306,Home,North,7,580.77,0.25,Wallet,6,1.4,4065.39,2033,2,February,406.539,2845.773,1219.6169999999997
14074,2033-02-25,1778,Clothing,East,5,56.21,0.23,COD,2,4.0,281.05,2033,2,February,39.347,196.735,84.315
14075,2033-02-26,1503,Beauty,South,4,290.71,0.13,Card,7,2.5,1162.84,2033,2,February,203.49699999999999,813.9879999999999,348.852
14076,2033-02-27,1267,Electronics,West,7,335.77,0.14,Wallet,8,4.7,2350.39,2033,2,February,235.03899999999996,1645.2729999999997,705.1170000000002
14077,2033-02-28,1585,Clothing,East,1,69.35,0.12,COD,6,2.1,69.35,2033,2,February,48.544999999999995,48.544999999999995,20.805
14078,2033-03-01,1007,Beauty,West,5,235.84,0.08,Card,5,2.9,1179.2,2033,3,March,165.088,825.4399999999999,353.7600000000001
14079,2033-03-02,1919,Beauty,South,7,200.49,0.16,Card,10,4.0,1403.43,2033,3,March,140.343,982.401,421.0290000000001
14080,2033-03-03,1507,Home,East,6,328.59,0.24,COD,4,2.0,1971.54,2033,3,March,230.01299999999998,1380.078,591.462
14081,2033-03-04,1475,Beauty,South,2,401.8,0.26,Wallet,9,1.7,803.6,2033,3,March,281.26,562.52,241.08000000000004
14082,2033-03-05,1296,Electronics,West,5,426.54,0.27,Card,8,1.0,2132.7000000000003,2033,3,March,298.578,1492.8899999999999,639.8100000000004
14083,2033-03-06,1163,Beauty,North,1,95.0,0.13,Card,5,3.0,95.0,2033,3,March,66.5,66.5,28.5
14084,2033-03-07,1484,Electronics,North,3,490.57,0.27,Wallet,1,4.7,1471.71,2033,3,March,343.399,1030.1970000000001,441.5129999999999
14085,2033-03-08,1596,Electronics,West,7,411.95,0.0,Card,8,2.1,2883.65,2033,3,March,288.36499999999995,2018.5549999999996,865.0950000000005
14086,2033-03-09,1071,Electronics,North,1,535.11,0.17,Wallet,8,1.2,535.11,2033,3,March,374.577,374.577,160.53300000000002
14087,2033-03-10,1566,Clothing,West,3,277.86,0.28,Card,7,3.5,833.58,2033,3,March,194.502,583.5060000000001,250.07399999999996
14088,2033-03-11,1904,Electronics,East,2,537.93,0.22,COD,7,1.2,1075.86,2033,3,March,376.55099999999993,753.1019999999999,322.75800000000004
14089,2033-03-12,1558,Electronics,East,2,521.48,0.17,Card,8,3.0,1042.96,2033,3,March,365.036,730.072,312.88800000000003
14090,2033-03-13,1910,Electronics,East,4,271.47,0.23,Wallet,1,2.5,1085.88,2033,3,March,190.029,760.116,325.7640000000001
14091,2033-03-14,1943,Electronics,North,7,237.97,0.32,COD,3,2.9,1665.79,2033,3,March,166.57899999999998,1166.0529999999999,499.7370000000001
14092,2033-03-15,1237,Clothing,South,4,560.7,0.2,Wallet,4,1.7,2242.8,2033,3,March,392.49,1569.96,672.8400000000001
14093,2033-03-16,1103,Clothing,North,3,433.37,0.28,COD,11,1.4,1300.1100000000001,2033,3,March,303.359,910.077,390.03300000000013
14094,2033-03-17,1209,Electronics,North,3,558.02,0.34,Card,6,4.0,1674.06,2033,3,March,390.614,1171.8419999999999,502.2180000000001
14095,2033-03-18,1553,Home,South,2,481.23,0.25,Card,10,2.0,962.46,2033,3,March,336.861,673.722,288.73800000000006
14096,2033-03-19,1827,Beauty,South,5,371.44,0.2,COD,10,4.2,1857.2,2033,3,March,260.008,1300.04,557.1600000000001
14097,2033-03-20,1467,Home,South,3,82.77,0.01,COD,9,4.0,248.31,2033,3,March,57.93899999999999,173.81699999999998,74.49300000000002
14098,2033-03-21,1453,Electronics,South,3,185.52,0.13,Wallet,4,1.8,556.5600000000001,2033,3,March,129.864,389.592,166.96800000000007
14099,2033-03-22,1267,Home,North,7,581.77,0.2,Card,6,4.6,4072.39,2033,3,March,407.239,2850.673,1221.717
14100,2033-03-23,1385,Electronics,West,5,201.86,0.28,COD,9,1.6,1009.3000000000001,2033,3,March,141.302,706.51,302.7900000000001
14101,2033-03-24,1774,Electronics,East,4,69.55,0.15,Wallet,9,4.2,278.2,2033,3,March,48.684999999999995,194.73999999999998,83.46000000000001
14102,2033-03-25,1847,Electronics,West,4,428.92,0.34,Card,6,2.7,1715.68,2033,3,March,300.24399999999997,1200.9759999999999,514.7040000000002
14103,2033-03-26,1386,Home,North,3,444.39,0.1,Wallet,5,1.7,1333.17,2033,3,March,311.073,933.2189999999999,399.95100000000014
14104,2033-03-27,1876,Electronics,South,7,181.99,0.26,Card,3,4.8,1273.93,2033,3,March,127.393,891.751,382.1790000000001
14105,2033-03-28,1258,Electronics,East,4,189.14,0.15,COD,5,4.9,756.56,2033,3,March,132.398,529.592,226.96799999999996
14106,2033-03-29,1282,Electronics,East,4,289.3,0.17,Card,3,3.0,1157.2,2033,3,March,202.51,810.04,347.1600000000001
14107,2033-03-30,1625,Beauty,West,6,27.75,0.28,Card,5,2.9,166.5,2033,3,March,19.424999999999997,116.54999999999998,49.95000000000002
14108,2033-03-31,1874,Clothing,North,7,476.75,0.1,Card,10,4.6,3337.25,2033,3,March,333.72499999999997,2336.075,1001.1750000000002
14109,2033-04-01,1039,Electronics,North,4,200.5,0.03,Wallet,10,3.4,802.0,2033,4,April,140.35,561.4,240.60000000000002
14110,2033-04-02,1485,Clothing,North,2,514.45,0.18,Wallet,1,2.1,1028.9,2033,4,April,360.115,720.23,308.6700000000001
14111,2033-04-03,1928,Clothing,East,1,484.54,0.19,Card,6,2.7,484.54,2033,4,April,339.178,339.178,145.36200000000002
14112,2033-04-04,1219,Home,West,3,401.92,0.28,Wallet,7,4.3,1205.76,2033,4,April,281.344,844.0319999999999,361.72800000000007
14113,2033-04-05,1128,Electronics,East,3,205.05,0.34,COD,2,4.4,615.1500000000001,2033,4,April,143.535,430.605,184.54500000000007
14114,2033-04-06,1519,Beauty,East,2,317.05,0.02,Wallet,3,4.8,634.1,2033,4,April,221.935,443.87,190.23000000000002
14115,2033-04-07,1612,Electronics,South,1,275.23,0.21,Card,10,2.2,275.23,2033,4,April,192.661,192.661,82.56900000000002
14116,2033-04-08,1927,Home,West,1,213.25,0.24,Card,9,3.7,213.25,2033,4,April,149.27499999999998,149.27499999999998,63.97500000000002
14117,2033-04-09,1891,Electronics,South,2,511.16,0.35,COD,8,1.3,1022.32,2033,4,April,357.812,715.624,306.696
14118,2033-04-10,1687,Clothing,North,5,297.85,0.33,Card,4,3.9,1489.25,2033,4,April,208.495,1042.475,446.7750000000001
14119,2033-04-11,1618,Clothing,East,5,502.14,0.25,COD,11,3.3,2510.7,2033,4,April,351.498,1757.49,753.2099999999998
14120,2033-04-12,1612,Clothing,West,1,76.55,0.18,Card,8,2.0,76.55,2033,4,April,53.584999999999994,53.584999999999994,22.965000000000003
14121,2033-04-13,1259,Electronics,North,5,97.5,0.06,Card,11,3.6,487.5,2033,4,April,68.25,341.25,146.25
14122,2033-04-14,1989,Home,West,5,586.73,0.13,Card,8,1.5,2933.65,2033,4,April,410.711,2053.5550000000003,880.0949999999998
14123,2033-04-15,1965,Electronics,East,5,358.84,0.2,Wallet,6,2.3,1794.1999999999998,2033,4,April,251.18799999999996,1255.9399999999998,538.26
14124,2033-04-16,1365,Home,West,1,313.22,0.25,Card,1,2.6,313.22,2033,4,April,219.25400000000002,219.25400000000002,93.96600000000001
14125,2033-04-17,1757,Home,North,5,321.05,0.22,Card,2,4.1,1605.25,2033,4,April,224.73499999999999,1123.675,481.57500000000005
14126,2033-04-18,1786,Clothing,South,3,140.93,0.25,COD,4,2.2,422.79,2033,4,April,98.651,295.953,126.83700000000005
14127,2033-04-19,1543,Home,East,6,435.44,0.15,COD,4,1.2,2612.64,2033,4,April,304.808,1828.848,783.7919999999999
14128,2033-04-20,1648,Home,South,1,64.6,0.25,COD,2,1.7,64.6,2033,4,April,45.21999999999999,45.21999999999999,19.380000000000003
14129,2033-04-21,1523,Clothing,East,2,350.39,0.05,COD,9,3.4,700.78,2033,4,April,245.27299999999997,490.54599999999994,210.23400000000004
14130,2033-04-22,1906,Home,North,5,348.9,0.06,Card,2,1.1,1744.5,2033,4,April,244.22999999999996,1221.1499999999999,523.3500000000001
14131,2033-04-23,1813,Electronics,East,4,549.8,0.06,Card,6,4.2,2199.2,2033,4,April,384.85999999999996,1539.4399999999998,659.76
14132,2033-04-24,1886,Clothing,South,1,322.82,0.31,COD,5,4.6,322.82,2033,4,April,225.974,225.974,96.846
14133,2033-04-25,1015,Home,East,7,95.18,0.03,Wallet,4,3.0,666.26,2033,4,April,66.626,466.38200000000006,199.87799999999993
14134,2033-04-26,1128,Clothing,North,2,350.06,0.28,COD,6,3.8,700.12,2033,4,April,245.04199999999997,490.08399999999995,210.03600000000006
14135,2033-04-27,1574,Electronics,East,6,68.43,0.08,Card,4,2.9,410.58000000000004,2033,4,April,47.901,287.406,123.17400000000004
14136,2033-04-28,1108,Clothing,South,3,134.22,0.16,Card,9,2.2,402.65999999999997,2033,4,April,93.954,281.86199999999997,120.798
14137,2033-04-29,1886,Home,North,7,33.2,0.32,Card,11,1.7,232.40000000000003,2033,4,April,23.240000000000002,162.68,69.72000000000003
14138,2033-04-30,1532,Beauty,South,2,315.28,0.21,COD,10,3.1,630.56,2033,4,April,220.69599999999997,441.39199999999994,189.168
14139,2033-05-01,1669,Clothing,East,5,64.45,0.07,Card,7,4.7,322.25,2033,5,May,45.115,225.57500000000002,96.67499999999998
14140,2033-05-02,1268,Home,West,4,289.6,0.1,Card,3,4.6,1158.4,2033,5,May,202.72,810.88,347.5200000000001
14141,2033-05-03,1161,Beauty,South,5,560.77,0.32,Card,10,4.7,2803.85,2033,5,May,392.539,1962.695,841.155
14142,2033-05-04,1259,Electronics,East,2,436.06,0.15,COD,4,4.9,872.12,2033,5,May,305.24199999999996,610.4839999999999,261.6360000000001
14143,2033-05-05,1923,Electronics,West,1,60.29,0.21,Card,1,1.7,60.29,2033,5,May,42.202999999999996,42.202999999999996,18.087000000000003
14144,2033-05-06,1101,Home,West,7,146.16,0.16,COD,6,1.6,1023.12,2033,5,May,102.312,716.184,306.93600000000004
14145,2033-05-07,1505,Home,North,4,409.09,0.13,COD,2,2.7,1636.36,2033,5,May,286.36299999999994,1145.4519999999998,490.90800000000013
14146,2033-05-08,1734,Beauty,West,7,538.4,0.08,Card,4,3.8,3768.7999999999997,2033,5,May,376.87999999999994,2638.1599999999994,1130.6400000000003
14147,2033-05-09,1570,Clothing,South,7,34.26,0.24,COD,5,2.8,239.82,2033,5,May,23.981999999999996,167.87399999999997,71.94600000000003
14148,2033-05-10,1246,Electronics,South,4,490.28,0.25,Card,8,4.6,1961.12,2033,5,May,343.19599999999997,1372.7839999999999,588.336
14149,2033-05-11,1639,Clothing,West,2,343.66,0.1,Card,3,3.9,687.32,2033,5,May,240.562,481.124,206.19600000000003
14150,2033-05-12,1794,Electronics,East,6,334.46,0.28,COD,6,3.5,2006.7599999999998,2033,5,May,234.12199999999996,1404.7319999999997,602.028
14151,2033-05-13,1836,Electronics,South,6,575.32,0.3,COD,1,1.3,3451.92,2033,5,May,402.724,2416.344,1035.576
14152,2033-05-14,1536,Home,South,5,452.37,0.32,COD,9,1.7,2261.85,2033,5,May,316.659,1583.295,678.5549999999998
14153,2033-05-15,1130,Electronics,North,2,512.32,0.06,COD,1,2.7,1024.64,2033,5,May,358.624,717.248,307.39200000000005
14154,2033-05-16,1352,Home,East,4,222.09,0.11,Wallet,2,4.9,888.36,2033,5,May,155.463,621.852,266.50800000000004
14155,2033-05-17,1195,Clothing,West,2,339.3,0.3,Card,1,2.3,678.6,2033,5,May,237.51,475.02,203.58000000000004
14156,2033-05-18,1792,Clothing,East,4,375.01,0.07,COD,8,3.5,1500.04,2033,5,May,262.507,1050.028,450.01199999999994
14157,2033-05-19,1915,Electronics,North,7,203.13,0.0,COD,4,5.0,1421.9099999999999,2033,5,May,142.19099999999997,995.3369999999998,426.5730000000001
14158,2033-05-20,1929,Electronics,North,5,348.6,0.3,Card,2,2.1,1743.0,2033,5,May,244.02,1220.1000000000001,522.8999999999999
14159,2033-05-21,1665,Electronics,East,1,153.44,0.11,Card,7,1.7,153.44,2033,5,May,107.40799999999999,107.40799999999999,46.03200000000001
14160,2033-05-22,1381,Beauty,North,7,98.87,0.15,COD,8,3.2,692.09,2033,5,May,69.209,484.463,207.627
14161,2033-05-23,1644,Home,North,1,233.77,0.16,Card,9,3.2,233.77,2033,5,May,163.639,163.639,70.131
14162,2033-05-24,1226,Clothing,North,2,447.48,0.3,Card,5,4.7,894.96,2033,5,May,313.236,626.472,268.48800000000006
14163,2033-05-25,1700,Electronics,East,4,550.97,0.12,COD,3,1.1,2203.88,2033,5,May,385.679,1542.716,661.1640000000002
14164,2033-05-26,1475,Beauty,North,1,282.76,0.31,Wallet,1,2.6,282.76,2033,5,May,197.932,197.932,84.828
14165,2033-05-27,1476,Electronics,West,7,391.05,0.22,Wallet,8,2.2,2737.35,2033,5,May,273.735,1916.145,821.2049999999999
14166,2033-05-28,1264,Electronics,West,4,75.28,0.18,Card,6,3.3,301.12,2033,5,May,52.696,210.784,90.33600000000001
14167,2033-05-29,1371,Clothing,South,5,544.11,0.11,COD,5,1.0,2720.55,2033,5,May,380.877,1904.385,816.1650000000002
14168,2033-05-30,1485,Beauty,West,7,347.63,0.09,Card,7,3.8,2433.41,2033,5,May,243.34099999999998,1703.387,730.0229999999999
14169,2033-05-31,1433,Electronics,South,2,471.5,0.22,Card,5,2.9,943.0,2033,5,May,330.04999999999995,660.0999999999999,282.9000000000001
14170,2033-06-01,1645,Electronics,East,4,479.75,0.16,COD,11,3.8,1919.0,2033,6,June,335.825,1343.3,575.7
14171,2033-06-02,1210,Beauty,North,2,165.04,0.32,Card,4,2.8,330.08,2033,6,June,115.52799999999999,231.05599999999998,99.024
14172,2033-06-03,1571,Electronics,West,4,324.57,0.17,Card,5,2.9,1298.28,2033,6,June,227.19899999999998,908.7959999999999,389.48400000000004
14173,2033-06-04,1939,Electronics,South,7,576.88,0.18,Wallet,11,4.6,4038.16,2033,6,June,403.816,2826.712,1211.4479999999999
14174,2033-06-05,1376,Clothing,East,6,67.44,0.15,Wallet,7,1.8,404.64,2033,6,June,47.208,283.248,121.392
14175,2033-06-06,1394,Beauty,South,6,414.58,0.28,COD,11,1.9,2487.48,2033,6,June,290.20599999999996,1741.2359999999999,746.2440000000001
14176,2033-06-07,1449,Clothing,North,4,577.92,0.15,Wallet,6,3.2,2311.68,2033,6,June,404.5439999999999,1618.1759999999997,693.5040000000001
14177,2033-06-08,1942,Beauty,West,5,190.84,0.09,COD,10,3.6,954.2,2033,6,June,133.588,667.9399999999999,286.2600000000001
14178,2033-06-09,1363,Home,East,2,518.95,0.3,Card,10,2.4,1037.9,2033,6,June,363.265,726.53,311.3700000000001
14179,2033-06-10,1875,Electronics,South,3,561.19,0.21,COD,11,3.1,1683.5700000000002,2033,6,June,392.833,1178.499,505.07100000000014
14180,2033-06-11,1456,Beauty,East,4,452.05,0.21,Card,9,1.9,1808.2,2033,6,June,316.435,1265.74,542.46
14181,2033-06-12,1724,Clothing,South,4,150.33,0.21,Card,10,1.5,601.32,2033,6,June,105.23100000000001,420.92400000000004,180.39600000000002
14182,2033-06-13,1727,Electronics,South,6,210.39,0.25,Wallet,2,2.0,1262.34,2033,6,June,147.27299999999997,883.6379999999998,378.7020000000001
14183,2033-06-14,1225,Clothing,North,1,35.95,0.11,COD,7,4.7,35.95,2033,6,June,25.165,25.165,10.785000000000004
14184,2033-06-15,1981,Electronics,North,7,501.4,0.01,Card,1,4.2,3509.7999999999997,2033,6,June,350.97999999999996,2456.8599999999997,1052.94
14185,2033-06-16,1130,Electronics,South,6,512.02,0.28,Card,8,1.6,3072.12,2033,6,June,358.414,2150.484,921.636
14186,2033-06-17,1587,Electronics,West,2,385.14,0.05,Card,4,1.2,770.28,2033,6,June,269.59799999999996,539.1959999999999,231.08400000000006
14187,2033-06-18,1475,Clothing,East,6,221.23,0.25,Wallet,8,1.4,1327.3799999999999,2033,6,June,154.861,929.1659999999999,398.21399999999994
14188,2033-06-19,1797,Home,East,3,59.93,0.03,COD,8,2.2,179.79,2033,6,June,41.951,125.85300000000001,53.93699999999998
14189,2033-06-20,1985,Clothing,North,5,455.54,0.13,COD,4,4.2,2277.7000000000003,2033,6,June,318.878,1594.3899999999999,683.3100000000004
14190,2033-06-21,1276,Beauty,West,7,440.02,0.02,COD,4,2.3,3080.14,2033,6,June,308.01399999999995,2156.0979999999995,924.0420000000004
14191,2033-06-22,1155,Electronics,South,3,548.87,0.18,COD,5,1.7,1646.6100000000001,2033,6,June,384.209,1152.627,493.9830000000002
14192,2033-06-23,1759,Electronics,North,5,442.36,0.23,COD,7,2.6,2211.8,2033,6,June,309.652,1548.26,663.5400000000002
14193,2033-06-24,1217,Electronics,South,3,499.79,0.06,COD,6,1.5,1499.3700000000001,2033,6,June,349.853,1049.559,449.81100000000015
14194,2033-06-25,1189,Electronics,South,7,451.38,0.13,Wallet,1,2.9,3159.66,2033,6,June,315.96599999999995,2211.7619999999997,947.8980000000001
14195,2033-06-26,1416,Electronics,North,6,383.95,0.33,Wallet,6,3.7,2303.7,2033,6,June,268.765,1612.59,691.1099999999999
14196,2033-06-27,1980,Home,West,3,264.78,0.15,Wallet,3,2.5,794.3399999999999,2033,6,June,185.34599999999998,556.0379999999999,238.30200000000002
14197,2033-06-28,1674,Beauty,East,6,542.74,0.28,COD,9,1.7,3256.44,2033,6,June,379.918,2279.508,976.9320000000002
14198,2033-06-29,1691,Beauty,North,7,395.82,0.32,Wallet,3,2.8,2770.74,2033,6,June,277.07399999999996,1939.5179999999996,831.2220000000002
14199,2033-06-30,1545,Electronics,West,6,248.04,0.34,Card,9,4.0,1488.24,2033,6,June,173.628,1041.768,446.472
14200,2033-07-01,1040,Beauty,South,2,63.83,0.31,Wallet,5,1.3,127.66,2033,7,July,44.681,89.362,38.298
14201,2033-07-02,1306,Electronics,North,6,185.06,0.11,Wallet,10,1.3,1110.3600000000001,2033,7,July,129.542,777.252,333.1080000000002
14202,2033-07-03,1942,Electronics,East,1,333.08,0.34,Wallet,8,2.3,333.08,2033,7,July,233.15599999999998,233.15599999999998,99.924
14203,2033-07-04,1337,Beauty,East,3,176.25,0.28,Wallet,9,2.7,528.75,2033,7,July,123.37499999999999,370.12499999999994,158.62500000000006
14204,2033-07-05,1313,Clothing,South,7,144.42,0.29,Card,9,1.9,1010.9399999999999,2033,7,July,101.09399999999998,707.6579999999999,303.28200000000004
14205,2033-07-06,1074,Electronics,North,4,323.53,0.01,Card,7,1.1,1294.12,2033,7,July,226.47099999999998,905.8839999999999,388.236
14206,2033-07-07,1952,Clothing,East,4,114.34,0.33,Card,10,1.9,457.36,2033,7,July,80.038,320.152,137.20800000000003
14207,2033-07-08,1278,Electronics,North,4,483.24,0.27,COD,1,2.7,1932.96,2033,7,July,338.268,1353.072,579.8880000000001
14208,2033-07-09,1175,Home,East,7,298.36,0.27,Card,8,1.3,2088.52,2033,7,July,208.852,1461.964,626.556
14209,2033-07-10,1895,Clothing,South,1,350.71,0.03,COD,7,3.9,350.71,2033,7,July,245.49699999999996,245.49699999999996,105.21300000000002
14210,2033-07-11,1661,Beauty,South,6,101.22,0.08,COD,4,3.2,607.3199999999999,2033,7,July,70.854,425.124,182.1959999999999
14211,2033-07-12,1272,Electronics,North,3,204.88,0.34,COD,6,2.7,614.64,2033,7,July,143.416,430.248,184.392
14212,2033-07-13,1836,Clothing,West,5,254.9,0.18,Wallet,10,3.1,1274.5,2033,7,July,178.43,892.1500000000001,382.3499999999999
14213,2033-07-14,1619,Clothing,West,5,487.8,0.14,COD,2,3.6,2439.0,2033,7,July,341.46,1707.3,731.7
14214,2033-07-15,1650,Clothing,South,7,465.54,0.29,COD,4,5.0,3258.78,2033,7,July,325.878,2281.1459999999997,977.6340000000005
14215,2033-07-16,1861,Electronics,East,2,145.44,0.03,COD,8,4.1,290.88,2033,7,July,101.80799999999999,203.61599999999999,87.26400000000001
14216,2033-07-17,1782,Home,West,1,375.46,0.15,Wallet,4,3.2,375.46,2033,7,July,262.82199999999995,262.82199999999995,112.63800000000003
14217,2033-07-18,1858,Beauty,South,3,157.42,0.13,Card,10,4.1,472.26,2033,7,July,110.19399999999999,330.582,141.678
14218,2033-07-19,1930,Beauty,East,6,593.12,0.12,Card,4,2.9,3558.7200000000003,2033,7,July,415.18399999999997,2491.104,1067.6160000000004
14219,2033-07-20,1288,Home,East,4,571.99,0.11,Wallet,4,2.2,2287.96,2033,7,July,400.393,1601.572,686.3880000000001
14220,2033-07-21,1723,Beauty,West,1,344.51,0.07,COD,10,2.0,344.51,2033,7,July,241.15699999999998,241.15699999999998,103.35300000000001
14221,2033-07-22,1892,Clothing,South,1,423.86,0.06,COD,9,2.6,423.86,2033,7,July,296.702,296.702,127.15800000000002
14222,2033-07-23,1271,Home,East,3,483.84,0.22,COD,11,1.0,1451.52,2033,7,July,338.688,1016.064,435.456
14223,2033-07-24,1929,Electronics,East,7,436.78,0.32,Card,2,1.7,3057.46,2033,7,July,305.746,2140.2219999999998,917.2380000000003
14224,2033-07-25,1065,Clothing,North,6,424.4,0.18,COD,7,1.5,2546.3999999999996,2033,7,July,297.08,1782.48,763.9199999999996
14225,2033-07-26,1482,Electronics,North,7,575.75,0.1,Card,3,4.8,4030.25,2033,7,July,403.025,2821.1749999999997,1209.0750000000003
14226,2033-07-27,1935,Clothing,West,7,363.93,0.06,COD,4,1.3,2547.51,2033,7,July,254.75099999999998,1783.2569999999998,764.2530000000004
14227,2033-07-28,1247,Electronics,North,2,387.24,0.29,COD,1,3.0,774.48,2033,7,July,271.068,542.136,232.34400000000005
14228,2033-07-29,1155,Beauty,South,7,511.82,0.34,COD,3,4.7,3582.74,2033,7,July,358.274,2507.918,1074.8219999999997
14229,2033-07-30,1046,Electronics,West,6,406.89,0.12,COD,2,3.4,2441.34,2033,7,July,284.823,1708.9379999999999,732.4020000000003
14230,2033-07-31,1934,Electronics,West,2,443.77,0.1,Wallet,10,3.0,887.54,2033,7,July,310.63899999999995,621.2779999999999,266.26200000000006
14231,2033-08-01,1453,Clothing,North,2,151.99,0.21,COD,7,4.0,303.98,2033,8,August,106.393,212.786,91.19400000000002
14232,2033-08-02,1200,Electronics,East,4,232.19,0.27,Wallet,6,2.4,928.76,2033,8,August,162.533,650.132,278.62800000000004
14233,2033-08-03,1659,Electronics,South,4,101.17,0.16,COD,1,1.8,404.68,2033,8,August,70.819,283.276,121.404
14234,2033-08-04,1123,Electronics,South,3,310.87,0.22,COD,11,4.4,932.61,2033,8,August,217.60899999999998,652.827,279.783
14235,2033-08-05,1000,Clothing,South,6,281.6,0.25,Card,8,1.2,1689.6000000000001,2033,8,August,197.12,1182.72,506.8800000000001
14236,2033-08-06,1967,Clothing,West,7,598.34,0.34,Card,9,4.2,4188.38,2033,8,August,418.838,2931.866,1256.5140000000001
14237,2033-08-07,1758,Home,South,2,372.56,0.06,COD,1,1.4,745.12,2033,8,August,260.792,521.584,223.53600000000006
14238,2033-08-08,1854,Home,East,3,475.07,0.35,Card,5,3.5,1425.21,2033,8,August,332.549,997.6469999999999,427.5630000000001
14239,2033-08-09,1639,Clothing,East,2,210.4,0.14,COD,7,2.9,420.8,2033,8,August,147.28,294.56,126.24000000000001
14240,2033-08-10,1190,Electronics,North,1,501.45,0.25,COD,2,5.0,501.45,2033,8,August,351.015,351.015,150.435
14241,2033-08-11,1578,Electronics,South,5,374.82,0.2,Wallet,6,2.6,1874.1,2033,8,August,262.37399999999997,1311.87,562.23
14242,2033-08-12,1515,Home,West,5,422.74,0.17,Wallet,8,4.8,2113.7,2033,8,August,295.918,1479.5900000000001,634.1099999999997
14243,2033-08-13,1441,Electronics,North,2,187.24,0.24,Card,8,2.6,374.48,2033,8,August,131.068,262.136,112.344
14244,2033-08-14,1920,Electronics,East,3,335.95,0.14,Card,10,3.7,1007.8499999999999,2033,8,August,235.16499999999996,705.4949999999999,302.355
14245,2033-08-15,1814,Home,South,4,385.91,0.04,COD,10,3.6,1543.64,2033,8,August,270.137,1080.548,463.0920000000001
14246,2033-08-16,1805,Clothing,East,6,359.62,0.17,Card,8,1.3,2157.7200000000003,2033,8,August,251.73399999999998,1510.404,647.3160000000003
14247,2033-08-17,1142,Electronics,North,2,550.39,0.18,Card,6,4.0,1100.78,2033,8,August,385.27299999999997,770.5459999999999,330.23400000000004
14248,2033-08-18,1190,Electronics,East,2,540.49,0.07,Wallet,6,1.8,1080.98,2033,8,August,378.34299999999996,756.6859999999999,324.2940000000001
14249,2033-08-19,1532,Beauty,South,6,583.03,0.33,Wallet,11,2.6,3498.18,2033,8,August,408.121,2448.7259999999997,1049.4540000000002
14250,2033-08-20,1226,Beauty,South,7,405.45,0.08,COD,3,4.1,2838.15,2033,8,August,283.815,1986.705,851.4450000000002
14251,2033-08-21,1312,Home,North,4,583.57,0.14,COD,2,4.8,2334.28,2033,8,August,408.499,1633.996,700.2840000000001
14252,2033-08-22,1628,Clothing,South,2,502.0,0.05,Card,5,3.2,1004.0,2033,8,August,351.4,702.8,301.20000000000005
14253,2033-08-23,1948,Clothing,East,1,173.44,0.19,COD,9,3.1,173.44,2033,8,August,121.40799999999999,121.40799999999999,52.03200000000001
14254,2033-08-24,1301,Beauty,East,4,265.05,0.11,COD,4,3.0,1060.2,2033,8,August,185.535,742.14,318.06000000000006
14255,2033-08-25,1653,Beauty,West,1,154.46,0.17,COD,5,4.3,154.46,2033,8,August,108.122,108.122,46.33800000000001
14256,2033-08-26,1995,Electronics,West,5,17.46,0.08,Card,6,5.0,87.30000000000001,2033,8,August,12.222,61.11,26.190000000000012
14257,2033-08-27,1459,Home,West,6,125.01,0.02,Wallet,11,3.5,750.0600000000001,2033,8,August,87.507,525.042,225.01800000000003
14258,2033-08-28,1400,Electronics,East,4,17.38,0.27,COD,6,2.5,69.52,2033,8,August,12.165999999999999,48.663999999999994,20.856
14259,2033-08-29,1550,Electronics,East,7,436.11,0.22,COD,4,1.9,3052.77,2033,8,August,305.277,2136.939,915.8310000000001
14260,2033-08-30,1392,Home,North,4,263.94,0.12,Wallet,4,1.8,1055.76,2033,8,August,184.75799999999998,739.0319999999999,316.72800000000007
14261,2033-08-31,1866,Clothing,West,3,197.86,0.02,Card,8,4.4,593.58,2033,8,August,138.502,415.50600000000003,178.074
14262,2033-09-01,1763,Beauty,East,3,460.61,0.3,Card,5,5.0,1381.83,2033,9,September,322.42699999999996,967.281,414.549
14263,2033-09-02,1844,Electronics,North,6,502.0,0.06,Wallet,11,3.8,3012.0,2033,9,September,351.4,2108.3999999999996,903.6000000000004
14264,2033-09-03,1206,Clothing,East,7,585.55,0.33,Wallet,5,4.8,4098.849999999999,2033,9,September,409.88499999999993,2869.1949999999997,1229.6549999999997
14265,2033-09-04,1209,Beauty,North,4,390.58,0.17,COD,9,2.4,1562.32,2033,9,September,273.40599999999995,1093.6239999999998,468.69600000000014
14266,2033-09-05,1114,Beauty,West,5,284.99,0.12,Card,4,3.5,1424.95,2033,9,September,199.493,997.4649999999999,427.4850000000001
14267,2033-09-06,1736,Electronics,West,7,193.58,0.26,COD,7,3.0,1355.0600000000002,2033,9,September,135.506,948.542,406.51800000000014
14268,2033-09-07,1645,Clothing,West,2,145.06,0.31,Card,5,2.9,290.12,2033,9,September,101.542,203.084,87.036
14269,2033-09-08,1250,Clothing,East,6,139.56,0.13,COD,9,3.5,837.36,2033,9,September,97.692,586.1519999999999,251.20800000000008
14270,2033-09-09,1218,Electronics,East,7,254.38,0.14,Card,8,2.2,1780.6599999999999,2033,9,September,178.06599999999997,1246.4619999999998,534.1980000000001
14271,2033-09-10,1406,Beauty,North,6,595.2,0.15,Wallet,8,3.6,3571.2000000000003,2033,9,September,416.64,2499.84,1071.3600000000001
14272,2033-09-11,1442,Beauty,South,7,15.5,0.32,COD,10,3.7,108.5,2033,9,September,10.85,75.95,32.55
14273,2033-09-12,1602,Electronics,South,3,130.37,0.24,Wallet,10,4.3,391.11,2033,9,September,91.259,273.777,117.33300000000003
14274,2033-09-13,1353,Electronics,West,5,125.21,0.09,Card,3,3.9,626.05,2033,9,September,87.64699999999999,438.23499999999996,187.815
14275,2033-09-14,1887,Electronics,South,6,434.51,0.06,Card,9,2.3,2607.06,2033,9,September,304.157,1824.942,782.1179999999999
14276,2033-09-15,1557,Beauty,West,5,221.2,0.08,Wallet,8,2.8,1106.0,2033,9,September,154.83999999999997,774.1999999999998,331.8000000000002
14277,2033-09-16,1549,Electronics,North,6,282.5,0.09,Card,3,1.5,1695.0,2033,9,September,197.75,1186.5,508.5
14278,2033-09-17,1141,Clothing,South,3,101.95,0.08,COD,10,2.0,305.85,2033,9,September,71.365,214.09499999999997,91.75500000000005
14279,2033-09-18,1611,Clothing,South,2,251.92,0.23,Card,1,3.1,503.84,2033,9,September,176.344,352.688,151.152
14280,2033-09-19,1500,Clothing,West,3,75.37,0.04,COD,5,1.4,226.11,2033,9,September,52.759,158.277,67.83300000000003
14281,2033-09-20,1839,Electronics,North,6,326.83,0.14,Card,4,3.3,1960.98,2033,9,September,228.78099999999998,1372.686,588.2940000000001
14282,2033-09-21,1701,Electronics,South,5,72.29,0.22,Card,8,2.6,361.45000000000005,2033,9,September,50.603,253.01500000000001,108.43500000000003
14283,2033-09-22,1546,Beauty,South,1,477.45,0.1,COD,6,1.1,477.45,2033,9,September,334.215,334.215,143.235
14284,2033-09-23,1658,Beauty,South,3,346.46,0.02,Card,10,2.7,1039.3799999999999,2033,9,September,242.52199999999996,727.5659999999999,311.81399999999996
14285,2033-09-24,1541,Home,North,5,438.52,0.03,Card,5,2.1,2192.6,2033,9,September,306.96399999999994,1534.8199999999997,657.7800000000002
14286,2033-09-25,1845,Electronics,North,7,259.83,0.04,COD,9,1.3,1818.81,2033,9,September,181.88099999999997,1273.167,545.643
14287,2033-09-26,1506,Electronics,South,7,238.17,0.29,COD,6,2.2,1667.1899999999998,2033,9,September,166.719,1167.033,500.1569999999999
14288,2033-09-27,1595,Clothing,West,3,72.45,0.23,Card,11,2.2,217.35000000000002,2033,9,September,50.714999999999996,152.14499999999998,65.20500000000004
14289,2033-09-28,1880,Electronics,West,6,321.46,0.02,COD,11,2.4,1928.7599999999998,2033,9,September,225.02199999999996,1350.1319999999998,578.6279999999999
14290,2033-09-29,1280,Beauty,South,7,315.98,0.14,Wallet,11,2.5,2211.86,2033,9,September,221.186,1548.3020000000001,663.558
14291,2033-09-30,1423,Clothing,North,5,288.84,0.1,Card,11,2.7,1444.1999999999998,2033,9,September,202.18799999999996,1010.9399999999998,433.26
14292,2033-10-01,1855,Electronics,South,2,448.2,0.2,COD,3,1.4,896.4,2033,10,October,313.73999999999995,627.4799999999999,268.9200000000001
14293,2033-10-02,1269,Beauty,North,5,502.02,0.18,COD,6,1.0,2510.1,2033,10,October,351.414,1757.07,753.03
14294,2033-10-03,1153,Beauty,South,7,454.21,0.17,Card,11,3.9,3179.47,2033,10,October,317.94699999999995,2225.6289999999995,953.8410000000003
14295,2033-10-04,1613,Electronics,North,7,99.16,0.11,Card,4,2.3,694.12,2033,10,October,69.41199999999999,485.88399999999996,208.23600000000005
14296,2033-10-05,1726,Clothing,East,4,378.9,0.05,COD,5,3.5,1515.6,2033,10,October,265.22999999999996,1060.9199999999998,454.68000000000006
14297,2033-10-06,1661,Electronics,West,1,61.99,0.26,COD,6,2.2,61.99,2033,10,October,43.393,43.393,18.597
14298,2033-10-07,1943,Clothing,East,6,421.35,0.31,Card,9,4.9,2528.1000000000004,2033,10,October,294.945,1769.67,758.4300000000003
14299,2033-10-08,1082,Electronics,West,5,238.38,0.33,Wallet,3,2.3,1191.9,2033,10,October,166.86599999999999,834.3299999999999,357.57000000000016
14300,2033-10-09,1621,Clothing,North,7,92.51,0.02,COD,1,3.4,647.57,2033,10,October,64.757,453.29900000000004,194.27100000000002
14301,2033-10-10,1946,Beauty,East,6,519.3,0.26,Card,2,1.9,3115.7999999999997,2033,10,October,363.50999999999993,2181.0599999999995,934.7400000000002
14302,2033-10-11,1898,Clothing,West,3,374.19,0.25,COD,8,3.1,1122.57,2033,10,October,261.933,785.799,336.77099999999996
14303,2033-10-12,1425,Electronics,South,3,222.51,0.33,Wallet,4,3.3,667.53,2033,10,October,155.75699999999998,467.27099999999996,200.25900000000001
14304,2033-10-13,1274,Clothing,North,5,32.98,0.09,Card,7,1.7,164.89999999999998,2033,10,October,23.085999999999995,115.42999999999998,49.47
14305,2033-10-14,1712,Electronics,North,4,329.33,0.26,COD,2,1.5,1317.32,2033,10,October,230.53099999999998,922.1239999999999,395.196
14306,2033-10-15,1283,Beauty,South,7,555.09,0.02,COD,11,4.9,3885.63,2033,10,October,388.563,2719.941,1165.6890000000003
14307,2033-10-16,1979,Clothing,South,5,363.88,0.22,Card,10,4.6,1819.4,2033,10,October,254.71599999999998,1273.58,545.8200000000002
14308,2033-10-17,1172,Electronics,West,2,583.42,0.12,Card,8,3.6,1166.84,2033,10,October,408.39399999999995,816.7879999999999,350.052
14309,2033-10-18,1326,Electronics,North,4,94.82,0.27,Card,10,4.4,379.28,2033,10,October,66.374,265.496,113.78399999999999
14310,2033-10-19,1717,Home,West,7,347.46,0.3,Card,9,1.4,2432.22,2033,10,October,243.22199999999998,1702.5539999999999,729.6659999999999
14311,2033-10-20,1062,Electronics,South,7,481.9,0.13,Card,7,3.9,3373.2999999999997,2033,10,October,337.33,2361.31,1011.9899999999998
14312,2033-10-21,1072,Home,North,6,322.44,0.18,Wallet,10,2.1,1934.6399999999999,2033,10,October,225.70799999999997,1354.2479999999998,580.392
14313,2033-10-22,1762,Electronics,South,5,68.27,0.04,Wallet,11,3.2,341.34999999999997,2033,10,October,47.788999999999994,238.94499999999996,102.405
14314,2033-10-23,1635,Electronics,West,7,355.99,0.15,Card,1,4.1,2491.9300000000003,2033,10,October,249.19299999999998,1744.3509999999999,747.5790000000004
14315,2033-10-24,1374,Clothing,West,6,372.87,0.13,Card,2,1.1,2237.2200000000003,2033,10,October,261.009,1566.054,671.1660000000002
14316,2033-10-25,1632,Beauty,West,7,441.29,0.06,Card,9,3.8,3089.03,2033,10,October,308.903,2162.321,926.7090000000003
14317,2033-10-26,1507,Beauty,North,1,460.31,0.31,Card,10,2.7,460.31,2033,10,October,322.217,322.217,138.09300000000002
14318,2033-10-27,1786,Electronics,South,4,465.9,0.05,Card,7,2.8,1863.6,2033,10,October,326.12999999999994,1304.5199999999998,559.0800000000002
14319,2033-10-28,1942,Clothing,South,5,403.11,0.22,Card,11,4.6,2015.5500000000002,2033,10,October,282.17699999999996,1410.8849999999998,604.6650000000004
14320,2033-10-29,1397,Electronics,West,1,141.25,0.31,Wallet,3,4.4,141.25,2033,10,October,98.875,98.875,42.375
14321,2033-10-30,1119,Clothing,West,5,251.48,0.32,Card,5,1.2,1257.3999999999999,2033,10,October,176.03599999999997,880.1799999999998,377.22
14322,2033-10-31,1933,Clothing,West,2,469.04,0.28,COD,1,3.5,938.08,2033,10,October,328.328,656.656,281.4240000000001
14323,2033-11-01,1436,Beauty,West,3,572.75,0.06,Card,10,2.7,1718.25,2033,11,November,400.92499999999995,1202.7749999999999,515.4750000000001
14324,2033-11-02,1828,Beauty,East,6,61.18,0.29,Card,3,1.5,367.08,2033,11,November,42.826,256.956,110.12399999999997
14325,2033-11-03,1675,Clothing,East,5,328.29,0.1,Wallet,11,4.4,1641.45,2033,11,November,229.803,1149.0149999999999,492.4350000000002
14326,2033-11-04,1935,Clothing,East,4,197.83,0.32,Card,4,1.3,791.32,2033,11,November,138.481,553.924,237.39600000000007
14327,2033-11-05,1464,Beauty,West,5,146.86,0.25,Wallet,4,1.1,734.3000000000001,2033,11,November,102.802,514.01,220.29000000000008
14328,2033-11-06,1285,Home,West,5,310.9,0.27,Card,7,1.8,1554.5,2033,11,November,217.62999999999997,1088.1499999999999,466.35000000000014
14329,2033-11-07,1264,Electronics,South,5,369.56,0.03,COD,5,2.2,1847.8,2033,11,November,258.692,1293.46,554.3399999999999
14330,2033-11-08,1319,Electronics,North,7,20.72,0.2,Wallet,9,1.2,145.04,2033,11,November,14.503999999999998,101.52799999999999,43.512
14331,2033-11-09,1672,Clothing,South,5,471.42,0.29,Card,7,3.6,2357.1,2033,11,November,329.99399999999997,1649.9699999999998,707.1300000000001
14332,2033-11-10,1375,Electronics,East,7,494.63,0.3,Card,2,2.7,3462.41,2033,11,November,346.241,2423.687,1038.723
14333,2033-11-11,1819,Electronics,South,4,579.82,0.01,COD,11,2.6,2319.28,2033,11,November,405.874,1623.496,695.7840000000001
14334,2033-11-12,1088,Electronics,West,4,120.68,0.33,Card,11,1.6,482.72,2033,11,November,84.476,337.904,144.81600000000003
14335,2033-11-13,1653,Clothing,East,5,362.81,0.02,COD,8,2.8,1814.05,2033,11,November,253.96699999999998,1269.835,544.2149999999999
14336,2033-11-14,1202,Electronics,East,7,264.58,0.22,Card,11,2.6,1852.06,2033,11,November,185.206,1296.442,555.6179999999999
14337,2033-11-15,1820,Electronics,North,3,210.87,0.24,Card,2,2.5,632.61,2033,11,November,147.60899999999998,442.82699999999994,189.78300000000007
14338,2033-11-16,1738,Electronics,North,5,345.9,0.04,Card,7,1.9,1729.5,2033,11,November,242.12999999999997,1210.6499999999999,518.8500000000001
14339,2033-11-17,1954,Home,East,6,472.69,0.02,Wallet,5,1.4,2836.14,2033,11,November,330.883,1985.2979999999998,850.8420000000001
14340,2033-11-18,1333,Beauty,East,6,28.49,0.27,Card,10,2.0,170.94,2033,11,November,19.942999999999998,119.65799999999999,51.28200000000001
14341,2033-11-19,1221,Clothing,South,4,582.1,0.13,Card,6,3.7,2328.4,2033,11,November,407.46999999999997,1629.8799999999999,698.5200000000002
14342,2033-11-20,1040,Clothing,East,6,488.78,0.04,COD,11,1.3,2932.68,2033,11,November,342.14599999999996,2052.8759999999997,879.8040000000001
14343,2033-11-21,1707,Beauty,West,6,454.42,0.27,Card,4,2.5,2726.52,2033,11,November,318.094,1908.5639999999999,817.9560000000001
14344,2033-11-22,1067,Electronics,South,2,459.83,0.3,Card,5,3.1,919.66,2033,11,November,321.881,643.762,275.898
14345,2033-11-23,1987,Electronics,West,5,242.6,0.21,Card,5,4.9,1213.0,2033,11,November,169.82,849.0999999999999,363.9000000000001
14346,2033-11-24,1775,Electronics,West,5,454.7,0.06,COD,7,4.4,2273.5,2033,11,November,318.28999999999996,1591.4499999999998,682.0500000000002
14347,2033-11-25,1513,Electronics,West,5,241.26,0.01,COD,11,4.7,1206.3,2033,11,November,168.88199999999998,844.4099999999999,361.8900000000001
14348,2033-11-26,1872,Clothing,East,5,540.74,0.25,Card,4,4.3,2703.7,2033,11,November,378.518,1892.59,811.1099999999999
14349,2033-11-27,1636,Beauty,North,1,118.68,0.19,Card,5,3.4,118.68,2033,11,November,83.076,83.076,35.60400000000001
14350,2033-11-28,1621,Clothing,North,5,186.02,0.23,COD,4,4.4,930.1,2033,11,November,130.214,651.0699999999999,279.0300000000001
14351,2033-11-29,1597,Clothing,West,7,337.53,0.28,COD,4,3.3,2362.71,2033,11,November,236.27099999999996,1653.8969999999997,708.8130000000003
14352,2033-11-30,1936,Beauty,East,4,201.74,0.15,Card,8,2.4,806.96,2033,11,November,141.218,564.872,242.08800000000008
14353,2033-12-01,1631,Electronics,South,7,263.18,0.04,Card,11,2.5,1842.26,2033,12,December,184.226,1289.5819999999999,552.6780000000001
14354,2033-12-02,1126,Electronics,West,4,303.07,0.33,Card,5,3.3,1212.28,2033,12,December,212.14899999999997,848.5959999999999,363.6840000000001
14355,2033-12-03,1254,Clothing,South,1,515.97,0.19,COD,9,4.2,515.97,2033,12,December,361.179,361.179,154.79100000000005
14356,2033-12-04,1694,Clothing,South,5,321.07,0.22,Wallet,5,1.5,1605.35,2033,12,December,224.74899999999997,1123.745,481.605
14357,2033-12-05,1015,Electronics,East,3,227.04,0.33,Card,8,1.2,681.12,2033,12,December,158.928,476.784,204.336
14358,2033-12-06,1476,Clothing,East,7,159.93,0.33,Card,3,4.2,1119.51,2033,12,December,111.951,783.6569999999999,335.85300000000007
14359,2033-12-07,1061,Clothing,North,5,254.08,0.2,Card,7,3.6,1270.4,2033,12,December,177.856,889.28,381.1200000000001
14360,2033-12-08,1880,Home,North,4,316.71,0.1,Card,1,4.3,1266.84,2033,12,December,221.69699999999997,886.7879999999999,380.052
14361,2033-12-09,1431,Clothing,East,7,451.48,0.35,Card,5,4.9,3160.36,2033,12,December,316.036,2212.252,948.1080000000002
14362,2033-12-10,1669,Electronics,West,2,85.81,0.24,Wallet,2,2.0,171.62,2033,12,December,60.067,120.134,51.486000000000004
14363,2033-12-11,1267,Electronics,North,6,144.64,0.14,Card,8,1.8,867.8399999999999,2033,12,December,101.24799999999999,607.4879999999999,260.352
14364,2033-12-12,1034,Clothing,South,2,237.1,0.2,COD,6,2.4,474.2,2033,12,December,165.97,331.94,142.26
14365,2033-12-13,1778,Electronics,West,3,225.83,0.15,Card,5,4.5,677.49,2033,12,December,158.081,474.24299999999994,203.24700000000007
14366,2033-12-14,1575,Beauty,South,5,244.17,0.31,Wallet,3,1.1,1220.85,2033,12,December,170.91899999999998,854.5949999999999,366.255
14367,2033-12-15,1493,Clothing,East,1,479.21,0.17,COD,1,1.0,479.21,2033,12,December,335.44699999999995,335.44699999999995,143.76300000000003
14368,2033-12-16,1561,Electronics,South,5,204.63,0.29,Card,10,1.9,1023.15,2033,12,December,143.24099999999999,716.2049999999999,306.94500000000005
14369,2033-12-17,1468,Home,West,3,308.61,0.29,Wallet,10,2.5,925.83,2033,12,December,216.027,648.0809999999999,277.74900000000014
14370,2033-12-18,1766,Clothing,East,3,379.99,0.29,Card,10,2.2,1139.97,2033,12,December,265.993,797.979,341.991
14371,2033-12-19,1660,Electronics,West,6,150.82,0.25,COD,11,4.3,904.92,2033,12,December,105.57399999999998,633.444,271.476
14372,2033-12-20,1324,Home,South,3,435.44,0.3,Wallet,10,3.8,1306.32,2033,12,December,304.808,914.424,391.89599999999996
14373,2033-12-21,1303,Beauty,West,2,335.06,0.14,Card,8,4.4,670.12,2033,12,December,234.54199999999997,469.08399999999995,201.03600000000006
14374,2033-12-22,1275,Home,East,6,276.37,0.04,COD,11,2.5,1658.22,2033,12,December,193.459,1160.754,497.4660000000001
14375,2033-12-23,1868,Electronics,South,5,488.72,0.29,Wallet,5,3.4,2443.6000000000004,2033,12,December,342.104,1710.52,733.0800000000004
14376,2033-12-24,1962,Clothing,South,7,157.44,0.17,Wallet,9,3.1,1102.08,2033,12,December,110.208,771.456,330.6239999999999
14377,2033-12-25,1683,Home,North,5,531.66,0.04,COD,11,2.9,2658.2999999999997,2033,12,December,372.162,1860.81,797.4899999999998
14378,2033-12-26,1928,Electronics,North,1,343.21,0.04,Card,7,2.2,343.21,2033,12,December,240.24699999999996,240.24699999999996,102.96300000000002
14379,2033-12-27,1200,Electronics,West,3,371.37,0.06,COD,1,3.8,1114.1100000000001,2033,12,December,259.959,779.877,334.2330000000002
14380,2033-12-28,1444,Beauty,North,3,526.91,0.26,COD,11,3.1,1580.73,2033,12,December,368.83699999999993,1106.5109999999997,474.2190000000003
14381,2033-12-29,1904,Electronics,North,4,493.29,0.25,COD,1,1.3,1973.16,2033,12,December,345.303,1381.212,591.9480000000001
14382,2033-12-30,1323,Home,North,6,366.91,0.07,Wallet,7,1.0,2201.46,2033,12,December,256.837,1541.022,660.4380000000001
14383,2033-12-31,1034,Clothing,North,4,455.61,0.3,Card,11,1.1,1822.44,2033,12,December,318.92699999999996,1275.7079999999999,546.7320000000002
14384,2034-01-01,1976,Clothing,East,6,268.49,0.1,Card,7,1.3,1610.94,2034,1,January,187.94299999999998,1127.658,483.28200000000015
14385,2034-01-02,1481,Electronics,East,2,335.22,0.28,COD,9,2.5,670.44,2034,1,January,234.654,469.308,201.13200000000006
14386,2034-01-03,1727,Home,North,6,51.31,0.17,Wallet,2,2.2,307.86,2034,1,January,35.917,215.502,92.358
14387,2034-01-04,1479,Clothing,West,5,67.57,0.26,COD,7,1.6,337.84999999999997,2034,1,January,47.29899999999999,236.49499999999995,101.35500000000002
14388,2034-01-05,1064,Clothing,East,1,500.21,0.13,Wallet,2,3.1,500.21,2034,1,January,350.147,350.147,150.063
14389,2034-01-06,1007,Home,North,7,49.91,0.12,Wallet,10,4.9,349.37,2034,1,January,34.937,244.55899999999997,104.81100000000004
14390,2034-01-07,1300,Home,East,6,114.1,0.29,Wallet,10,1.6,684.5999999999999,2034,1,January,79.86999999999999,479.2199999999999,205.38
14391,2034-01-08,1342,Beauty,South,6,480.56,0.01,Wallet,2,2.0,2883.36,2034,1,January,336.392,2018.3519999999999,865.0080000000003
14392,2034-01-09,1430,Clothing,East,6,15.67,0.34,Wallet,5,2.8,94.02,2034,1,January,10.969,65.814,28.206000000000003
14393,2034-01-10,1423,Clothing,East,1,180.21,0.23,Wallet,9,3.6,180.21,2034,1,January,126.14699999999999,126.14699999999999,54.06300000000002
14394,2034-01-11,1331,Beauty,West,3,356.66,0.15,COD,9,3.4,1069.98,2034,1,January,249.662,748.986,320.994
14395,2034-01-12,1437,Clothing,East,1,363.34,0.22,Card,10,3.1,363.34,2034,1,January,254.33799999999997,254.33799999999997,109.00200000000001
14396,2034-01-13,1587,Electronics,West,3,469.63,0.04,Card,1,3.9,1408.8899999999999,2034,1,January,328.741,986.223,422.6669999999999
14397,2034-01-14,1173,Electronics,South,7,310.97,0.18,Card,11,4.4,2176.79,2034,1,January,217.679,1523.753,653.037
14398,2034-01-15,1558,Home,North,5,313.0,0.34,Card,7,5.0,1565.0,2034,1,January,219.1,1095.5,469.5
14399,2034-01-16,1526,Clothing,West,1,439.31,0.08,Card,10,2.9,439.31,2034,1,January,307.517,307.517,131.793
14400,2034-01-17,1872,Home,East,3,306.7,0.25,Wallet,10,5.0,920.0999999999999,2034,1,January,214.68999999999997,644.0699999999999,276.03
14401,2034-01-18,1658,Clothing,East,5,370.97,0.15,COD,3,3.9,1854.8500000000001,2034,1,January,259.67900000000003,1298.3950000000002,556.4549999999999
14402,2034-01-19,1025,Electronics,West,5,540.2,0.23,Card,10,3.6,2701.0,2034,1,January,378.14,1890.6999999999998,810.3000000000002
14403,2034-01-20,1819,Clothing,South,3,249.85,0.07,COD,10,3.6,749.55,2034,1,January,174.89499999999998,524.685,224.865
14404,2034-01-21,1604,Electronics,North,3,240.3,0.16,COD,1,4.6,720.9000000000001,2034,1,January,168.21,504.63,216.2700000000001
14405,2034-01-22,1405,Clothing,East,2,17.08,0.34,Card,2,4.8,34.16,2034,1,January,11.955999999999998,23.911999999999995,10.248000000000001
14406,2034-01-23,1231,Clothing,South,5,373.85,0.07,Wallet,6,1.7,1869.25,2034,1,January,261.695,1308.475,560.7750000000001
14407,2034-01-24,1532,Clothing,North,3,32.42,0.22,Card,10,3.0,97.26,2034,1,January,22.694,68.082,29.17800000000001
14408,2034-01-25,1818,Home,North,5,309.93,0.2,COD,2,4.8,1549.65,2034,1,January,216.951,1084.7549999999999,464.8950000000002
14409,2034-01-26,1549,Home,East,1,485.48,0.2,Card,2,2.5,485.48,2034,1,January,339.836,339.836,145.644
14410,2034-01-27,1787,Home,West,7,336.7,0.22,COD,4,1.9,2356.9,2034,1,January,235.68999999999997,1649.8299999999997,707.0700000000004
14411,2034-01-28,1504,Electronics,East,4,172.74,0.18,Wallet,3,1.4,690.96,2034,1,January,120.91799999999999,483.67199999999997,207.28800000000007
14412,2034-01-29,1668,Electronics,East,4,474.91,0.01,Card,8,3.4,1899.64,2034,1,January,332.437,1329.748,569.892
14413,2034-01-30,1178,Clothing,East,6,172.78,0.32,Wallet,8,3.8,1036.68,2034,1,January,120.946,725.6759999999999,311.00400000000013
14414,2034-01-31,1131,Beauty,South,3,443.82,0.29,Card,6,1.8,1331.46,2034,1,January,310.674,932.0219999999999,399.4380000000001
14415,2034-02-01,1822,Home,West,3,372.0,0.06,COD,4,3.7,1116.0,2034,2,February,260.4,781.1999999999999,334.80000000000007
14416,2034-02-02,1454,Home,South,5,114.45,0.14,Wallet,7,4.6,572.25,2034,2,February,80.115,400.575,171.675
14417,2034-02-03,1347,Electronics,East,6,544.5,0.27,Wallet,9,2.0,3267.0,2034,2,February,381.15,2286.8999999999996,980.1000000000004
14418,2034-02-04,1539,Clothing,West,3,132.38,0.34,Card,2,1.5,397.14,2034,2,February,92.666,277.998,119.142
14419,2034-02-05,1771,Clothing,North,5,593.91,0.33,Card,6,4.3,2969.5499999999997,2034,2,February,415.73699999999997,2078.685,890.8649999999998
14420,2034-02-06,1405,Electronics,West,3,19.28,0.31,COD,7,4.7,57.84,2034,2,February,13.496,40.488,17.352000000000004
14421,2034-02-07,1075,Electronics,East,5,169.14,0.06,Card,1,1.9,845.6999999999999,2034,2,February,118.39799999999998,591.9899999999999,253.71000000000004
14422,2034-02-08,1940,Beauty,West,3,131.92,0.32,COD,6,3.9,395.76,2034,2,February,92.34399999999998,277.0319999999999,118.72800000000007
14423,2034-02-09,1578,Electronics,North,2,23.19,0.31,COD,8,3.4,46.38,2034,2,February,16.233,32.466,13.914000000000001
14424,2034-02-10,1853,Electronics,North,7,443.44,0.13,COD,7,2.0,3104.08,2034,2,February,310.40799999999996,2172.8559999999998,931.2240000000002
14425,2034-02-11,1491,Electronics,West,5,420.65,0.14,Card,2,4.3,2103.25,2034,2,February,294.455,1472.2749999999999,630.9750000000001
14426,2034-02-12,1193,Beauty,North,7,478.53,0.16,COD,2,2.9,3349.71,2034,2,February,334.97099999999995,2344.7969999999996,1004.9130000000005
14427,2034-02-13,1983,Clothing,South,2,165.17,0.23,Wallet,4,3.8,330.34,2034,2,February,115.61899999999999,231.23799999999997,99.102
14428,2034-02-14,1161,Home,West,2,274.94,0.09,COD,5,2.2,549.88,2034,2,February,192.458,384.916,164.964
14429,2034-02-15,1346,Beauty,North,2,400.58,0.01,COD,5,4.3,801.16,2034,2,February,280.40599999999995,560.8119999999999,240.34800000000007
14430,2034-02-16,1950,Electronics,North,2,272.26,0.05,Card,11,2.1,544.52,2034,2,February,190.582,381.164,163.356
14431,2034-02-17,1360,Clothing,West,1,422.94,0.15,Card,2,2.5,422.94,2034,2,February,296.058,296.058,126.882
14432,2034-02-18,1768,Electronics,South,7,385.87,0.1,Card,7,2.6,2701.09,2034,2,February,270.109,1890.763,810.3270000000002
14433,2034-02-19,1583,Electronics,West,6,82.07,0.27,COD,8,1.8,492.41999999999996,2034,2,February,57.44899999999999,344.69399999999996,147.726
14434,2034-02-20,1086,Home,North,7,471.91,0.04,Card,2,4.5,3303.3700000000003,2034,2,February,330.337,2312.359,991.0110000000004
14435,2034-02-21,1933,Home,West,4,436.6,0.32,COD,4,1.5,1746.4,2034,2,February,305.62,1222.48,523.9200000000001
14436,2034-02-22,1261,Clothing,North,1,398.66,0.31,COD,11,3.3,398.66,2034,2,February,279.062,279.062,119.59800000000001
14437,2034-02-23,1213,Clothing,East,3,105.73,0.32,COD,11,4.3,317.19,2034,2,February,74.011,222.033,95.15700000000001
14438,2034-02-24,1664,Clothing,West,3,171.78,0.26,Card,3,3.3,515.34,2034,2,February,120.246,360.738,154.60200000000003
14439,2034-02-25,1721,Electronics,West,6,245.01,0.04,COD,4,2.3,1470.06,2034,2,February,171.50699999999998,1029.042,441.01800000000003
14440,2034-02-26,1912,Electronics,North,4,178.76,0.15,COD,5,4.1,715.04,2034,2,February,125.13199999999999,500.52799999999996,214.512
14441,2034-02-27,1572,Electronics,North,4,148.27,0.05,Card,6,3.0,593.08,2034,2,February,103.789,415.156,177.92400000000004
14442,2034-02-28,1779,Electronics,North,4,486.13,0.35,Card,2,1.7,1944.52,2034,2,February,340.291,1361.164,583.356
14443,2034-03-01,1261,Home,North,2,388.37,0.12,COD,10,2.3,776.74,2034,3,March,271.859,543.718,233.02200000000005
14444,2034-03-02,1729,Electronics,West,1,345.8,0.2,Card,6,3.4,345.8,2034,3,March,242.06,242.06,103.74000000000001
14445,2034-03-03,1282,Electronics,North,3,147.18,0.27,Card,9,3.6,441.54,2034,3,March,103.026,309.078,132.46200000000005
14446,2034-03-04,1647,Clothing,West,1,552.07,0.32,Card,11,3.2,552.07,2034,3,March,386.449,386.449,165.62100000000004
14447,2034-03-05,1466,Beauty,South,1,126.84,0.26,Card,8,2.1,126.84,2034,3,March,88.788,88.788,38.05200000000001
14448,2034-03-06,1379,Electronics,West,1,480.05,0.24,Wallet,1,3.4,480.05,2034,3,March,336.03499999999997,336.03499999999997,144.01500000000004
14449,2034-03-07,1361,Electronics,North,4,580.5,0.16,COD,9,2.3,2322.0,2034,3,March,406.34999999999997,1625.3999999999999,696.6000000000001
14450,2034-03-08,1448,Clothing,North,6,440.35,0.21,COD,11,1.9,2642.1000000000004,2034,3,March,308.245,1849.47,792.6300000000003
14451,2034-03-09,1440,Home,South,6,595.82,0.03,Wallet,10,4.8,3574.92,2034,3,March,417.074,2502.444,1072.476
14452,2034-03-10,1092,Clothing,West,4,395.86,0.31,COD,11,2.3,1583.44,2034,3,March,277.102,1108.408,475.03200000000015
14453,2034-03-11,1620,Home,South,3,142.21,0.19,COD,2,2.3,426.63,2034,3,March,99.547,298.64099999999996,127.98900000000003
14454,2034-03-12,1752,Beauty,West,3,134.23,0.01,Card,11,4.6,402.68999999999994,2034,3,March,93.96099999999998,281.8829999999999,120.80700000000002
14455,2034-03-13,1866,Home,North,3,204.87,0.32,COD,1,1.6,614.61,2034,3,March,143.409,430.227,184.38300000000004
14456,2034-03-14,1423,Clothing,West,6,19.17,0.17,Card,6,3.3,115.02000000000001,2034,3,March,13.419,80.51400000000001,34.506
14457,2034-03-15,1141,Clothing,North,6,413.79,0.3,Card,1,4.1,2482.7400000000002,2034,3,March,289.653,1737.9180000000001,744.8220000000001
14458,2034-03-16,1290,Electronics,North,1,172.17,0.3,Card,6,2.1,172.17,2034,3,March,120.51899999999998,120.51899999999998,51.65100000000001
14459,2034-03-17,1431,Beauty,East,4,491.88,0.29,Card,2,4.4,1967.52,2034,3,March,344.316,1377.264,590.2560000000001
14460,2034-03-18,1748,Clothing,East,2,225.12,0.02,Card,11,4.1,450.24,2034,3,March,157.584,315.168,135.072
14461,2034-03-19,1851,Electronics,West,1,295.77,0.09,Card,7,2.9,295.77,2034,3,March,207.039,207.039,88.731
14462,2034-03-20,1823,Home,North,5,579.93,0.31,Wallet,7,1.5,2899.6499999999996,2034,3,March,405.95099999999996,2029.7549999999999,869.8949999999998
14463,2034-03-21,1688,Electronics,South,6,156.67,0.31,Card,4,4.9,940.02,2034,3,March,109.66899999999998,658.0139999999999,282.0060000000001
14464,2034-03-22,1652,Clothing,North,1,436.93,0.16,Wallet,2,3.5,436.93,2034,3,March,305.851,305.851,131.079
14465,2034-03-23,1700,Clothing,South,4,456.74,0.15,COD,11,3.1,1826.96,2034,3,March,319.71799999999996,1278.8719999999998,548.0880000000002
14466,2034-03-24,1997,Clothing,West,5,144.28,0.06,COD,7,4.5,721.4,2034,3,March,100.996,504.97999999999996,216.42000000000002
14467,2034-03-25,1048,Home,West,7,308.08,0.34,Card,1,2.7,2156.56,2034,3,March,215.65599999999998,1509.5919999999999,646.9680000000001
14468,2034-03-26,1301,Electronics,South,1,219.87,0.07,Wallet,11,3.3,219.87,2034,3,March,153.909,153.909,65.96100000000001
14469,2034-03-27,1880,Clothing,South,4,466.57,0.07,Card,11,4.4,1866.28,2034,3,March,326.599,1306.396,559.884
14470,2034-03-28,1189,Clothing,North,4,379.15,0.23,COD,2,2.6,1516.6,2034,3,March,265.405,1061.62,454.98
14471,2034-03-29,1135,Home,West,6,293.45,0.08,COD,2,4.1,1760.6999999999998,2034,3,March,205.415,1232.49,528.2099999999998
14472,2034-03-30,1554,Home,North,2,470.93,0.33,Card,1,2.0,941.86,2034,3,March,329.651,659.302,282.558
14473,2034-03-31,1403,Clothing,South,1,152.57,0.0,Card,9,3.8,152.57,2034,3,March,106.79899999999999,106.79899999999999,45.771
14474,2034-04-01,1891,Clothing,East,4,455.87,0.0,Card,6,3.0,1823.48,2034,4,April,319.109,1276.436,547.0440000000001
14475,2034-04-02,1864,Electronics,East,3,521.24,0.18,Wallet,3,1.7,1563.72,2034,4,April,364.868,1094.604,469.116
14476,2034-04-03,1601,Beauty,East,4,528.99,0.17,Wallet,6,1.5,2115.96,2034,4,April,370.293,1481.172,634.788
14477,2034-04-04,1806,Clothing,South,2,473.45,0.06,Wallet,7,2.8,946.9,2034,4,April,331.41499999999996,662.8299999999999,284.07000000000005
14478,2034-04-05,1340,Home,North,4,253.69,0.17,Card,3,3.8,1014.76,2034,4,April,177.583,710.332,304.428
14479,2034-04-06,1756,Electronics,West,6,589.36,0.14,Card,4,3.4,3536.16,2034,4,April,412.55199999999996,2475.312,1060.848
14480,2034-04-07,1944,Electronics,South,7,237.06,0.31,Card,10,4.4,1659.42,2034,4,April,165.94199999999998,1161.5939999999998,497.82600000000025
14481,2034-04-08,1703,Clothing,East,1,388.6,0.0,Wallet,1,2.6,388.6,2034,4,April,272.02,272.02,116.58000000000004
14482,2034-04-09,1317,Beauty,North,6,109.23,0.34,Card,6,4.4,655.38,2034,4,April,76.461,458.76599999999996,196.61400000000003
14483,2034-04-10,1617,Clothing,West,1,588.56,0.22,Card,6,1.1,588.56,2034,4,April,411.99199999999996,411.99199999999996,176.56799999999998
14484,2034-04-11,1362,Beauty,West,5,426.83,0.05,Wallet,9,2.5,2134.15,2034,4,April,298.78099999999995,1493.9049999999997,640.2450000000003
14485,2034-04-12,1821,Clothing,South,1,455.73,0.02,COD,2,1.3,455.73,2034,4,April,319.01099999999997,319.01099999999997,136.71900000000005
14486,2034-04-13,1381,Clothing,South,5,53.48,0.19,COD,5,4.7,267.4,2034,4,April,37.43599999999999,187.17999999999995,80.22000000000003
14487,2034-04-14,1232,Electronics,West,6,461.6,0.08,Card,5,2.9,2769.6000000000004,2034,4,April,323.12,1938.72,830.8800000000003
14488,2034-04-15,1776,Home,West,3,468.21,0.11,COD,7,2.3,1404.6299999999999,2034,4,April,327.74699999999996,983.2409999999999,421.389
14489,2034-04-16,1343,Electronics,East,2,407.99,0.09,Wallet,5,3.0,815.98,2034,4,April,285.59299999999996,571.1859999999999,244.7940000000001
14490,2034-04-17,1548,Beauty,West,3,185.77,0.23,COD,10,3.1,557.3100000000001,2034,4,April,130.039,390.11699999999996,167.1930000000001
14491,2034-04-18,1816,Beauty,South,5,301.47,0.19,Card,4,4.4,1507.3500000000001,2034,4,April,211.029,1055.145,452.20500000000015
14492,2034-04-19,1552,Beauty,North,4,79.6,0.03,Card,10,3.2,318.4,2034,4,April,55.71999999999999,222.87999999999997,95.52000000000001
14493,2034-04-20,1528,Clothing,East,4,290.88,0.18,Card,2,2.7,1163.52,2034,4,April,203.61599999999999,814.4639999999999,349.05600000000004
14494,2034-04-21,1855,Home,East,3,157.64,0.28,COD,8,4.8,472.91999999999996,2034,4,April,110.34799999999998,331.044,141.87599999999998
14495,2034-04-22,1788,Home,West,4,219.22,0.03,Card,5,4.9,876.88,2034,4,April,153.45399999999998,613.8159999999999,263.0640000000001
14496,2034-04-23,1818,Electronics,North,5,110.12,0.31,COD,4,1.2,550.6,2034,4,April,77.084,385.42,165.18
14497,2034-04-24,1570,Clothing,East,6,149.58,0.2,COD,9,3.8,897.48,2034,4,April,104.706,628.236,269.244
14498,2034-04-25,1934,Electronics,South,2,59.79,0.33,COD,2,2.5,119.58,2034,4,April,41.852999999999994,83.70599999999999,35.87400000000001
14499,2034-04-26,1182,Clothing,West,7,553.14,0.05,Card,3,3.7,3871.98,2034,4,April,387.198,2710.386,1161.594
14500,2034-04-27,1040,Electronics,South,1,325.29,0.35,COD,8,3.5,325.29,2034,4,April,227.703,227.703,97.58700000000002
14501,2034-04-28,1550,Electronics,West,5,247.09,0.23,COD,11,2.3,1235.45,2034,4,April,172.963,864.8149999999999,370.6350000000001
14502,2034-04-29,1396,Clothing,East,7,327.99,0.2,Card,4,4.9,2295.9300000000003,2034,4,April,229.593,1607.1509999999998,688.7790000000005
14503,2034-04-30,1703,Clothing,West,5,382.55,0.18,Wallet,9,2.4,1912.75,2034,4,April,267.78499999999997,1338.9249999999997,573.8250000000003
14504,2034-05-01,1778,Clothing,North,1,554.3,0.01,Card,10,3.5,554.3,2034,5,May,388.00999999999993,388.00999999999993,166.29000000000002
14505,2034-05-02,1493,Electronics,South,1,119.54,0.33,COD,10,4.3,119.54,2034,5,May,83.678,83.678,35.86200000000001
14506,2034-05-03,1658,Clothing,North,2,187.9,0.23,Card,10,1.6,375.8,2034,5,May,131.53,263.06,112.74000000000001
14507,2034-05-04,1906,Electronics,South,2,585.84,0.03,COD,10,2.2,1171.68,2034,5,May,410.088,820.176,351.504
14508,2034-05-05,1332,Clothing,South,2,232.15,0.01,COD,9,1.8,464.3,2034,5,May,162.505,325.01,139.29000000000002
14509,2034-05-06,1126,Clothing,West,4,28.2,0.02,Card,10,4.1,112.8,2034,5,May,19.74,78.96,33.84
14510,2034-05-07,1557,Clothing,East,5,101.37,0.21,COD,9,4.2,506.85,2034,5,May,70.959,354.795,152.055
14511,2034-05-08,1556,Home,East,6,30.41,0.21,COD,1,2.0,182.46,2034,5,May,21.287,127.722,54.738000000000014
14512,2034-05-09,1000,Electronics,North,1,594.11,0.17,COD,6,1.0,594.11,2034,5,May,415.877,415.877,178.233
14513,2034-05-10,1167,Home,West,5,178.14,0.11,Card,10,2.7,890.6999999999999,2034,5,May,124.69799999999998,623.4899999999999,267.21000000000004
14514,2034-05-11,1619,Clothing,East,7,555.27,0.19,Card,6,3.7,3886.89,2034,5,May,388.68899999999996,2720.823,1166.067
14515,2034-05-12,1018,Clothing,South,5,597.59,0.18,COD,8,3.5,2987.9500000000003,2034,5,May,418.313,2091.565,896.3850000000002
14516,2034-05-13,1331,Clothing,South,2,365.91,0.01,Card,7,2.8,731.82,2034,5,May,256.137,512.274,219.54600000000005
14517,2034-05-14,1583,Electronics,West,2,34.42,0.1,COD,7,2.2,68.84,2034,5,May,24.094,48.188,20.652
14518,2034-05-15,1455,Home,North,5,62.73,0.02,Card,2,2.9,313.65,2034,5,May,43.910999999999994,219.55499999999998,94.095
14519,2034-05-16,1956,Clothing,West,2,296.73,0.32,Card,11,1.1,593.46,2034,5,May,207.711,415.422,178.038
14520,2034-05-17,1108,Electronics,North,4,252.61,0.25,Wallet,4,1.3,1010.44,2034,5,May,176.827,707.308,303.13200000000006
14521,2034-05-18,1267,Electronics,West,1,369.61,0.35,COD,1,1.7,369.61,2034,5,May,258.727,258.727,110.88300000000004
14522,2034-05-19,1444,Electronics,South,7,271.73,0.11,COD,11,3.5,1902.1100000000001,2034,5,May,190.211,1331.477,570.633
14523,2034-05-20,1239,Beauty,West,5,561.43,0.31,Wallet,11,1.9,2807.1499999999996,2034,5,May,393.0009999999999,1965.0049999999997,842.145
14524,2034-05-21,1928,Home,East,1,327.82,0.21,COD,7,2.7,327.82,2034,5,May,229.474,229.474,98.346
14525,2034-05-22,1300,Electronics,East,4,420.83,0.16,COD,4,3.5,1683.32,2034,5,May,294.58099999999996,1178.3239999999998,504.9960000000001
14526,2034-05-23,1601,Clothing,West,7,539.44,0.08,Wallet,9,4.3,3776.0800000000004,2034,5,May,377.608,2643.256,1132.8240000000005
14527,2034-05-24,1102,Clothing,North,2,100.92,0.26,COD,6,3.2,201.84,2034,5,May,70.64399999999999,141.28799999999998,60.55200000000002
14528,2034-05-25,1987,Home,North,3,149.39,0.32,COD,6,1.7,448.16999999999996,2034,5,May,104.57299999999998,313.71899999999994,134.45100000000002
14529,2034-05-26,1249,Electronics,South,4,77.78,0.08,Card,9,4.8,311.12,2034,5,May,54.446,217.784,93.33600000000001
14530,2034-05-27,1452,Electronics,South,3,96.69,0.06,Wallet,8,1.4,290.07,2034,5,May,67.68299999999999,203.04899999999998,87.02100000000002
14531,2034-05-28,1519,Beauty,North,1,314.86,0.24,Card,6,2.5,314.86,2034,5,May,220.402,220.402,94.45800000000003
14532,2034-05-29,1152,Electronics,West,5,202.89,0.34,Card,6,4.7,1014.4499999999999,2034,5,May,142.02299999999997,710.1149999999998,304.33500000000015
14533,2034-05-30,1858,Electronics,South,7,262.56,0.26,Card,6,3.4,1837.92,2034,5,May,183.792,1286.544,551.376
14534,2034-05-31,1173,Beauty,North,2,589.76,0.1,Card,4,3.7,1179.52,2034,5,May,412.832,825.664,353.856
14535,2034-06-01,1342,Clothing,North,7,106.67,0.15,Card,5,2.2,746.69,2034,6,June,74.669,522.683,224.00700000000006
14536,2034-06-02,1669,Electronics,West,4,331.38,0.13,Wallet,3,1.3,1325.52,2034,6,June,231.96599999999998,927.8639999999999,397.65600000000006
14537,2034-06-03,1430,Electronics,East,2,72.84,0.3,COD,9,2.5,145.68,2034,6,June,50.988,101.976,43.70400000000001
14538,2034-06-04,1726,Electronics,North,3,201.32,0.27,Card,11,2.6,603.96,2034,6,June,140.92399999999998,422.77199999999993,181.1880000000001
14539,2034-06-05,1688,Electronics,South,3,323.6,0.21,COD,2,2.1,970.8000000000001,2034,6,June,226.52,679.5600000000001,291.24
14540,2034-06-06,1686,Beauty,West,6,568.78,0.1,COD,11,1.9,3412.68,2034,6,June,398.14599999999996,2388.8759999999997,1023.8040000000001
14541,2034-06-07,1851,Clothing,West,7,243.87,0.33,COD,7,2.4,1707.0900000000001,2034,6,June,170.709,1194.963,512.1270000000002
14542,2034-06-08,1849,Home,West,5,52.97,0.23,Card,1,3.6,264.85,2034,6,June,37.07899999999999,185.39499999999998,79.45500000000004
14543,2034-06-09,1657,Beauty,East,3,242.07,0.34,Wallet,10,4.8,726.21,2034,6,June,169.44899999999998,508.347,217.86300000000006
14544,2034-06-10,1961,Clothing,East,5,100.26,0.2,Card,7,3.8,501.3,2034,6,June,70.182,350.91,150.39
14545,2034-06-11,1323,Electronics,South,6,149.54,0.29,Card,2,4.1,897.24,2034,6,June,104.67799999999998,628.0679999999999,269.17200000000014
14546,2034-06-12,1989,Clothing,South,4,376.58,0.28,Card,5,2.2,1506.32,2034,6,June,263.606,1054.424,451.89599999999996
14547,2034-06-13,1672,Beauty,West,6,54.44,0.12,COD,1,1.4,326.64,2034,6,June,38.108,228.64799999999997,97.99200000000002
14548,2034-06-14,1638,Home,South,5,286.86,0.34,COD,5,2.2,1434.3000000000002,2034,6,June,200.802,1004.01,430.2900000000002
14549,2034-06-15,1419,Electronics,North,3,371.54,0.01,Card,11,2.6,1114.6200000000001,2034,6,June,260.078,780.2339999999999,334.3860000000002
14550,2034-06-16,1593,Home,East,1,261.79,0.27,Card,4,3.8,261.79,2034,6,June,183.25300000000001,183.25300000000001,78.537
14551,2034-06-17,1484,Clothing,West,5,26.19,0.34,COD,1,4.8,130.95000000000002,2034,6,June,18.333,91.66499999999999,39.285000000000025
14552,2034-06-18,1658,Beauty,West,2,591.53,0.12,COD,1,4.2,1183.06,2034,6,June,414.07099999999997,828.1419999999999,354.918
14553,2034-06-19,1750,Electronics,North,1,229.76,0.23,Card,7,2.1,229.76,2034,6,June,160.832,160.832,68.928
14554,2034-06-20,1411,Clothing,North,7,470.47,0.2,Wallet,3,4.3,3293.29,2034,6,June,329.329,2305.303,987.9870000000001
14555,2034-06-21,1935,Beauty,North,5,205.5,0.27,Wallet,10,2.6,1027.5,2034,6,June,143.85,719.25,308.25
14556,2034-06-22,1083,Clothing,North,2,292.88,0.3,Card,9,1.7,585.76,2034,6,June,205.016,410.032,175.728
14557,2034-06-23,1112,Clothing,West,7,242.25,0.21,COD,9,2.8,1695.75,2034,6,June,169.575,1187.0249999999999,508.72500000000014
14558,2034-06-24,1736,Electronics,East,6,215.39,0.29,Card,10,3.3,1292.34,2034,6,June,150.77299999999997,904.6379999999998,387.7020000000001
14559,2034-06-25,1331,Electronics,East,1,27.78,0.11,COD,11,4.1,27.78,2034,6,June,19.445999999999998,19.445999999999998,8.334000000000003
14560,2034-06-26,1377,Electronics,North,5,225.61,0.08,Card,9,2.4,1128.0500000000002,2034,6,June,157.927,789.635,338.4150000000002
14561,2034-06-27,1754,Beauty,South,4,535.35,0.15,Card,1,1.6,2141.4,2034,6,June,374.745,1498.98,642.4200000000001
14562,2034-06-28,1654,Electronics,West,6,418.88,0.24,COD,4,1.4,2513.2799999999997,2034,6,June,293.21599999999995,1759.2959999999998,753.9839999999999
14563,2034-06-29,1040,Clothing,East,2,100.07,0.07,Wallet,1,1.4,200.14,2034,6,June,70.04899999999999,140.09799999999998,60.042
14564,2034-06-30,1934,Home,North,4,360.83,0.24,Card,1,4.8,1443.32,2034,6,June,252.58099999999996,1010.3239999999998,432.9960000000001
14565,2034-07-01,1769,Electronics,South,3,536.96,0.14,Card,9,4.8,1610.88,2034,7,July,375.872,1127.616,483.2640000000001
14566,2034-07-02,1958,Clothing,South,6,424.52,0.28,Card,5,4.9,2547.12,2034,7,July,297.164,1782.984,764.136
14567,2034-07-03,1796,Home,North,6,101.98,0.01,COD,1,2.2,611.88,2034,7,July,71.386,428.316,183.56400000000002
14568,2034-07-04,1104,Beauty,West,5,522.68,0.23,COD,11,1.8,2613.3999999999996,2034,7,July,365.8759999999999,1829.3799999999997,784.02
14569,2034-07-05,1201,Clothing,East,5,191.4,0.23,COD,3,4.9,957.0,2034,7,July,133.98,669.9,287.1
14570,2034-07-06,1449,Home,South,2,280.63,0.33,COD,7,5.0,561.26,2034,7,July,196.44099999999997,392.88199999999995,168.37800000000004
14571,2034-07-07,1818,Electronics,East,6,322.79,0.25,COD,2,1.3,1936.7400000000002,2034,7,July,225.953,1355.718,581.0220000000002
14572,2034-07-08,1842,Beauty,East,5,512.55,0.28,COD,4,4.0,2562.75,2034,7,July,358.78499999999997,1793.9249999999997,768.8250000000003
14573,2034-07-09,1972,Electronics,South,3,559.99,0.32,COD,2,2.2,1679.97,2034,7,July,391.993,1175.979,503.991
14574,2034-07-10,1265,Home,North,7,558.85,0.24,COD,9,4.6,3911.9500000000003,2034,7,July,391.195,2738.365,1173.5850000000005
14575,2034-07-11,1909,Electronics,South,7,19.65,0.1,Wallet,9,1.4,137.54999999999998,2034,7,July,13.754999999999999,96.285,41.264999999999986
14576,2034-07-12,1209,Beauty,South,7,554.3,0.3,Card,7,4.6,3880.0999999999995,2034,7,July,388.00999999999993,2716.0699999999997,1164.0299999999997
14577,2034-07-13,1562,Home,West,5,46.82,0.26,Card,7,1.0,234.1,2034,7,July,32.774,163.87,70.22999999999999
14578,2034-07-14,1117,Home,East,6,170.48,0.15,Card,2,3.1,1022.8799999999999,2034,7,July,119.33599999999998,716.0159999999998,306.86400000000003
14579,2034-07-15,1712,Electronics,North,7,316.27,0.25,Wallet,10,2.3,2213.89,2034,7,July,221.38899999999998,1549.723,664.1669999999999
14580,2034-07-16,1376,Clothing,East,1,295.76,0.3,Card,8,2.7,295.76,2034,7,July,207.03199999999998,207.03199999999998,88.72800000000001
14581,2034-07-17,1550,Clothing,South,4,368.76,0.34,Card,1,2.7,1475.04,2034,7,July,258.132,1032.528,442.51199999999994
14582,2034-07-18,1539,Home,North,6,295.48,0.33,Wallet,8,3.6,1772.88,2034,7,July,206.836,1241.016,531.864
14583,2034-07-19,1770,Electronics,North,3,561.61,0.11,Wallet,5,1.1,1684.83,2034,7,July,393.127,1179.381,505.44899999999984
14584,2034-07-20,1083,Beauty,North,6,155.72,0.15,Wallet,4,3.8,934.3199999999999,2034,7,July,109.00399999999999,654.0239999999999,280.29600000000005
14585,2034-07-21,1453,Beauty,North,3,175.3,0.04,Card,10,1.1,525.9000000000001,2034,7,July,122.71,368.13,157.7700000000001
14586,2034-07-22,1666,Electronics,West,6,553.63,0.09,Wallet,2,1.7,3321.7799999999997,2034,7,July,387.541,2325.246,996.5339999999997
14587,2034-07-23,1628,Home,North,7,59.89,0.31,Card,3,3.4,419.23,2034,7,July,41.922999999999995,293.46099999999996,125.76900000000006
14588,2034-07-24,1513,Clothing,South,4,371.59,0.13,Card,10,1.3,1486.36,2034,7,July,260.11299999999994,1040.4519999999998,445.90800000000013
14589,2034-07-25,1604,Clothing,West,4,413.82,0.22,Card,2,5.0,1655.28,2034,7,July,289.674,1158.696,496.58400000000006
14590,2034-07-26,1677,Electronics,South,3,310.74,0.23,COD,11,4.1,932.22,2034,7,July,217.518,652.554,279.66600000000005
14591,2034-07-27,1386,Clothing,South,6,421.13,0.27,Card,4,3.8,2526.7799999999997,2034,7,July,294.791,1768.746,758.0339999999997
14592,2034-07-28,1911,Home,East,4,116.06,0.06,COD,3,2.1,464.24,2034,7,July,81.24199999999999,324.96799999999996,139.27200000000005
14593,2034-07-29,1349,Clothing,North,2,513.79,0.11,Wallet,5,1.2,1027.58,2034,7,July,359.65299999999996,719.3059999999999,308.274
14594,2034-07-30,1295,Clothing,North,6,96.92,0.16,Card,7,4.9,581.52,2034,7,July,67.844,407.06399999999996,174.45600000000002
14595,2034-07-31,1257,Home,South,4,249.48,0.13,Card,9,1.6,997.92,2034,7,July,174.636,698.544,299.376
14596,2034-08-01,1080,Home,North,1,59.03,0.34,Card,5,4.3,59.03,2034,8,August,41.321,41.321,17.709000000000003
14597,2034-08-02,1936,Electronics,West,1,333.95,0.29,Wallet,8,1.8,333.95,2034,8,August,233.765,233.765,100.185
14598,2034-08-03,1267,Beauty,East,2,406.8,0.17,Card,2,2.5,813.6,2034,8,August,284.76,569.52,244.08000000000004
14599,2034-08-04,1418,Clothing,North,4,565.61,0.31,Card,6,3.8,2262.44,2034,8,August,395.92699999999996,1583.7079999999999,678.7320000000002
14600,2034-08-05,1234,Electronics,North,1,447.51,0.12,Card,8,4.8,447.51,2034,8,August,313.25699999999995,313.25699999999995,134.25300000000004
14601,2034-08-06,1832,Electronics,West,7,331.55,0.28,Wallet,9,1.1,2320.85,2034,8,August,232.08499999999998,1624.5949999999998,696.2550000000001
14602,2034-08-07,1310,Clothing,East,6,560.58,0.08,Card,11,2.0,3363.4800000000005,2034,8,August,392.406,2354.436,1009.0440000000003
14603,2034-08-08,1812,Beauty,West,5,294.89,0.27,Card,4,4.1,1474.4499999999998,2034,8,August,206.42299999999997,1032.1149999999998,442.33500000000004
14604,2034-08-09,1974,Clothing,South,4,343.31,0.16,Card,4,1.7,1373.24,2034,8,August,240.31699999999998,961.2679999999999,411.9720000000001
14605,2034-08-10,1985,Home,South,2,363.72,0.04,Wallet,7,1.4,727.44,2034,8,August,254.604,509.208,218.23200000000003
14606,2034-08-11,1356,Electronics,North,4,254.84,0.1,Card,4,1.2,1019.36,2034,8,August,178.388,713.552,305.808
14607,2034-08-12,1212,Clothing,East,3,505.51,0.14,COD,5,3.0,1516.53,2034,8,August,353.85699999999997,1061.571,454.95900000000006
14608,2034-08-13,1573,Beauty,South,3,123.33,0.26,Card,2,4.1,369.99,2034,8,August,86.33099999999999,258.99299999999994,110.99700000000007
14609,2034-08-14,1048,Home,West,1,339.58,0.03,Wallet,2,4.8,339.58,2034,8,August,237.70599999999996,237.70599999999996,101.87400000000002
14610,2034-08-15,1126,Electronics,South,3,437.51,0.23,COD,11,2.1,1312.53,2034,8,August,306.25699999999995,918.7709999999998,393.7590000000001
14611,2034-08-16,1222,Clothing,South,2,543.83,0.25,COD,10,1.5,1087.66,2034,8,August,380.681,761.362,326.2980000000001
14612,2034-08-17,1920,Electronics,West,1,532.09,0.23,Card,5,2.6,532.09,2034,8,August,372.463,372.463,159.627
14613,2034-08-18,1278,Clothing,North,2,312.61,0.27,Card,10,1.2,625.22,2034,8,August,218.827,437.654,187.56600000000003
14614,2034-08-19,1407,Home,East,6,391.25,0.06,Card,10,2.3,2347.5,2034,8,August,273.875,1643.25,704.25
14615,2034-08-20,1504,Home,North,2,245.63,0.21,COD,2,3.6,491.26,2034,8,August,171.94099999999997,343.88199999999995,147.37800000000004
14616,2034-08-21,1293,Electronics,West,3,288.88,0.33,Wallet,6,1.7,866.64,2034,8,August,202.21599999999998,606.6479999999999,259.9920000000001
14617,2034-08-22,1795,Beauty,South,6,545.17,0.21,Card,6,3.5,3271.0199999999995,2034,8,August,381.61899999999997,2289.714,981.3059999999996
14618,2034-08-23,1276,Clothing,East,3,559.46,0.21,Wallet,8,4.9,1678.38,2034,8,August,391.622,1174.866,503.5140000000001
14619,2034-08-24,1437,Clothing,North,2,538.82,0.26,Card,1,4.5,1077.64,2034,8,August,377.17400000000004,754.3480000000001,323.29200000000003
14620,2034-08-25,1106,Clothing,West,3,95.95,0.12,Wallet,7,2.4,287.85,2034,8,August,67.16499999999999,201.49499999999998,86.35500000000005
14621,2034-08-26,1657,Clothing,South,3,512.3,0.25,Card,7,2.7,1536.8999999999999,2034,8,August,358.60999999999996,1075.83,461.06999999999994
14622,2034-08-27,1419,Clothing,South,3,569.79,0.32,Card,9,2.7,1709.37,2034,8,August,398.85299999999995,1196.5589999999997,512.8110000000001
14623,2034-08-28,1610,Clothing,North,4,226.33,0.0,COD,4,4.4,905.32,2034,8,August,158.431,633.724,271.596
14624,2034-08-29,1428,Clothing,West,6,318.41,0.3,COD,7,5.0,1910.46,2034,8,August,222.887,1337.3220000000001,573.1379999999999
14625,2034-08-30,1374,Electronics,South,6,470.77,0.08,COD,6,4.3,2824.62,2034,8,August,329.539,1977.234,847.386
14626,2034-08-31,1072,Home,South,7,343.82,0.16,COD,4,3.2,2406.74,2034,8,August,240.67399999999998,1684.7179999999998,722.0219999999999
14627,2034-09-01,1948,Clothing,East,6,596.19,0.3,COD,10,1.4,3577.1400000000003,2034,9,September,417.333,2503.998,1073.1420000000003
14628,2034-09-02,1997,Electronics,South,7,281.59,0.29,Card,8,4.8,1971.1299999999999,2034,9,September,197.11299999999997,1379.7909999999997,591.3390000000002
14629,2034-09-03,1633,Home,North,2,432.66,0.31,Card,3,4.4,865.32,2034,9,September,302.862,605.724,259.596
14630,2034-09-04,1029,Beauty,West,7,478.67,0.33,Card,8,4.4,3350.69,2034,9,September,335.069,2345.483,1005.2069999999999
14631,2034-09-05,1187,Beauty,West,7,304.05,0.16,COD,5,2.6,2128.35,2034,9,September,212.835,1489.845,638.5049999999999
14632,2034-09-06,1363,Clothing,East,5,516.34,0.23,COD,4,2.8,2581.7000000000003,2034,9,September,361.438,1807.19,774.5100000000002
14633,2034-09-07,1865,Electronics,West,2,334.5,0.14,COD,3,1.5,669.0,2034,9,September,234.14999999999998,468.29999999999995,200.70000000000005
14634,2034-09-08,1799,Clothing,North,6,255.82,0.12,COD,10,4.8,1534.92,2034,9,September,179.07399999999998,1074.444,460.4760000000001
14635,2034-09-09,1450,Electronics,South,1,78.08,0.15,Card,7,4.8,78.08,2034,9,September,54.656,54.656,23.424
14636,2034-09-10,1194,Beauty,East,3,245.15,0.26,COD,7,2.0,735.45,2034,9,September,171.605,514.8149999999999,220.6350000000001
14637,2034-09-11,1155,Electronics,West,3,444.35,0.18,Card,6,3.8,1333.0500000000002,2034,9,September,311.045,933.135,399.9150000000002
14638,2034-09-12,1171,Electronics,East,5,553.95,0.28,COD,3,1.8,2769.75,2034,9,September,387.765,1938.8249999999998,830.9250000000002
14639,2034-09-13,1846,Clothing,East,1,162.23,0.26,Card,9,2.6,162.23,2034,9,September,113.56099999999998,113.56099999999998,48.66900000000001
14640,2034-09-14,1040,Clothing,West,4,222.81,0.01,COD,11,2.2,891.24,2034,9,September,155.96699999999998,623.8679999999999,267.37200000000007
14641,2034-09-15,1062,Home,East,7,105.07,0.22,COD,2,2.6,735.49,2034,9,September,73.54899999999999,514.843,220.64700000000005
14642,2034-09-16,1022,Clothing,West,2,419.07,0.15,Card,3,2.2,838.14,2034,9,September,293.349,586.698,251.442
14643,2034-09-17,1359,Electronics,North,4,576.71,0.16,COD,1,2.4,2306.84,2034,9,September,403.697,1614.788,692.0520000000001
14644,2034-09-18,1074,Electronics,West,1,389.96,0.29,Card,7,4.2,389.96,2034,9,September,272.972,272.972,116.988
14645,2034-09-19,1559,Clothing,South,5,375.99,0.19,Card,2,2.2,1879.95,2034,9,September,263.193,1315.965,563.9850000000001
14646,2034-09-20,1671,Electronics,West,1,338.79,0.31,COD,10,4.3,338.79,2034,9,September,237.153,237.153,101.63700000000003
14647,2034-09-21,1824,Clothing,South,5,66.75,0.25,Wallet,8,3.3,333.75,2034,9,September,46.724999999999994,233.62499999999997,100.12500000000003
14648,2034-09-22,1117,Clothing,East,4,441.76,0.19,Card,9,4.1,1767.04,2034,9,September,309.23199999999997,1236.9279999999999,530.1120000000001
14649,2034-09-23,1611,Home,West,4,367.2,0.26,Card,11,4.7,1468.8,2034,9,September,257.03999999999996,1028.1599999999999,440.6400000000001
14650,2034-09-24,1379,Beauty,South,1,401.96,0.01,COD,2,1.6,401.96,2034,9,September,281.37199999999996,281.37199999999996,120.58800000000002
14651,2034-09-25,1928,Beauty,West,1,540.8,0.01,COD,6,2.4,540.8,2034,9,September,378.55999999999995,378.55999999999995,162.24
14652,2034-09-26,1919,Beauty,West,7,473.62,0.03,Card,11,1.2,3315.34,2034,9,September,331.534,2320.738,994.6020000000003
14653,2034-09-27,1678,Electronics,West,3,471.84,0.15,Wallet,1,2.6,1415.52,2034,9,September,330.28799999999995,990.8639999999998,424.6560000000002
14654,2034-09-28,1289,Electronics,North,5,557.4,0.08,COD,8,1.9,2787.0,2034,9,September,390.17999999999995,1950.8999999999996,836.1000000000004
14655,2034-09-29,1439,Electronics,South,3,594.11,0.34,Card,5,3.3,1782.33,2034,9,September,415.877,1247.631,534.6989999999998
14656,2034-09-30,1667,Beauty,North,2,355.05,0.19,Card,9,4.1,710.1,2034,9,September,248.535,497.07,213.03000000000003
14657,2034-10-01,1932,Beauty,North,2,78.7,0.23,COD,3,2.9,157.4,2034,10,October,55.089999999999996,110.17999999999999,47.22000000000001
14658,2034-10-02,1006,Beauty,South,1,283.59,0.1,COD,2,2.3,283.59,2034,10,October,198.51299999999998,198.51299999999998,85.077
14659,2034-10-03,1195,Electronics,West,4,475.75,0.11,Card,7,1.6,1903.0,2034,10,October,333.025,1332.1,570.9000000000001
14660,2034-10-04,1420,Beauty,North,2,31.22,0.12,Wallet,11,1.1,62.44,2034,10,October,21.854,43.708,18.732
14661,2034-10-05,1567,Clothing,North,2,48.28,0.24,Card,7,3.7,96.56,2034,10,October,33.796,67.592,28.968000000000004
14662,2034-10-06,1832,Electronics,North,3,54.29,0.17,COD,10,1.1,162.87,2034,10,October,38.003,114.009,48.861000000000004
14663,2034-10-07,1192,Clothing,West,3,442.66,0.18,Card,5,4.7,1327.98,2034,10,October,309.862,929.586,398.394
14664,2034-10-08,1558,Electronics,North,7,308.18,0.21,Wallet,7,3.4,2157.26,2034,10,October,215.726,1510.0819999999999,647.1780000000003
14665,2034-10-09,1147,Clothing,East,7,230.81,0.27,COD,6,2.4,1615.67,2034,10,October,161.56699999999998,1130.9689999999998,484.70100000000025
14666,2034-10-10,1786,Electronics,South,2,76.79,0.03,Card,9,1.2,153.58,2034,10,October,53.753,107.506,46.07400000000001
14667,2034-10-11,1668,Clothing,East,1,443.36,0.27,Wallet,3,2.7,443.36,2034,10,October,310.352,310.352,133.00800000000004
14668,2034-10-12,1201,Clothing,West,3,202.8,0.2,Card,4,4.5,608.4000000000001,2034,10,October,141.96,425.88,182.5200000000001
14669,2034-10-13,1443,Beauty,North,2,170.21,0.23,COD,9,4.9,340.42,2034,10,October,119.14699999999999,238.29399999999998,102.12600000000003
14670,2034-10-14,1913,Home,South,4,396.61,0.11,Wallet,10,1.3,1586.44,2034,10,October,277.627,1110.508,475.932
14671,2034-10-15,1987,Clothing,North,3,342.02,0.14,COD,8,4.1,1026.06,2034,10,October,239.41399999999996,718.2419999999998,307.8180000000001
14672,2034-10-16,1418,Home,West,2,227.01,0.08,Wallet,10,2.0,454.02,2034,10,October,158.90699999999998,317.81399999999996,136.20600000000002
14673,2034-10-17,1426,Beauty,South,7,390.27,0.34,Wallet,6,2.5,2731.89,2034,10,October,273.18899999999996,1912.3229999999999,819.567
14674,2034-10-18,1478,Electronics,East,5,173.66,0.17,Wallet,3,3.2,868.3,2034,10,October,121.56199999999998,607.81,260.49
14675,2034-10-19,1474,Clothing,South,3,479.98,0.35,Card,9,5.0,1439.94,2034,10,October,335.986,1007.958,431.9820000000001
14676,2034-10-20,1125,Electronics,North,5,149.15,0.17,Card,9,1.8,745.75,2034,10,October,104.405,522.025,223.72500000000002
14677,2034-10-21,1394,Electronics,South,3,107.92,0.08,COD,11,1.5,323.76,2034,10,October,75.544,226.632,97.12799999999999
14678,2034-10-22,1816,Home,West,3,472.73,0.18,COD,6,3.4,1418.19,2034,10,October,330.911,992.733,425.4570000000001
14679,2034-10-23,1880,Beauty,West,7,429.12,0.01,COD,2,4.4,3003.84,2034,10,October,300.38399999999996,2102.6879999999996,901.1520000000005
14680,2034-10-24,1805,Electronics,South,6,121.84,0.32,Card,7,3.6,731.04,2034,10,October,85.288,511.72799999999995,219.312
14681,2034-10-25,1575,Home,West,6,83.0,0.29,Wallet,9,2.4,498.0,2034,10,October,58.099999999999994,348.59999999999997,149.40000000000003
14682,2034-10-26,1324,Beauty,West,5,505.46,0.25,Wallet,9,4.9,2527.2999999999997,2034,10,October,353.82199999999995,1769.1099999999997,758.19
14683,2034-10-27,1391,Beauty,West,1,469.31,0.21,Card,3,5.0,469.31,2034,10,October,328.517,328.517,140.793
14684,2034-10-28,1929,Electronics,East,2,206.45,0.2,Card,2,4.1,412.9,2034,10,October,144.515,289.03,123.87
14685,2034-10-29,1687,Beauty,North,1,400.05,0.35,Card,5,4.2,400.05,2034,10,October,280.03499999999997,280.03499999999997,120.01500000000004
14686,2034-10-30,1627,Electronics,West,1,87.63,0.1,Card,11,4.0,87.63,2034,10,October,61.340999999999994,61.340999999999994,26.289
14687,2034-10-31,1439,Clothing,South,6,311.62,0.27,COD,10,2.0,1869.72,2034,10,October,218.134,1308.8039999999999,560.9160000000002
14688,2034-11-01,1203,Electronics,West,2,25.96,0.2,Wallet,7,1.6,51.92,2034,11,November,18.172,36.344,15.576
14689,2034-11-02,1485,Electronics,East,6,244.09,0.34,Card,3,3.2,1464.54,2034,11,November,170.863,1025.1779999999999,439.3620000000001
14690,2034-11-03,1832,Home,South,6,58.78,0.29,COD,4,4.8,352.68,2034,11,November,41.146,246.876,105.804
14691,2034-11-04,1030,Clothing,North,7,292.96,0.35,COD,10,4.5,2050.72,2034,11,November,205.07199999999997,1435.504,615.2159999999999
14692,2034-11-05,1387,Electronics,South,6,261.68,0.21,Card,2,1.4,1570.08,2034,11,November,183.176,1099.056,471.0239999999999
14693,2034-11-06,1624,Electronics,South,4,274.97,0.07,COD,11,1.2,1099.88,2034,11,November,192.479,769.916,329.96400000000006
14694,2034-11-07,1876,Home,South,1,41.52,0.18,COD,10,4.5,41.52,2034,11,November,29.064,29.064,12.456000000000003
14695,2034-11-08,1433,Electronics,South,7,226.55,0.25,Wallet,2,3.5,1585.8500000000001,2034,11,November,158.585,1110.095,475.7550000000001
14696,2034-11-09,1836,Home,West,7,457.54,0.27,COD,7,2.2,3202.78,2034,11,November,320.278,2241.946,960.8340000000003
14697,2034-11-10,1925,Electronics,North,1,230.81,0.0,COD,2,3.2,230.81,2034,11,November,161.56699999999998,161.56699999999998,69.24300000000002
14698,2034-11-11,1375,Electronics,West,7,433.38,0.18,Card,1,1.9,3033.66,2034,11,November,303.366,2123.562,910.098
14699,2034-11-12,1343,Clothing,East,1,231.15,0.08,Card,4,4.8,231.15,2034,11,November,161.805,161.805,69.345
14700,2034-11-13,1442,Clothing,East,4,262.6,0.31,Card,6,4.3,1050.4,2034,11,November,183.82,735.28,315.1200000000001
14701,2034-11-14,1578,Clothing,South,3,344.88,0.05,Card,10,4.8,1034.6399999999999,2034,11,November,241.41599999999997,724.2479999999999,310.39199999999994
14702,2034-11-15,1074,Electronics,West,7,571.15,0.23,Card,10,1.7,3998.0499999999997,2034,11,November,399.80499999999995,2798.6349999999998,1199.415
14703,2034-11-16,1556,Beauty,West,5,78.68,0.09,Card,4,4.4,393.40000000000003,2034,11,November,55.076,275.38,118.02000000000004
14704,2034-11-17,1771,Clothing,North,5,34.25,0.12,COD,1,3.2,171.25,2034,11,November,23.974999999999998,119.87499999999999,51.375000000000014
14705,2034-11-18,1665,Electronics,North,4,370.65,0.33,COD,1,2.3,1482.6,2034,11,November,259.455,1037.82,444.78
14706,2034-11-19,1154,Clothing,North,1,570.22,0.08,Card,9,2.9,570.22,2034,11,November,399.154,399.154,171.06600000000003
14707,2034-11-20,1429,Beauty,West,5,593.99,0.03,Card,1,4.8,2969.95,2034,11,November,415.793,2078.965,890.9849999999997
14708,2034-11-21,1362,Electronics,North,4,298.24,0.02,COD,7,3.8,1192.96,2034,11,November,208.768,835.072,357.88800000000003
14709,2034-11-22,1447,Electronics,North,6,288.83,0.18,Card,11,2.4,1732.98,2034,11,November,202.18099999999998,1213.0859999999998,519.8940000000002
14710,2034-11-23,1986,Home,North,2,392.3,0.22,Card,7,5.0,784.6,2034,11,November,274.61,549.22,235.38
14711,2034-11-24,1233,Clothing,South,5,340.05,0.11,COD,1,2.4,1700.25,2034,11,November,238.035,1190.175,510.07500000000005
14712,2034-11-25,1562,Clothing,East,2,385.94,0.24,Card,1,4.3,771.88,2034,11,November,270.15799999999996,540.3159999999999,231.56400000000008
14713,2034-11-26,1817,Electronics,East,1,526.29,0.02,Card,6,4.1,526.29,2034,11,November,368.40299999999996,368.40299999999996,157.887
14714,2034-11-27,1261,Electronics,West,5,451.59,0.3,Card,8,3.9,2257.95,2034,11,November,316.11299999999994,1580.5649999999996,677.3850000000002
14715,2034-11-28,1826,Clothing,West,4,305.67,0.29,Card,7,3.7,1222.68,2034,11,November,213.969,855.876,366.8040000000001
14716,2034-11-29,1124,Electronics,South,3,285.19,0.34,Wallet,6,1.4,855.5699999999999,2034,11,November,199.63299999999998,598.8989999999999,256.67100000000005
14717,2034-11-30,1910,Clothing,East,5,389.17,0.33,Card,10,5.0,1945.8500000000001,2034,11,November,272.419,1362.0949999999998,583.7550000000003
14718,2034-12-01,1244,Clothing,North,5,281.59,0.12,COD,3,1.6,1407.9499999999998,2034,12,December,197.11299999999997,985.5649999999998,422.385
14719,2034-12-02,1541,Electronics,North,5,282.8,0.14,COD,11,3.4,1414.0,2034,12,December,197.96,989.8000000000001,424.19999999999993
14720,2034-12-03,1937,Beauty,West,5,24.54,0.26,Card,7,2.0,122.69999999999999,2034,12,December,17.177999999999997,85.88999999999999,36.81
14721,2034-12-04,1484,Home,East,4,116.83,0.05,Card,6,1.7,467.32,2034,12,December,81.78099999999999,327.12399999999997,140.19600000000003
14722,2034-12-05,1121,Home,West,4,300.78,0.11,Wallet,8,3.2,1203.12,2034,12,December,210.54599999999996,842.1839999999999,360.93600000000004
14723,2034-12-06,1124,Electronics,West,3,496.25,0.04,Wallet,4,4.3,1488.75,2034,12,December,347.375,1042.125,446.625
14724,2034-12-07,1548,Electronics,North,4,178.06,0.16,Card,9,2.5,712.24,2034,12,December,124.642,498.568,213.67200000000003
14725,2034-12-08,1169,Clothing,North,4,320.75,0.19,Card,1,1.3,1283.0,2034,12,December,224.52499999999998,898.0999999999999,384.9000000000001
14726,2034-12-09,1123,Electronics,East,1,216.8,0.07,COD,7,3.5,216.8,2034,12,December,151.76,151.76,65.04000000000002
14727,2034-12-10,1868,Beauty,West,7,76.31,0.01,Card,9,4.1,534.1700000000001,2034,12,December,53.417,373.919,160.2510000000001
14728,2034-12-11,1034,Electronics,South,1,575.6,0.25,Card,10,2.2,575.6,2034,12,December,402.92,402.92,172.68
14729,2034-12-12,1086,Clothing,East,7,514.98,0.01,Card,1,3.8,3604.86,2034,12,December,360.486,2523.402,1081.458
14730,2034-12-13,1645,Clothing,West,2,60.92,0.34,Card,10,1.3,121.84,2034,12,December,42.644,85.288,36.55200000000001
14731,2034-12-14,1707,Clothing,East,3,436.08,0.08,Card,3,2.4,1308.24,2034,12,December,305.256,915.7679999999999,392.4720000000001
14732,2034-12-15,1785,Electronics,East,7,218.33,0.23,COD,7,2.9,1528.3100000000002,2034,12,December,152.831,1069.817,458.49300000000017
14733,2034-12-16,1200,Clothing,East,1,596.99,0.15,COD,9,4.1,596.99,2034,12,December,417.893,417.893,179.09700000000004
14734,2034-12-17,1368,Electronics,South,3,191.9,0.02,COD,1,2.4,575.7,2034,12,December,134.32999999999998,402.98999999999995,172.7100000000001
14735,2034-12-18,1796,Beauty,South,3,154.66,0.17,Card,6,2.8,463.98,2034,12,December,108.26199999999999,324.78599999999994,139.19400000000007
14736,2034-12-19,1076,Electronics,North,5,347.22,0.18,Card,11,3.5,1736.1000000000001,2034,12,December,243.054,1215.27,520.8300000000002
14737,2034-12-20,1058,Beauty,North,6,503.55,0.3,COD,2,3.5,3021.3,2034,12,December,352.485,2114.91,906.3900000000003
14738,2034-12-21,1430,Home,West,6,127.62,0.26,Card,5,3.1,765.72,2034,12,December,89.334,536.004,229.716
14739,2034-12-22,1637,Electronics,East,6,430.0,0.03,Card,7,2.3,2580.0,2034,12,December,301.0,1806.0,774.0
14740,2034-12-23,1499,Home,West,3,50.92,0.07,Card,7,3.7,152.76,2034,12,December,35.644,106.93199999999999,45.828
14741,2034-12-24,1912,Electronics,North,5,552.58,0.11,Card,10,4.3,2762.9,2034,12,December,386.806,1934.03,828.8700000000001
14742,2034-12-25,1108,Beauty,South,2,62.43,0.04,Wallet,7,1.6,124.86,2034,12,December,43.701,87.402,37.458
14743,2034-12-26,1735,Clothing,North,2,549.83,0.16,COD,4,2.4,1099.66,2034,12,December,384.88100000000003,769.7620000000001,329.898
14744,2034-12-27,1277,Electronics,West,6,302.12,0.34,Card,6,3.7,1812.72,2034,12,December,211.48399999999998,1268.904,543.816
14745,2034-12-28,1067,Clothing,North,2,277.13,0.18,COD,11,4.0,554.26,2034,12,December,193.99099999999999,387.98199999999997,166.27800000000002
14746,2034-12-29,1068,Electronics,West,5,584.38,0.26,Card,10,4.1,2921.9,2034,12,December,409.066,2045.33,876.5700000000002
14747,2034-12-30,1164,Beauty,West,6,594.37,0.24,Card,6,3.6,3566.2200000000003,2034,12,December,416.05899999999997,2496.354,1069.8660000000004
14748,2034-12-31,1488,Electronics,West,7,395.35,0.3,Card,7,2.9,2767.4500000000003,2034,12,December,276.745,1937.2150000000001,830.2350000000001
14749,2035-01-01,1304,Home,West,7,89.36,0.08,COD,9,3.6,625.52,2035,1,January,62.55199999999999,437.8639999999999,187.65600000000006
14750,2035-01-02,1908,Clothing,North,5,311.11,0.26,Card,6,1.5,1555.5500000000002,2035,1,January,217.777,1088.885,466.6650000000002
14751,2035-01-03,1673,Beauty,West,2,324.56,0.31,Card,10,1.8,649.12,2035,1,January,227.19199999999998,454.38399999999996,194.73600000000005
14752,2035-01-04,1364,Electronics,West,6,315.95,0.06,Card,1,4.7,1895.6999999999998,2035,1,January,221.165,1326.99,568.7099999999998
14753,2035-01-05,1853,Clothing,East,7,348.15,0.12,Card,8,4.7,2437.0499999999997,2035,1,January,243.70499999999996,1705.9349999999997,731.115
14754,2035-01-06,1820,Clothing,West,5,25.95,0.34,COD,2,3.9,129.75,2035,1,January,18.165,90.82499999999999,38.92500000000001
14755,2035-01-07,1378,Home,North,4,431.07,0.27,Wallet,3,2.3,1724.28,2035,1,January,301.74899999999997,1206.9959999999999,517.2840000000001
14756,2035-01-08,1342,Electronics,West,7,431.75,0.1,COD,5,3.6,3022.25,2035,1,January,302.22499999999997,2115.575,906.6750000000002
14757,2035-01-09,1946,Electronics,South,4,82.55,0.2,COD,6,3.8,330.2,2035,1,January,57.785,231.14,99.06
14758,2035-01-10,1898,Electronics,South,5,348.59,0.14,Wallet,7,3.1,1742.9499999999998,2035,1,January,244.01299999999998,1220.0649999999998,522.885
14759,2035-01-11,1553,Home,West,5,347.49,0.17,Card,4,4.0,1737.45,2035,1,January,243.243,1216.215,521.2350000000001
14760,2035-01-12,1353,Electronics,South,1,414.23,0.12,Card,3,1.1,414.23,2035,1,January,289.961,289.961,124.269
14761,2035-01-13,1415,Clothing,South,7,64.96,0.1,Card,9,2.0,454.71999999999997,2035,1,January,45.471999999999994,318.304,136.416
14762,2035-01-14,1108,Electronics,North,1,381.5,0.24,Card,4,4.2,381.5,2035,1,January,267.05,267.05,114.44999999999999
14763,2035-01-15,1562,Beauty,East,3,179.24,0.27,Card,9,4.8,537.72,2035,1,January,125.468,376.404,161.31600000000003
14764,2035-01-16,1761,Beauty,South,7,311.6,0.31,Card,9,4.5,2181.2000000000003,2035,1,January,218.12,1526.8400000000001,654.3600000000001
14765,2035-01-17,1496,Clothing,South,6,467.39,0.05,Card,11,3.9,2804.34,2035,1,January,327.17299999999994,1963.0379999999996,841.3020000000006
14766,2035-01-18,1340,Clothing,East,3,427.8,0.29,COD,3,1.7,1283.4,2035,1,January,299.46,898.3799999999999,385.0200000000002
14767,2035-01-19,1941,Electronics,East,3,84.56,0.09,Wallet,3,2.5,253.68,2035,1,January,59.192,177.576,76.10400000000001
14768,2035-01-20,1382,Electronics,South,2,360.84,0.15,Card,11,1.2,721.68,2035,1,January,252.58799999999997,505.17599999999993,216.50400000000002
14769,2035-01-21,1532,Electronics,West,4,581.93,0.32,Card,8,3.6,2327.72,2035,1,January,407.35099999999994,1629.4039999999998,698.316
14770,2035-01-22,1299,Home,South,2,106.71,0.16,COD,1,2.8,213.42,2035,1,January,74.69699999999999,149.39399999999998,64.02600000000001
14771,2035-01-23,1138,Clothing,West,6,513.95,0.07,Card,6,3.3,3083.7000000000003,2035,1,January,359.765,2158.59,925.1100000000001
14772,2035-01-24,1358,Beauty,West,5,425.99,0.06,Card,6,4.9,2129.95,2035,1,January,298.193,1490.965,638.9849999999999
14773,2035-01-25,1835,Clothing,West,1,467.79,0.17,Card,9,2.6,467.79,2035,1,January,327.453,327.453,140.33700000000005
14774,2035-01-26,1498,Home,East,6,179.95,0.27,COD,2,2.2,1079.6999999999998,2035,1,January,125.96499999999999,755.79,323.90999999999985
14775,2035-01-27,1384,Clothing,South,5,183.42,0.35,Wallet,8,1.6,917.0999999999999,2035,1,January,128.39399999999998,641.9699999999999,275.13
14776,2035-01-28,1603,Clothing,South,6,545.02,0.28,COD,7,1.6,3270.12,2035,1,January,381.51399999999995,2289.084,981.0360000000001
14777,2035-01-29,1958,Electronics,North,5,225.5,0.31,Card,2,3.1,1127.5,2035,1,January,157.85,789.25,338.25
14778,2035-01-30,1279,Clothing,East,7,51.86,0.26,Card,1,4.0,363.02,2035,1,January,36.302,254.114,108.90599999999998
14779,2035-01-31,1636,Clothing,North,1,366.35,0.31,Card,4,3.3,366.35,2035,1,January,256.445,256.445,109.90500000000003
14780,2035-02-01,1482,Home,North,5,88.02,0.03,Wallet,2,4.5,440.09999999999997,2035,2,February,61.61399999999999,308.06999999999994,132.03000000000003
14781,2035-02-02,1908,Beauty,West,3,481.01,0.33,COD,3,2.3,1443.03,2035,2,February,336.707,1010.121,432.909
14782,2035-02-03,1110,Electronics,East,6,390.42,0.14,Card,2,3.4,2342.52,2035,2,February,273.294,1639.764,702.7560000000001
14783,2035-02-04,1865,Electronics,North,1,526.72,0.32,COD,9,3.6,526.72,2035,2,February,368.704,368.704,158.01600000000002
14784,2035-02-05,1138,Clothing,South,5,474.13,0.03,Card,4,2.1,2370.65,2035,2,February,331.89099999999996,1659.455,711.1950000000002
14785,2035-02-06,1995,Clothing,North,3,80.59,0.25,Wallet,1,2.6,241.77,2035,2,February,56.413,169.23899999999998,72.53100000000003
14786,2035-02-07,1434,Electronics,East,3,237.93,0.26,Wallet,8,3.4,713.79,2035,2,February,166.551,499.65299999999996,214.137
14787,2035-02-08,1508,Home,South,7,468.12,0.35,Card,4,1.1,3276.84,2035,2,February,327.68399999999997,2293.7879999999996,983.0520000000006
14788,2035-02-09,1272,Beauty,South,4,259.14,0.27,COD,10,4.5,1036.56,2035,2,February,181.39799999999997,725.5919999999999,310.9680000000001
14789,2035-02-10,1098,Beauty,South,3,583.83,0.13,COD,11,1.4,1751.4900000000002,2035,2,February,408.681,1226.043,525.4470000000003
14790,2035-02-11,1763,Electronics,West,2,445.41,0.2,Card,11,1.2,890.82,2035,2,February,311.787,623.574,267.2460000000001
14791,2035-02-12,1849,Beauty,South,1,24.07,0.13,COD,8,1.9,24.07,2035,2,February,16.849,16.849,7.221
14792,2035-02-13,1103,Home,West,1,529.79,0.07,COD,8,3.0,529.79,2035,2,February,370.85299999999995,370.85299999999995,158.937
14793,2035-02-14,1213,Clothing,West,1,73.97,0.09,Card,9,2.3,73.97,2035,2,February,51.778999999999996,51.778999999999996,22.191000000000003
14794,2035-02-15,1760,Clothing,North,5,97.21,0.08,COD,10,2.8,486.04999999999995,2035,2,February,68.047,340.235,145.81499999999994
14795,2035-02-16,1663,Home,North,6,444.68,0.19,COD,7,1.3,2668.08,2035,2,February,311.276,1867.656,800.424
14796,2035-02-17,1761,Clothing,South,5,521.01,0.32,Card,4,1.9,2605.05,2035,2,February,364.707,1823.5349999999999,781.5150000000003
14797,2035-02-18,1786,Clothing,East,2,328.76,0.32,Card,2,1.4,657.52,2035,2,February,230.13199999999998,460.26399999999995,197.25600000000003
14798,2035-02-19,1164,Clothing,South,6,184.09,0.02,COD,6,1.9,1104.54,2035,2,February,128.863,773.178,331.36199999999997
14799,2035-02-20,1998,Clothing,North,7,220.52,0.03,Card,4,3.8,1543.64,2035,2,February,154.364,1080.548,463.0920000000001
14800,2035-02-21,1852,Electronics,South,3,215.59,0.09,Wallet,6,3.3,646.77,2035,2,February,150.91299999999998,452.7389999999999,194.03100000000006
14801,2035-02-22,1519,Beauty,North,5,206.11,0.09,Card,8,2.3,1030.5500000000002,2035,2,February,144.277,721.385,309.1650000000002
14802,2035-02-23,1283,Home,South,6,157.1,0.03,Card,3,2.0,942.5999999999999,2035,2,February,109.96999999999998,659.8199999999999,282.78
14803,2035-02-24,1516,Clothing,East,3,371.19,0.14,Card,1,5.0,1113.57,2035,2,February,259.83299999999997,779.4989999999999,334.071
14804,2035-02-25,1656,Electronics,South,6,541.74,0.21,COD,5,4.1,3250.44,2035,2,February,379.21799999999996,2275.308,975.1320000000001
14805,2035-02-26,1612,Clothing,East,3,194.64,0.2,COD,3,4.3,583.92,2035,2,February,136.248,408.74399999999997,175.176
14806,2035-02-27,1163,Electronics,East,6,124.22,0.19,Card,6,1.1,745.3199999999999,2035,2,February,86.954,521.7239999999999,223.596
14807,2035-02-28,1885,Electronics,South,5,505.57,0.12,Card,3,1.2,2527.85,2035,2,February,353.899,1769.495,758.355
14808,2035-03-01,1658,Clothing,East,5,448.94,0.25,Wallet,1,3.9,2244.7,2035,3,March,314.258,1571.29,673.4099999999999
14809,2035-03-02,1063,Clothing,East,2,559.54,0.29,Card,9,1.8,1119.08,2035,3,March,391.67799999999994,783.3559999999999,335.72400000000005
14810,2035-03-03,1090,Clothing,North,7,111.83,0.12,Card,5,2.7,782.81,2035,3,March,78.28099999999999,547.967,234.84299999999996
14811,2035-03-04,1116,Electronics,North,7,99.39,0.03,Card,2,1.7,695.73,2035,3,March,69.573,487.01099999999997,208.71900000000005
14812,2035-03-05,1865,Clothing,East,4,331.74,0.1,Card,2,1.7,1326.96,2035,3,March,232.218,928.872,398.0880000000001
14813,2035-03-06,1266,Electronics,West,1,374.44,0.05,Card,11,1.4,374.44,2035,3,March,262.108,262.108,112.332
14814,2035-03-07,1821,Beauty,South,5,295.9,0.16,Card,9,3.4,1479.5,2035,3,March,207.12999999999997,1035.6499999999999,443.85000000000014
14815,2035-03-08,1684,Clothing,East,5,365.4,0.05,Card,1,4.0,1827.0,2035,3,March,255.77999999999997,1278.8999999999999,548.1000000000001
14816,2035-03-09,1558,Home,South,3,120.52,0.16,Wallet,10,1.2,361.56,2035,3,March,84.36399999999999,253.09199999999998,108.46800000000002
14817,2035-03-10,1139,Electronics,North,4,295.57,0.08,Card,3,2.1,1182.28,2035,3,March,206.89899999999997,827.5959999999999,354.6840000000001
14818,2035-03-11,1245,Electronics,South,7,399.98,0.26,COD,10,3.6,2799.86,2035,3,March,279.986,1959.902,839.9580000000001
14819,2035-03-12,1660,Beauty,East,5,268.13,0.01,COD,11,2.6,1340.65,2035,3,March,187.69099999999997,938.4549999999999,402.19500000000016
14820,2035-03-13,1757,Electronics,East,6,412.48,0.19,Card,7,3.8,2474.88,2035,3,March,288.736,1732.416,742.4640000000002
14821,2035-03-14,1394,Clothing,East,7,278.95,0.06,COD,1,4.0,1952.6499999999999,2035,3,March,195.265,1366.855,585.7949999999998
14822,2035-03-15,1486,Clothing,East,4,210.16,0.0,Card,2,1.1,840.64,2035,3,March,147.112,588.448,252.192
14823,2035-03-16,1475,Electronics,West,1,192.61,0.3,Card,6,2.5,192.61,2035,3,March,134.827,134.827,57.783000000000015
14824,2035-03-17,1516,Home,West,6,255.38,0.24,Wallet,9,3.9,1532.28,2035,3,March,178.766,1072.596,459.68399999999997
14825,2035-03-18,1976,Clothing,West,3,28.51,0.03,COD,9,2.5,85.53,2035,3,March,19.957,59.871,25.659
14826,2035-03-19,1183,Electronics,East,2,406.09,0.23,Wallet,8,1.0,812.18,2035,3,March,284.263,568.526,243.654
14827,2035-03-20,1019,Electronics,West,6,509.39,0.21,Wallet,3,2.3,3056.34,2035,3,March,356.573,2139.438,916.902
14828,2035-03-21,1936,Electronics,South,7,222.46,0.17,Card,2,4.5,1557.22,2035,3,March,155.722,1090.054,467.16599999999994
14829,2035-03-22,1557,Beauty,East,1,41.93,0.15,Card,1,4.8,41.93,2035,3,March,29.351,29.351,12.579
14830,2035-03-23,1523,Home,North,6,592.26,0.31,Card,11,3.2,3553.56,2035,3,March,414.582,2487.492,1066.0679999999998
14831,2035-03-24,1581,Electronics,East,4,169.26,0.09,Wallet,11,2.2,677.04,2035,3,March,118.48199999999999,473.92799999999994,203.11200000000002
14832,2035-03-25,1528,Electronics,South,4,89.07,0.14,Wallet,9,2.9,356.28,2035,3,March,62.34899999999999,249.39599999999996,106.88400000000001
14833,2035-03-26,1882,Home,West,1,231.31,0.12,COD,5,1.9,231.31,2035,3,March,161.917,161.917,69.393
14834,2035-03-27,1146,Clothing,East,7,447.06,0.27,Card,3,1.7,3129.42,2035,3,March,312.942,2190.594,938.826
14835,2035-03-28,1665,Clothing,West,4,186.94,0.32,Card,10,3.0,747.76,2035,3,March,130.858,523.432,224.32799999999997
14836,2035-03-29,1303,Clothing,East,6,351.2,0.3,Wallet,10,3.9,2107.2,2035,3,March,245.83999999999997,1475.04,632.1599999999999
14837,2035-03-30,1619,Electronics,South,2,258.1,0.28,Wallet,11,1.9,516.2,2035,3,March,180.67000000000002,361.34000000000003,154.86
14838,2035-03-31,1747,Home,East,6,83.89,0.35,Card,5,4.6,503.34000000000003,2035,3,March,58.723,352.33799999999997,151.00200000000007
14839,2035-04-01,1819,Beauty,West,2,208.22,0.24,Card,11,1.7,416.44,2035,4,April,145.754,291.508,124.93200000000002
14840,2035-04-02,1863,Electronics,West,4,439.05,0.26,Card,3,3.2,1756.2,2035,4,April,307.335,1229.34,526.8600000000001
14841,2035-04-03,1581,Clothing,South,6,373.02,0.34,Card,9,4.1,2238.12,2035,4,April,261.114,1566.6839999999997,671.4360000000001
14842,2035-04-04,1694,Clothing,East,4,85.07,0.0,Wallet,1,1.9,340.28,2035,4,April,59.54899999999999,238.19599999999997,102.084
14843,2035-04-05,1761,Clothing,North,7,110.54,0.22,COD,1,2.2,773.7800000000001,2035,4,April,77.378,541.646,232.13400000000013
14844,2035-04-06,1227,Electronics,East,2,389.83,0.26,COD,3,1.2,779.66,2035,4,April,272.881,545.762,233.89800000000002
14845,2035-04-07,1101,Home,South,7,490.85,0.32,Card,6,4.8,3435.9500000000003,2035,4,April,343.59499999999997,2405.165,1030.7850000000003
14846,2035-04-08,1586,Clothing,North,4,219.44,0.31,Card,11,2.9,877.76,2035,4,April,153.60799999999998,614.4319999999999,263.3280000000001
14847,2035-04-09,1416,Clothing,South,5,363.26,0.29,Card,2,1.3,1816.3,2035,4,April,254.28199999999998,1271.4099999999999,544.8900000000001
14848,2035-04-10,1957,Electronics,East,3,114.83,0.33,COD,1,4.3,344.49,2035,4,April,80.381,241.143,103.34700000000001
14849,2035-04-11,1215,Electronics,North,6,197.16,0.19,COD,8,3.3,1182.96,2035,4,April,138.012,828.072,354.88800000000003
14850,2035-04-12,1406,Electronics,South,5,26.86,0.0,Card,11,1.2,134.3,2035,4,April,18.802,94.00999999999999,40.29000000000002
14851,2035-04-13,1398,Home,West,7,464.44,0.0,Card,10,2.8,3251.08,2035,4,April,325.108,2275.756,975.3240000000001
14852,2035-04-14,1922,Electronics,North,4,249.59,0.19,Card,9,2.7,998.36,2035,4,April,174.713,698.852,299.50800000000004
14853,2035-04-15,1714,Home,North,4,492.43,0.15,Card,10,1.6,1969.72,2035,4,April,344.70099999999996,1378.8039999999999,590.9160000000002
14854,2035-04-16,1703,Clothing,South,3,429.4,0.16,COD,1,2.7,1288.1999999999998,2035,4,April,300.58,901.74,386.4599999999998
14855,2035-04-17,1760,Clothing,West,4,499.82,0.14,COD,3,2.1,1999.28,2035,4,April,349.87399999999997,1399.4959999999999,599.7840000000001
14856,2035-04-18,1498,Clothing,North,3,182.11,0.32,Card,5,3.8,546.33,2035,4,April,127.477,382.43100000000004,163.899
14857,2035-04-19,1753,Clothing,South,6,123.29,0.13,Wallet,7,1.0,739.74,2035,4,April,86.303,517.818,221.92200000000003
14858,2035-04-20,1464,Electronics,North,2,583.56,0.3,COD,10,1.4,1167.12,2035,4,April,408.49199999999996,816.9839999999999,350.13599999999997
14859,2035-04-21,1690,Electronics,North,3,434.64,0.32,Card,4,4.7,1303.92,2035,4,April,304.248,912.7439999999999,391.17600000000016
14860,2035-04-22,1948,Home,North,3,502.91,0.17,Card,6,2.7,1508.73,2035,4,April,352.037,1056.1109999999999,452.61900000000014
14861,2035-04-23,1973,Home,West,5,22.68,0.16,Wallet,1,1.7,113.4,2035,4,April,15.876,79.38,34.02000000000001
14862,2035-04-24,1730,Electronics,East,4,222.36,0.27,COD,4,4.2,889.44,2035,4,April,155.652,622.608,266.8320000000001
14863,2035-04-25,1081,Clothing,East,6,449.55,0.25,Card,8,4.4,2697.3,2035,4,April,314.685,1888.1100000000001,809.19
14864,2035-04-26,1603,Electronics,West,2,60.62,0.11,COD,5,1.8,121.24,2035,4,April,42.434,84.868,36.372
14865,2035-04-27,1946,Electronics,West,1,346.89,0.04,Card,8,3.9,346.89,2035,4,April,242.82299999999998,242.82299999999998,104.06700000000001
14866,2035-04-28,1686,Electronics,South,7,266.01,0.09,Wallet,1,3.5,1862.07,2035,4,April,186.207,1303.449,558.6209999999999
14867,2035-04-29,1750,Beauty,North,3,25.31,0.05,Wallet,10,4.0,75.92999999999999,2035,4,April,17.717,53.150999999999996,22.778999999999996
14868,2035-04-30,1771,Electronics,West,1,153.05,0.1,COD,9,4.2,153.05,2035,4,April,107.135,107.135,45.915000000000006
14869,2035-05-01,1902,Electronics,South,4,181.6,0.09,COD,4,3.6,726.4,2035,5,May,127.11999999999999,508.47999999999996,217.92000000000002
14870,2035-05-02,1364,Electronics,East,7,80.44,0.22,Card,9,4.8,563.0799999999999,2035,5,May,56.30799999999999,394.15599999999995,168.92399999999998
14871,2035-05-03,1162,Electronics,East,3,384.45,0.33,COD,8,4.5,1153.35,2035,5,May,269.11499999999995,807.3449999999998,346.0050000000001
14872,2035-05-04,1047,Clothing,East,1,156.8,0.24,COD,8,1.9,156.8,2035,5,May,109.76,109.76,47.040000000000006
14873,2035-05-05,1510,Electronics,East,5,177.41,0.32,COD,2,4.7,887.05,2035,5,May,124.18699999999998,620.935,266.115
14874,2035-05-06,1328,Electronics,South,1,540.47,0.27,COD,3,2.4,540.47,2035,5,May,378.329,378.329,162.14100000000002
14875,2035-05-07,1839,Clothing,North,7,288.27,0.25,Wallet,10,3.9,2017.8899999999999,2035,5,May,201.789,1412.523,605.367
14876,2035-05-08,1115,Electronics,South,5,244.39,0.14,Card,9,4.4,1221.9499999999998,2035,5,May,171.07299999999998,855.3649999999999,366.5849999999999
14877,2035-05-09,1940,Home,North,7,438.46,0.11,Card,3,2.7,3069.22,2035,5,May,306.92199999999997,2148.4539999999997,920.7660000000001
14878,2035-05-10,1848,Clothing,East,2,547.12,0.3,COD,8,1.2,1094.24,2035,5,May,382.984,765.968,328.27200000000005
14879,2035-05-11,1336,Electronics,West,4,29.65,0.32,Wallet,5,4.8,118.6,2035,5,May,20.755,83.02,35.58
14880,2035-05-12,1880,Home,West,6,277.22,0.16,Wallet,7,1.3,1663.3200000000002,2035,5,May,194.054,1164.324,498.9960000000001
14881,2035-05-13,1736,Electronics,West,1,372.31,0.0,COD,4,2.4,372.31,2035,5,May,260.61699999999996,260.61699999999996,111.69300000000004
14882,2035-05-14,1863,Clothing,North,3,201.36,0.28,Wallet,8,3.4,604.08,2035,5,May,140.952,422.856,181.22400000000005
14883,2035-05-15,1839,Clothing,East,7,466.86,0.1,COD,4,1.5,3268.02,2035,5,May,326.80199999999996,2287.6139999999996,980.4060000000004
14884,2035-05-16,1146,Electronics,South,7,583.31,0.0,Card,5,4.4,4083.1699999999996,2035,5,May,408.31699999999995,2858.2189999999996,1224.951
14885,2035-05-17,1574,Clothing,West,4,566.91,0.28,COD,1,1.8,2267.64,2035,5,May,396.83699999999993,1587.3479999999997,680.2920000000001
14886,2035-05-18,1805,Beauty,North,1,170.6,0.18,Card,10,4.9,170.6,2035,5,May,119.41999999999999,119.41999999999999,51.18000000000001
14887,2035-05-19,1322,Beauty,West,3,147.41,0.24,Card,8,4.7,442.23,2035,5,May,103.187,309.561,132.66900000000004
14888,2035-05-20,1442,Clothing,South,3,575.13,0.32,Card,7,3.4,1725.3899999999999,2035,5,May,402.59099999999995,1207.773,517.617
14889,2035-05-21,1836,Clothing,East,7,283.3,0.19,Card,11,3.6,1983.1000000000001,2035,5,May,198.31,1388.17,594.9300000000001
14890,2035-05-22,1012,Electronics,South,6,136.85,0.18,Card,5,3.1,821.0999999999999,2035,5,May,95.79499999999999,574.77,246.32999999999993
14891,2035-05-23,1942,Electronics,East,7,428.59,0.1,Card,6,2.6,3000.1299999999997,2035,5,May,300.013,2100.091,900.0389999999998
14892,2035-05-24,1493,Clothing,East,6,181.39,0.11,Card,1,2.4,1088.34,2035,5,May,126.97299999999998,761.838,326.50199999999995
14893,2035-05-25,1700,Clothing,East,7,171.34,0.28,Card,8,4.6,1199.38,2035,5,May,119.93799999999999,839.5659999999999,359.8140000000002
14894,2035-05-26,1286,Beauty,West,7,529.36,0.16,COD,9,3.3,3705.52,2035,5,May,370.55199999999996,2593.8639999999996,1111.6560000000004
14895,2035-05-27,1719,Clothing,South,3,110.05,0.06,COD,11,4.3,330.15,2035,5,May,77.035,231.105,99.04499999999999
14896,2035-05-28,1113,Clothing,West,6,52.67,0.03,Wallet,5,3.1,316.02,2035,5,May,36.869,221.214,94.80599999999998
14897,2035-05-29,1479,Clothing,South,3,172.47,0.17,Wallet,10,2.2,517.41,2035,5,May,120.72899999999998,362.18699999999995,155.223
14898,2035-05-30,1021,Home,North,1,370.06,0.16,Card,7,1.4,370.06,2035,5,May,259.042,259.042,111.01800000000003
14899,2035-05-31,1348,Home,North,7,87.01,0.23,COD,10,2.3,609.07,2035,5,May,60.907,426.349,182.72100000000006
14900,2035-06-01,1725,Clothing,South,2,290.88,0.16,Card,4,4.5,581.76,2035,6,June,203.61599999999999,407.23199999999997,174.52800000000002
14901,2035-06-02,1682,Electronics,South,6,381.99,0.05,Card,6,3.8,2291.94,2035,6,June,267.393,1604.3579999999997,687.5820000000003
14902,2035-06-03,1834,Home,South,5,511.51,0.18,COD,2,4.1,2557.55,2035,6,June,358.05699999999996,1790.2849999999999,767.2650000000003
14903,2035-06-04,1565,Electronics,South,5,149.47,0.32,COD,4,4.1,747.35,2035,6,June,104.62899999999999,523.145,224.20500000000004
14904,2035-06-05,1905,Beauty,East,5,493.15,0.06,Wallet,5,1.5,2465.75,2035,6,June,345.205,1726.0249999999999,739.7250000000001
14905,2035-06-06,1809,Clothing,West,2,152.42,0.24,COD,9,1.6,304.84,2035,6,June,106.69399999999999,213.38799999999998,91.452
14906,2035-06-07,1319,Clothing,East,3,410.91,0.21,Card,9,2.3,1232.73,2035,6,June,287.637,862.9110000000001,369.81899999999996
14907,2035-06-08,1125,Clothing,West,3,266.94,0.26,Wallet,8,2.2,800.8199999999999,2035,6,June,186.85799999999998,560.574,240.24599999999998
14908,2035-06-09,1276,Home,West,4,82.09,0.05,COD,4,1.3,328.36,2035,6,June,57.463,229.852,98.50800000000001
14909,2035-06-10,1975,Electronics,West,5,432.84,0.33,Wallet,6,1.6,2164.2,2035,6,June,302.98799999999994,1514.9399999999996,649.2600000000002
14910,2035-06-11,1203,Beauty,East,5,142.39,0.22,COD,7,4.4,711.9499999999999,2035,6,June,99.67299999999999,498.36499999999995,213.58499999999998
14911,2035-06-12,1193,Clothing,South,3,118.32,0.3,Card,1,3.4,354.96,2035,6,June,82.82399999999998,248.47199999999995,106.48800000000003
14912,2035-06-13,1680,Electronics,East,5,224.62,0.09,Card,1,2.4,1123.1,2035,6,June,157.23399999999998,786.1699999999998,336.93000000000006
14913,2035-06-14,1663,Electronics,East,3,397.17,0.26,Card,4,3.1,1191.51,2035,6,June,278.019,834.057,357.453
14914,2035-06-15,1546,Clothing,West,7,151.89,0.27,Card,3,2.0,1063.23,2035,6,June,106.32299999999998,744.2609999999999,318.96900000000016
14915,2035-06-16,1695,Clothing,North,7,122.44,0.14,Card,10,3.3,857.0799999999999,2035,6,June,85.708,599.956,257.1239999999999
14916,2035-06-17,1285,Clothing,North,3,20.82,0.13,COD,4,1.3,62.46,2035,6,June,14.574,43.722,18.738
14917,2035-06-18,1056,Home,East,6,290.91,0.23,Wallet,9,4.6,1745.46,2035,6,June,203.637,1221.8220000000001,523.6379999999999
14918,2035-06-19,1733,Clothing,West,3,265.76,0.03,Wallet,2,2.0,797.28,2035,6,June,186.03199999999998,558.096,239.18399999999997
14919,2035-06-20,1302,Beauty,East,1,151.81,0.26,COD,4,4.3,151.81,2035,6,June,106.267,106.267,45.543000000000006
14920,2035-06-21,1162,Clothing,East,1,46.39,0.02,Card,7,3.6,46.39,2035,6,June,32.473,32.473,13.917000000000002
14921,2035-06-22,1018,Home,South,1,266.11,0.07,Card,2,3.1,266.11,2035,6,June,186.277,186.277,79.83300000000003
14922,2035-06-23,1369,Electronics,West,1,476.1,0.23,COD,8,4.7,476.1,2035,6,June,333.27,333.27,142.83000000000004
14923,2035-06-24,1263,Clothing,North,2,433.44,0.03,Card,10,1.6,866.88,2035,6,June,303.40799999999996,606.8159999999999,260.0640000000001
14924,2035-06-25,1793,Electronics,North,4,518.57,0.34,Wallet,4,1.5,2074.28,2035,6,June,362.999,1451.996,622.2840000000001
14925,2035-06-26,1112,Clothing,North,4,20.61,0.3,Wallet,9,2.3,82.44,2035,6,June,14.426999999999998,57.70799999999999,24.732000000000006
14926,2035-06-27,1487,Beauty,East,3,580.36,0.22,Card,1,4.3,1741.08,2035,6,June,406.252,1218.756,522.3239999999998
14927,2035-06-28,1326,Electronics,West,7,214.73,0.29,COD,7,1.1,1503.11,2035,6,June,150.31099999999998,1052.177,450.933
14928,2035-06-29,1541,Electronics,South,5,594.38,0.31,Card,1,2.0,2971.9,2035,6,June,416.066,2080.33,891.5700000000002
14929,2035-06-30,1646,Beauty,North,1,162.78,0.09,COD,11,2.7,162.78,2035,6,June,113.946,113.946,48.834
14930,2035-07-01,1578,Electronics,West,4,290.85,0.3,Card,10,3.9,1163.4,2035,7,July,203.595,814.38,349.0200000000001
14931,2035-07-02,1064,Home,North,4,222.05,0.07,Card,11,2.2,888.2,2035,7,July,155.435,621.74,266.46000000000004
14932,2035-07-03,1291,Clothing,South,1,223.12,0.14,COD,9,2.8,223.12,2035,7,July,156.184,156.184,66.936
14933,2035-07-04,1024,Home,West,7,507.74,0.2,COD,10,2.3,3554.1800000000003,2035,7,July,355.418,2487.926,1066.2540000000004
14934,2035-07-05,1548,Electronics,East,2,451.66,0.25,COD,10,1.4,903.32,2035,7,July,316.162,632.324,270.9960000000001
14935,2035-07-06,1000,Electronics,East,2,595.41,0.01,COD,1,4.0,1190.82,2035,7,July,416.787,833.574,357.246
14936,2035-07-07,1910,Clothing,North,4,373.91,0.1,COD,3,2.8,1495.64,2035,7,July,261.737,1046.948,448.692
14937,2035-07-08,1548,Beauty,North,2,286.01,0.21,COD,7,4.3,572.02,2035,7,July,200.207,400.414,171.606
14938,2035-07-09,1140,Clothing,West,6,67.69,0.13,Wallet,1,3.8,406.14,2035,7,July,47.382999999999996,284.298,121.84199999999998
14939,2035-07-10,1743,Electronics,South,1,597.99,0.27,Wallet,5,1.2,597.99,2035,7,July,418.59299999999996,418.59299999999996,179.39700000000005
14940,2035-07-11,1647,Clothing,North,7,337.65,0.23,COD,6,3.0,2363.5499999999997,2035,7,July,236.35499999999996,1654.4849999999997,709.065
14941,2035-07-12,1900,Beauty,West,4,424.78,0.08,COD,3,5.0,1699.12,2035,7,July,297.34599999999995,1189.3839999999998,509.7360000000001
14942,2035-07-13,1187,Home,South,1,252.94,0.05,COD,6,2.2,252.94,2035,7,July,177.058,177.058,75.882
14943,2035-07-14,1127,Beauty,North,2,335.41,0.22,Card,4,3.0,670.82,2035,7,July,234.787,469.574,201.24600000000004
14944,2035-07-15,1200,Electronics,North,1,566.41,0.16,Card,6,3.6,566.41,2035,7,July,396.48699999999997,396.48699999999997,169.923
14945,2035-07-16,1126,Electronics,West,2,112.36,0.06,Wallet,6,1.8,224.72,2035,7,July,78.652,157.304,67.416
14946,2035-07-17,1256,Clothing,North,7,186.04,0.11,Wallet,4,3.8,1302.28,2035,7,July,130.22799999999998,911.5959999999999,390.6840000000001
14947,2035-07-18,1675,Home,East,2,103.95,0.11,COD,1,3.6,207.9,2035,7,July,72.765,145.53,62.370000000000005
14948,2035-07-19,1546,Electronics,South,1,478.45,0.04,Card,3,2.5,478.45,2035,7,July,334.91499999999996,334.91499999999996,143.53500000000003
14949,2035-07-20,1193,Electronics,South,7,51.3,0.19,Card,11,2.1,359.09999999999997,2035,7,July,35.91,251.36999999999998,107.72999999999999
14950,2035-07-21,1702,Home,East,2,62.75,0.27,Card,10,4.7,125.5,2035,7,July,43.925,87.85,37.650000000000006
14951,2035-07-22,1103,Electronics,West,6,189.62,0.2,Card,7,1.5,1137.72,2035,7,July,132.734,796.404,341.31600000000003
14952,2035-07-23,1534,Clothing,East,3,315.8,0.29,COD,2,2.7,947.4000000000001,2035,7,July,221.06,663.1800000000001,284.22
14953,2035-07-24,1264,Clothing,East,1,252.67,0.04,Wallet,4,4.1,252.67,2035,7,July,176.86899999999997,176.86899999999997,75.80100000000002
14954,2035-07-25,1801,Clothing,South,3,41.22,0.15,Card,6,1.6,123.66,2035,7,July,28.853999999999996,86.56199999999998,37.09800000000001
14955,2035-07-26,1941,Home,West,1,575.13,0.21,COD,5,4.7,575.13,2035,7,July,402.59099999999995,402.59099999999995,172.53900000000004
14956,2035-07-27,1973,Clothing,North,2,572.43,0.24,Card,6,3.1,1144.86,2035,7,July,400.70099999999996,801.4019999999999,343.45799999999997
14957,2035-07-28,1383,Clothing,East,2,178.42,0.24,Wallet,5,3.0,356.84,2035,7,July,124.89399999999998,249.78799999999995,107.05200000000002
14958,2035-07-29,1259,Clothing,East,7,442.94,0.26,Wallet,9,2.7,3100.58,2035,7,July,310.058,2170.406,930.174
14959,2035-07-30,1413,Clothing,West,4,353.47,0.23,Card,11,4.5,1413.88,2035,7,July,247.429,989.716,424.1640000000001
14960,2035-07-31,1990,Clothing,East,6,153.92,0.03,Wallet,2,4.8,923.52,2035,7,July,107.74399999999999,646.4639999999999,277.05600000000004
14961,2035-08-01,1357,Electronics,West,4,168.37,0.24,COD,4,2.5,673.48,2035,8,August,117.859,471.436,202.04400000000004
14962,2035-08-02,1074,Electronics,North,3,302.32,0.25,Card,1,3.2,906.96,2035,8,August,211.624,634.872,272.0880000000001
14963,2035-08-03,1354,Electronics,West,2,260.25,0.35,COD,7,2.3,520.5,2035,8,August,182.17499999999998,364.34999999999997,156.15000000000003
14964,2035-08-04,1583,Electronics,North,4,185.37,0.24,Card,1,2.5,741.48,2035,8,August,129.759,519.036,222.44400000000007
14965,2035-08-05,1770,Clothing,West,2,487.39,0.24,COD,6,1.1,974.78,2035,8,August,341.17299999999994,682.3459999999999,292.4340000000001
14966,2035-08-06,1909,Home,East,1,296.66,0.18,Wallet,10,4.1,296.66,2035,8,August,207.662,207.662,88.99800000000002
14967,2035-08-07,1187,Home,North,4,398.09,0.3,COD,10,4.9,1592.36,2035,8,August,278.66299999999995,1114.6519999999998,477.7080000000001
14968,2035-08-08,1972,Home,East,3,125.72,0.35,Card,9,4.1,377.15999999999997,2035,8,August,88.00399999999999,264.01199999999994,113.14800000000002
14969,2035-08-09,1684,Clothing,North,7,327.1,0.27,Card,2,3.1,2289.7000000000003,2035,8,August,228.97,1602.79,686.9100000000003
14970,2035-08-10,1991,Clothing,West,4,201.02,0.21,Card,1,4.3,804.08,2035,8,August,140.714,562.856,241.22400000000005
14971,2035-08-11,1289,Clothing,West,2,322.95,0.03,Card,11,4.4,645.9,2035,8,August,226.06499999999997,452.12999999999994,193.77000000000004
14972,2035-08-12,1044,Electronics,West,5,471.78,0.25,Card,11,3.2,2358.8999999999996,2035,8,August,330.246,1651.23,707.6699999999996
14973,2035-08-13,1572,Electronics,South,5,464.81,0.25,COD,11,4.7,2324.05,2035,8,August,325.36699999999996,1626.8349999999998,697.2150000000004
14974,2035-08-14,1082,Clothing,South,7,222.22,0.27,COD,10,1.1,1555.54,2035,8,August,155.554,1088.878,466.66200000000003
14975,2035-08-15,1122,Beauty,North,7,421.15,0.04,COD,3,1.0,2948.0499999999997,2035,8,August,294.80499999999995,2063.6349999999998,884.415
14976,2035-08-16,1357,Electronics,South,6,565.65,0.23,Card,6,1.3,3393.8999999999996,2035,8,August,395.955,2375.73,1018.1699999999996
14977,2035-08-17,1527,Electronics,West,7,381.02,0.1,Card,7,1.2,2667.14,2035,8,August,266.714,1866.998,800.1419999999998
14978,2035-08-18,1065,Home,South,2,101.82,0.27,Card,11,2.7,203.64,2035,8,August,71.27399999999999,142.54799999999997,61.09200000000001
14979,2035-08-19,1935,Electronics,South,1,412.63,0.08,Card,8,4.8,412.63,2035,8,August,288.84099999999995,288.84099999999995,123.78900000000004
14980,2035-08-20,1656,Home,East,4,76.37,0.24,Card,4,3.7,305.48,2035,8,August,53.459,213.836,91.644
14981,2035-08-21,1374,Home,North,7,525.18,0.1,Card,8,3.6,3676.2599999999998,2035,8,August,367.6259999999999,2573.3819999999996,1102.8780000000002
14982,2035-08-22,1161,Beauty,North,5,317.25,0.0,COD,7,2.5,1586.25,2035,8,August,222.075,1110.375,475.875
14983,2035-08-23,1745,Clothing,North,1,240.31,0.22,Wallet,11,3.1,240.31,2035,8,August,168.21699999999998,168.21699999999998,72.09300000000002
14984,2035-08-24,1379,Home,South,2,48.35,0.04,COD,8,2.2,96.7,2035,8,August,33.845,67.69,29.010000000000005
14985,2035-08-25,1655,Clothing,West,1,237.76,0.23,COD,5,3.1,237.76,2035,8,August,166.432,166.432,71.328
14986,2035-08-26,1357,Clothing,East,2,543.38,0.32,Card,10,4.0,1086.76,2035,8,August,380.366,760.732,326.028
14987,2035-08-27,1187,Clothing,North,6,27.28,0.34,Wallet,7,3.2,163.68,2035,8,August,19.096,114.576,49.10400000000001
14988,2035-08-28,1321,Electronics,South,4,292.67,0.08,Card,4,2.7,1170.68,2035,8,August,204.869,819.476,351.20400000000006
14989,2035-08-29,1449,Clothing,West,1,559.73,0.28,Card,1,4.4,559.73,2035,8,August,391.811,391.811,167.91900000000004
14990,2035-08-30,1473,Clothing,East,4,245.98,0.12,Card,3,2.1,983.92,2035,8,August,172.18599999999998,688.7439999999999,295.17600000000004
14991,2035-08-31,1012,Home,East,1,265.48,0.32,Card,10,2.9,265.48,2035,8,August,185.836,185.836,79.644
14992,2035-09-01,1183,Home,North,2,353.46,0.28,COD,9,4.9,706.92,2035,9,September,247.42199999999997,494.84399999999994,212.07600000000002
14993,2035-09-02,1110,Home,North,2,285.82,0.03,Wallet,11,4.9,571.64,2035,9,September,200.07399999999998,400.14799999999997,171.49200000000002
14994,2035-09-03,1926,Electronics,West,1,113.63,0.14,COD,4,1.0,113.63,2035,9,September,79.541,79.541,34.089
14995,2035-09-04,1507,Home,South,6,25.85,0.12,Card,5,3.1,155.10000000000002,2035,9,September,18.095,108.57,46.53000000000003
14996,2035-09-05,1289,Clothing,West,2,371.74,0.27,COD,3,2.3,743.48,2035,9,September,260.218,520.436,223.04399999999998
14997,2035-09-06,1294,Beauty,North,3,553.67,0.14,COD,11,2.2,1661.0099999999998,2035,9,September,387.56899999999996,1162.7069999999999,498.3029999999999
14998,2035-09-07,1450,Beauty,West,3,77.22,0.24,Wallet,6,3.4,231.66,2035,9,September,54.053999999999995,162.16199999999998,69.49800000000002
14999,2035-09-08,1903,Electronics,South,4,138.41,0.21,COD,4,2.8,553.64,2035,9,September,96.88699999999999,387.54799999999994,166.09200000000004
15000,2035-09-09,1214,Home,East,7,231.58,0.34,COD,5,3.9,1621.0600000000002,2035,9,September,162.106,1134.742,486.3180000000002
